account.NUM_UNIQUE(transaction.trans_operation);loan_status;account.SKEW(transaction.trans_day);account.MEAN(transaction.trans_day);account.SUM(disp.client.district.MIN(account.account_year));account.MODE(disp.client.MODE(disp.type)) = DISPONENT;account.MODE(disp.client.MODE(disp.type)) = OWNER;account.SUM(disp.client.district.MEAN(client.NUM_UNIQUE(disp.type)));account.NUM_UNIQUE(disp.type);account.SUM(disp.client.district.NUM_UNIQUE(account.disp.type));account.MODE(disp.type) = DISPONENT;account.COUNT(disp);account.SUM(disp.client.district.MAX(client.COUNT(disp)));account.SUM(disp.client.district.MAX(client.NUM_UNIQUE(disp.type)));account.SUM(disp.client.district.NUM_UNIQUE(client.WEEKDAY(client_birth_number)));account.SUM(disp.client.district.NUM_UNIQUE(client.MODE(disp.type)));account.SUM(disp.client.district.MIN(client.NUM_UNIQUE(disp.type)));account.SUM(disp.client.district.MIN(client.COUNT(disp)));account.MODE(disp.type) = OWNER;account.NUM_UNIQUE(disp.client.MODE(disp.type));account.SUM(disp.client.district.MEAN(client.COUNT(disp)));account.SUM(disp.client.NUM_UNIQUE(disp.type));account.SUM(disp.client.district.MAX(account.account_year));account.SUM(disp.client.COUNT(disp));account.SUM(disp.client.district.NUM_UNIQUE(client.disp.type));account.SUM(disp.client.district.MAX(client.client_gender));account.NUM_UNIQUE(disp.client.YEAR(client_birth_number));account.NUM_UNIQUE(disp.client.DAY(client_birth_number));account.NUM_UNIQUE(disp.client.MONTH(client_birth_number));account.SUM(disp.client.district.MAX(client.client_age));account.SUM(disp.client.district.MAX(account.account_frequency));account.NUM_UNIQUE(disp.client.WEEKDAY(client_birth_number))
0.0;0;0.6550079164813097;0.6084794556398849;0.0;0.0;1.0;0.0;0.0;0.0;0.0;0.0;0.0;0.0;0.0;0.0;0.0;0.0;1.0;0.0;0.0;0.0;0.0;0.0;0.0;0.0;0.0;0.0;0.0;0.078125;0.3333333333333333;0.0
0.6000000000000001;1;0.6856580089665033;0.3794110781810338;0.0;0.0;1.0;0.0;0.0;0.0;0.0;0.0;0.0;0.0;0.0;0.0;0.0;0.0;1.0;0.0;0.0;0.0;0.0;0.0;0.0;0.0;0.0;0.0;0.0;0.0859375;0.3333333333333333;0.0
0.8;1;0.8108943909726527;0.2831392305679141;0.0;0.0;1.0;0.0;0.0;0.0;0.0;0.0;0.0;0.0;0.0;0.0;0.0;0.0;1.0;0.0;0.0;0.0;0.0;0.0;0.0;0.0;0.0;0.0;0.0;0.0703125;0.3333333333333333;0.0
0.8;1;0.5527795417122973;0.5737764982988747;0.0;0.0;1.0;0.0;0.0;0.0;0.0;0.0;0.0;0.0;0.0;0.0;0.0;0.0;1.0;0.0;0.0;0.0;0.0;0.0;0.0;0.0;0.0;0.0;0.0;0.1171875;0.3333333333333333;0.0
0.8;1;0.8675541224182132;0.46759138096484354;0.0;0.0;1.0;0.0;0.0;0.0;0.0;0.0;0.0;0.0;0.0;0.0;0.0;0.0;1.0;0.0;0.0;0.0;0.0;0.0;0.0;0.0;0.0;0.0;0.0;0.078125;0.3333333333333333;0.0
0.6000000000000001;1;0.6718961039422124;0.6006281078251767;0.9999999999999999;1.0;0.0;1.0;1.0;1.0;1.0;1.0;1.0;1.0;1.0;1.0;1.0;1.0;0.0;1.0;1.0;1.0;0.9999999999999999;1.0;1.0;1.0;1.0;1.0;1.0;1.0;1.0;0.0
0.6000000000000001;1;0.8332448362295667;0.2173727807769792;0.0;0.0;1.0;0.0;0.0;0.0;0.0;0.0;0.0;0.0;0.0;0.0;0.0;0.0;1.0;0.0;0.0;0.0;0.0;0.0;0.0;0.0;0.0;0.0;0.0;0.0625;0.3333333333333333;0.0
0.4000000000000001;0;0.6186639594062108;0.5876243130070662;0.0;0.0;1.0;0.0;0.0;0.0;0.0;0.0;0.0;0.0;0.0;0.0;0.0;0.0;1.0;0.0;0.0;0.0;0.0;0.0;0.0;0.0;0.0;0.0;0.0;0.0546875;0.3333333333333333;0.0
0.4000000000000001;1;0.6176694479219319;0.5375719706883015;0.0;0.0;1.0;0.0;0.0;0.0;0.0;0.0;0.0;0.0;0.0;0.0;0.0;0.0;1.0;0.0;0.0;0.0;0.0;0.0;0.0;0.0;0.0;0.0;0.0;0.0546875;0.3333333333333333;0.0
0.6000000000000001;1;0.7606429957080112;0.5725444406417972;0.0;0.0;1.0;0.0;0.0;0.0;0.0;0.0;0.0;0.0;0.0;0.0;0.0;0.0;1.0;0.0;0.0;0.0;0.0;0.0;0.0;0.0;0.0;0.0;0.0;0.1171875;0.3333333333333333;0.0
0.6000000000000001;1;0.7576291560439792;0.3949227950798222;0.9999999999999999;1.0;0.0;1.0;1.0;1.0;1.0;1.0;1.0;1.0;1.0;1.0;1.0;1.0;0.0;1.0;1.0;1.0;0.9999999999999999;1.0;1.0;1.0;1.0;1.0;1.0;0.875;1.0;1.0
0.6000000000000001;1;0.7501904498049164;0.4926350407134359;0.0;0.0;1.0;0.0;0.0;0.0;0.0;0.0;0.0;0.0;0.0;0.0;0.0;0.0;1.0;0.0;0.0;0.0;0.0;0.0;0.0;0.0;0.0;0.0;0.0;0.078125;0.3333333333333333;0.0
0.4000000000000001;0;0.5682987752563023;0.53192881444648;0.0;0.0;1.0;0.0;0.0;0.0;0.0;0.0;0.0;0.0;0.0;0.0;0.0;0.0;1.0;0.0;0.0;0.0;0.0;0.0;0.0;0.0;0.0;0.0;0.0;0.0703125;0.0;0.0
0.6000000000000001;1;0.7708992016504829;0.18698604663976093;0.0;0.0;1.0;0.0;0.0;0.0;0.0;0.0;0.0;0.0;0.0;0.0;0.0;0.0;1.0;0.0;0.0;0.0;0.0;0.0;0.0;0.0;0.0;0.0;0.0;0.078125;0.3333333333333333;0.0
0.4000000000000001;1;0.5895194404742798;0.6169990032686108;0.0;0.0;1.0;0.0;0.0;0.0;0.0;0.0;0.0;0.0;0.0;0.0;0.0;0.0;1.0;0.0;0.0;0.0;0.0;0.0;0.0;0.0;0.0;0.0;0.0;0.0625;0.3333333333333333;0.0
0.6000000000000001;1;0.6142550628537075;0.4368714248326915;0.0;0.0;1.0;0.0;0.0;0.0;0.0;0.0;0.0;0.0;0.0;0.0;0.0;0.0;1.0;0.0;0.0;0.0;0.0;0.0;0.0;0.0;0.0;0.0;0.0;0.0859375;0.3333333333333333;0.0
0.8;1;0.9979886483079268;0.13739858675739336;0.0;0.0;1.0;0.0;0.0;0.0;0.0;0.0;0.0;0.0;0.0;0.0;0.0;0.0;1.0;0.0;0.0;0.0;0.0;0.0;0.0;0.0;0.0;0.0;0.0;0.0703125;0.3333333333333333;0.0
0.8;1;0.5584076201625401;0.7074335117183623;0.0;0.0;1.0;0.0;0.0;0.0;0.0;0.0;0.0;0.0;0.0;0.0;0.0;0.0;1.0;0.0;0.0;0.0;0.0;0.0;0.0;0.0;0.0;0.0;0.0;0.1171875;0.3333333333333333;0.0
0.4000000000000001;1;0.7085042218019257;0.5862339701648784;0.0;0.0;1.0;0.0;0.0;0.0;0.0;0.0;0.0;0.0;0.0;0.0;0.0;0.0;1.0;0.0;0.0;0.0;0.0;0.0;0.0;0.0;0.0;0.0;0.0;0.078125;0.3333333333333333;0.0
0.4000000000000001;0;0.6504266657444848;0.44889227723222924;0.0;0.0;1.0;0.0;0.0;0.0;0.0;0.0;0.0;0.0;0.0;0.0;0.0;0.0;1.0;0.0;0.0;0.0;0.0;0.0;0.0;0.0;0.0;0.0;0.0;0.0625;0.3333333333333333;0.0
0.8;1;0.5645823721412917;0.5602809037773708;0.9999999999999999;1.0;0.0;1.0;1.0;1.0;1.0;1.0;1.0;1.0;1.0;1.0;1.0;1.0;0.0;1.0;1.0;1.0;0.9999999999999999;1.0;1.0;1.0;1.0;1.0;1.0;0.96875;1.0;1.0
0.8;1;0.5630707326719653;0.5602809037773708;0.9999999999999999;1.0;0.0;1.0;1.0;1.0;1.0;1.0;1.0;1.0;1.0;1.0;1.0;1.0;0.0;1.0;1.0;1.0;0.9999999999999999;1.0;1.0;1.0;1.0;1.0;1.0;0.96875;1.0;1.0
0.4000000000000001;1;0.46458715166841413;0.684357892397099;0.0;0.0;1.0;0.0;0.0;0.0;0.0;0.0;0.0;0.0;0.0;0.0;0.0;0.0;1.0;0.0;0.0;0.0;0.0;0.0;0.0;0.0;0.0;0.0;0.0;0.1171875;0.3333333333333333;0.0
0.4000000000000001;1;0.6490497037643985;0.4636125136441105;0.0;0.0;1.0;0.0;0.0;0.0;0.0;0.0;0.0;0.0;0.0;0.0;0.0;0.0;1.0;0.0;0.0;0.0;0.0;0.0;0.0;0.0;0.0;0.0;0.0;0.078125;0.3333333333333333;0.0
0.4000000000000001;1;0.7723259272733912;0.2925935618947919;0.0;0.0;1.0;0.0;0.0;0.0;0.0;0.0;0.0;0.0;0.0;0.0;0.0;0.0;1.0;0.0;0.0;0.0;0.0;0.0;0.0;0.0;0.0;0.0;0.0;0.1328125;0.3333333333333333;0.0
0.6000000000000001;1;0.6173688365055208;0.5271823178130428;0.9999999999999999;1.0;0.0;1.0;1.0;1.0;1.0;1.0;1.0;1.0;1.0;1.0;1.0;1.0;0.0;1.0;1.0;1.0;0.9999999999999999;1.0;1.0;1.0;1.0;1.0;1.0;0.859375;1.0;1.0
0.6000000000000001;1;0.7873766415030622;0.2512431300706621;0.0;0.0;1.0;0.0;0.0;0.0;0.0;0.0;0.0;0.0;0.0;0.0;0.0;0.0;1.0;0.0;0.0;0.0;0.0;0.0;0.0;0.0;0.0;0.0;0.0;0.0703125;0.3333333333333333;0.0
0.8;1;0.697420143669943;0.4515251970106722;0.0;0.0;1.0;0.0;0.0;0.0;0.0;0.0;0.0;0.0;0.0;0.0;0.0;0.0;1.0;0.0;0.0;0.0;0.0;0.0;0.0;0.0;0.0;0.0;0.0;0.078125;0.3333333333333333;0.0
0.6000000000000001;0;0.6532912836499145;0.35106740942909487;0.0;0.0;1.0;0.0;0.0;0.0;0.0;0.0;0.0;0.0;0.0;0.0;0.0;0.0;1.0;0.0;0.0;0.0;0.0;0.0;0.0;0.0;0.0;0.0;0.0;0.0546875;0.3333333333333333;0.0
0.4000000000000001;1;0.9482174412360177;0.270626144988223;0.9999999999999999;1.0;0.0;1.0;1.0;1.0;1.0;1.0;1.0;1.0;1.0;1.0;1.0;1.0;0.0;1.0;1.0;1.0;0.9999999999999999;1.0;1.0;1.0;1.0;1.0;1.0;1.0;1.0;1.0
0.6000000000000001;1;0.661333237965839;0.3809688087364087;0.0;0.0;1.0;0.0;0.0;0.0;0.0;0.0;0.0;0.0;0.0;0.0;0.0;0.0;1.0;0.0;0.0;0.0;0.0;0.0;0.0;0.0;0.0;0.0;0.0;0.078125;0.3333333333333333;0.0
0.4000000000000001;1;0.9029470250275253;0.20806071708976703;0.0;0.0;1.0;0.0;0.0;0.0;0.0;0.0;0.0;0.0;0.0;0.0;0.0;0.0;1.0;0.0;0.0;0.0;0.0;0.0;0.0;0.0;0.0;0.0;0.0;0.078125;0.3333333333333333;0.0
0.6000000000000001;1;0.7684219753172632;0.27575055146371574;0.9999999999999999;1.0;0.0;1.0;1.0;1.0;1.0;1.0;1.0;1.0;1.0;1.0;1.0;1.0;0.0;1.0;1.0;1.0;0.9999999999999999;1.0;1.0;1.0;1.0;1.0;1.0;0.890625;1.0;1.0
0.6000000000000001;1;0.6400660259006875;0.406961528395708;0.0;0.0;1.0;0.0;0.0;0.0;0.0;0.0;0.0;0.0;0.0;0.0;0.0;0.0;1.0;0.0;0.0;0.0;0.0;0.0;0.0;0.0;0.0;0.0;0.0;0.109375;0.3333333333333333;0.0
0.4000000000000001;1;0.611411400959001;0.5097367395008252;0.0;0.0;1.0;0.0;0.0;0.0;0.0;0.0;0.0;0.0;0.0;0.0;0.0;0.0;1.0;0.0;0.0;0.0;0.0;0.0;0.0;0.0;0.0;0.0;0.0;0.125;0.3333333333333333;0.0
0.8;1;0.5607897894236956;0.571403646514874;0.9999999999999999;1.0;0.0;1.0;1.0;1.0;1.0;1.0;1.0;1.0;1.0;1.0;1.0;1.0;0.0;1.0;1.0;1.0;0.9999999999999999;1.0;1.0;1.0;1.0;1.0;1.0;0.875;1.0;1.0
0.6000000000000001;1;0.5828659577984829;0.5244409549565268;0.9999999999999999;1.0;0.0;1.0;1.0;1.0;1.0;1.0;1.0;1.0;1.0;1.0;1.0;1.0;0.0;1.0;1.0;1.0;0.9999999999999999;1.0;1.0;1.0;1.0;1.0;1.0;0.734375;1.0;1.0
0.4000000000000001;1;0.5663988666348293;0.4656070418849132;0.0;0.0;1.0;0.0;0.0;0.0;0.0;0.0;0.0;0.0;0.0;0.0;0.0;0.0;1.0;0.0;0.0;0.0;0.0;0.0;0.0;0.0;0.0;0.0;0.0;0.0703125;0.3333333333333333;0.0
0.4000000000000001;1;0.6150902125167373;0.40151196419520363;0.9999999999999999;1.0;0.0;1.0;1.0;1.0;1.0;1.0;1.0;1.0;1.0;1.0;1.0;1.0;0.0;1.0;1.0;1.0;0.9999999999999999;1.0;1.0;1.0;1.0;1.0;1.0;0.84375;1.0;0.0
0.8;1;0.7674820772432271;0.4559389838112686;0.0;0.0;1.0;0.0;0.0;0.0;0.0;0.0;0.0;0.0;0.0;0.0;0.0;0.0;1.0;0.0;0.0;0.0;0.0;0.0;0.0;0.0;0.0;0.0;0.0;0.078125;0.3333333333333333;0.0
0.6000000000000001;1;0.6053748839959737;0.5686003536298121;0.0;0.0;1.0;0.0;0.0;0.0;0.0;0.0;0.0;0.0;0.0;0.0;0.0;0.0;1.0;0.0;0.0;0.0;0.0;0.0;0.0;0.0;0.0;0.0;0.0;0.0625;0.3333333333333333;0.0
0.4000000000000001;0;0.0889649803851662;1.0;0.0;0.0;1.0;0.0;0.0;0.0;0.0;0.0;0.0;0.0;0.0;0.0;0.0;0.0;1.0;0.0;0.0;0.0;0.0;0.0;0.0;0.0;0.0;0.0;0.0;0.0703125;0.3333333333333333;0.0
0.6000000000000001;1;0.671255542390891;0.49418368544071334;0.9999999999999999;1.0;0.0;1.0;1.0;1.0;1.0;1.0;1.0;1.0;1.0;1.0;1.0;1.0;0.0;1.0;1.0;1.0;0.9999999999999999;1.0;1.0;1.0;1.0;1.0;1.0;0.875;0.3333333333333333;1.0
0.4000000000000001;1;0.5372134949975671;0.49111534261657463;0.0;0.0;1.0;0.0;0.0;0.0;0.0;0.0;0.0;0.0;0.0;0.0;0.0;0.0;1.0;0.0;0.0;0.0;0.0;0.0;0.0;0.0;0.0;0.0;0.0;0.078125;0.3333333333333333;0.0
0.6000000000000001;1;0.7125180443378509;0.42024842469752177;0.0;0.0;1.0;0.0;0.0;0.0;0.0;0.0;0.0;0.0;0.0;0.0;0.0;0.0;1.0;0.0;0.0;0.0;0.0;0.0;0.0;0.0;0.0;0.0;0.0;0.078125;0.3333333333333333;0.0
0.6000000000000001;1;0.6630304780014066;0.3780797846487456;0.9999999999999999;1.0;0.0;1.0;1.0;1.0;1.0;1.0;1.0;1.0;1.0;1.0;1.0;1.0;0.0;1.0;1.0;1.0;0.9999999999999999;1.0;1.0;1.0;1.0;1.0;1.0;0.9375;1.0;1.0
0.6000000000000001;1;0.7783391641945553;0.1541581945926358;0.9999999999999999;1.0;0.0;1.0;1.0;1.0;1.0;1.0;1.0;1.0;1.0;1.0;1.0;1.0;0.0;1.0;1.0;1.0;0.9999999999999999;1.0;1.0;1.0;1.0;1.0;1.0;0.96875;1.0;1.0
0.8;1;0.7522207029713569;0.3805487890805872;0.0;0.0;1.0;0.0;0.0;0.0;0.0;0.0;0.0;0.0;0.0;0.0;0.0;0.0;1.0;0.0;0.0;0.0;0.0;0.0;0.0;0.0;0.0;0.0;0.0;0.078125;0.3333333333333333;0.0
0.4000000000000001;1;0.7402070795967651;0.21942011392806826;0.0;0.0;1.0;0.0;0.0;0.0;0.0;0.0;0.0;0.0;0.0;0.0;0.0;0.0;1.0;0.0;0.0;0.0;0.0;0.0;0.0;0.0;0.0;0.0;0.0;0.0703125;0.3333333333333333;0.0
0.4000000000000001;0;0.47986852000948516;0.6287621041612144;0.0;0.0;1.0;0.0;0.0;0.0;0.0;0.0;0.0;0.0;0.0;0.0;0.0;0.0;1.0;0.0;0.0;0.0;0.0;0.0;0.0;0.0;0.0;0.0;0.0;0.0703125;0.3333333333333333;0.0
0.4000000000000001;1;0.7475855288260178;0.36317788607765045;0.0;0.0;1.0;0.0;0.0;0.0;0.0;0.0;0.0;0.0;0.0;0.0;0.0;0.0;1.0;0.0;0.0;0.0;0.0;0.0;0.0;0.0;0.0;0.0;0.0;0.0703125;0.3333333333333333;0.0
0.6000000000000001;1;0.8090985449541299;0.2601477074702703;0.0;0.0;1.0;0.0;0.0;0.0;0.0;0.0;0.0;0.0;0.0;0.0;0.0;0.0;1.0;0.0;0.0;0.0;0.0;0.0;0.0;0.0;0.0;0.0;0.0;0.0703125;0.3333333333333333;0.0
0.6000000000000001;1;0.6919116003456655;0.4193928291023292;0.9999999999999999;1.0;0.0;1.0;1.0;1.0;1.0;1.0;1.0;1.0;1.0;1.0;1.0;1.0;0.0;1.0;1.0;1.0;0.9999999999999999;1.0;1.0;1.0;1.0;1.0;1.0;0.890625;1.0;0.0
0.6000000000000001;1;0.6839820927601923;0.330541742999215;0.9999999999999999;1.0;0.0;1.0;1.0;1.0;1.0;1.0;1.0;1.0;1.0;1.0;1.0;1.0;0.0;1.0;1.0;1.0;0.9999999999999999;1.0;1.0;1.0;1.0;1.0;0.0;0.875;1.0;1.0
0.8;1;0.6731082048624539;0.3868190825139266;0.0;0.0;1.0;0.0;0.0;0.0;0.0;0.0;0.0;0.0;0.0;0.0;0.0;0.0;1.0;0.0;0.0;0.0;0.0;0.0;0.0;0.0;0.0;0.0;0.0;0.078125;0.3333333333333333;0.0
0.4000000000000001;1;0.6704648688453709;0.35187308093523195;0.0;0.0;1.0;0.0;0.0;0.0;0.0;0.0;0.0;0.0;0.0;0.0;0.0;0.0;1.0;0.0;0.0;0.0;0.0;0.0;0.0;0.0;0.0;0.0;0.0;0.046875;0.3333333333333333;0.0
0.4000000000000001;1;0.49555032905441543;0.6488973095310939;0.0;0.0;1.0;0.0;0.0;0.0;0.0;0.0;0.0;0.0;0.0;0.0;0.0;0.0;1.0;0.0;0.0;0.0;0.0;0.0;0.0;0.0;0.0;0.0;0.0;0.078125;0.3333333333333333;0.0
0.6000000000000001;1;0.7692720405056903;0.18915205443601157;0.0;0.0;1.0;0.0;0.0;0.0;0.0;0.0;0.0;0.0;0.0;0.0;0.0;0.0;1.0;0.0;0.0;0.0;0.0;0.0;0.0;0.0;0.0;0.0;0.0;0.078125;0.3333333333333333;0.0
0.6000000000000001;0;0.4406475985199173;0.7682424876876592;0.0;0.0;1.0;0.0;0.0;0.0;0.0;0.0;0.0;0.0;0.0;0.0;0.0;0.0;1.0;0.0;0.0;0.0;0.0;0.0;0.0;0.0;0.0;0.0;0.0;0.0625;0.3333333333333333;0.0
0.4000000000000001;1;0.49973641360761933;0.7019104946349122;0.0;0.0;1.0;0.0;0.0;0.0;0.0;0.0;0.0;0.0;0.0;0.0;0.0;0.0;1.0;0.0;0.0;0.0;0.0;0.0;0.0;0.0;0.0;0.0;0.0;0.0703125;0.3333333333333333;0.0
0.4000000000000001;1;0.7184427202496517;0.34752279910615447;0.0;0.0;1.0;0.0;0.0;0.0;0.0;0.0;0.0;0.0;0.0;0.0;0.0;0.0;1.0;0.0;0.0;0.0;0.0;0.0;0.0;0.0;0.0;0.0;0.0;0.0859375;0.3333333333333333;0.0
0.4000000000000001;1;0.1961267324506369;0.9354880921224809;0.0;0.0;1.0;0.0;0.0;0.0;0.0;0.0;0.0;0.0;0.0;0.0;0.0;0.0;1.0;0.0;0.0;0.0;0.0;0.0;0.0;0.0;0.0;0.0;0.0;0.1171875;0.3333333333333333;0.0
0.6000000000000001;0;0.7454489242951059;0.4088356495548686;0.0;0.0;1.0;0.0;0.0;0.0;0.0;0.0;0.0;0.0;0.0;0.0;0.0;0.0;1.0;0.0;0.0;0.0;0.0;0.0;0.0;0.0;0.0;0.0;0.0;0.0625;0.3333333333333333;0.0
0.8;1;0.7613801777771202;0.5533493394626947;0.0;0.0;1.0;0.0;0.0;0.0;0.0;0.0;0.0;0.0;0.0;0.0;0.0;0.0;1.0;0.0;0.0;0.0;0.0;0.0;0.0;0.0;0.0;0.0;0.0;0.0703125;0.3333333333333333;0.0
0.6000000000000001;1;0.5649199571398048;0.47070096495597324;0.0;0.0;1.0;0.0;0.0;0.0;0.0;0.0;0.0;0.0;0.0;0.0;0.0;0.0;1.0;0.0;0.0;0.0;0.0;0.0;0.0;0.0;0.0;0.0;0.0;0.078125;0.3333333333333333;0.0
0.8;1;0.8523032149432324;0.20011590084869335;0.0;0.0;1.0;0.0;0.0;0.0;0.0;0.0;0.0;0.0;0.0;0.0;0.0;0.0;1.0;0.0;0.0;0.0;0.0;0.0;0.0;0.0;0.0;0.0;0.0;0.078125;0.3333333333333333;0.0
0.6000000000000001;1;0.6288089246273485;0.4350524800617088;0.0;0.0;1.0;0.0;0.0;0.0;0.0;0.0;0.0;0.0;0.0;0.0;0.0;0.0;1.0;0.0;0.0;0.0;0.0;0.0;0.0;0.0;0.0;0.0;0.0;0.078125;0.3333333333333333;0.0
0.6000000000000001;1;0.8533585419348365;0.15147980838159825;0.0;0.0;1.0;0.0;0.0;0.0;0.0;0.0;0.0;0.0;0.0;0.0;0.0;0.0;1.0;0.0;0.0;0.0;0.0;0.0;0.0;0.0;0.0;0.0;0.0;0.078125;0.3333333333333333;0.0
0.4000000000000001;0;0.630377552675166;0.4036675721286176;0.0;0.0;1.0;0.0;0.0;0.0;0.0;0.0;0.0;0.0;0.0;0.0;0.0;0.0;1.0;0.0;0.0;0.0;0.0;0.0;0.0;0.0;0.0;0.0;0.0;0.046875;0.3333333333333333;0.0
0.6000000000000001;1;0.6072831764979514;0.4082700863648261;0.9999999999999999;1.0;0.0;1.0;1.0;1.0;1.0;1.0;1.0;1.0;1.0;1.0;1.0;1.0;0.0;1.0;1.0;1.0;0.9999999999999999;1.0;1.0;1.0;1.0;1.0;1.0;0.875;0.3333333333333333;0.0
0.6000000000000001;1;0.6138687711652949;0.45121354528179514;0.0;0.0;1.0;0.0;0.0;0.0;0.0;0.0;0.0;0.0;0.0;0.0;0.0;0.0;1.0;0.0;0.0;0.0;0.0;0.0;0.0;0.0;0.0;0.0;0.0;0.046875;0.3333333333333333;0.0
0.6000000000000001;1;0.7457940381730142;0.34618966178341215;0.0;0.0;1.0;0.0;0.0;0.0;0.0;0.0;0.0;0.0;0.0;0.0;0.0;0.0;1.0;0.0;0.0;0.0;0.0;0.0;0.0;0.0;0.0;0.0;0.0;0.078125;0.3333333333333333;0.0
0.6000000000000001;0;0.627163926115904;0.44546745551975486;0.0;0.0;1.0;0.0;0.0;0.0;0.0;0.0;0.0;0.0;0.0;0.0;0.0;0.0;1.0;0.0;0.0;0.0;0.0;0.0;0.0;0.0;0.0;0.0;0.0;0.0703125;0.3333333333333333;0.0
0.6000000000000001;1;0.6766329300158314;0.40490925762399765;0.0;0.0;1.0;0.0;0.0;0.0;0.0;0.0;0.0;0.0;0.0;0.0;0.0;0.0;1.0;0.0;0.0;0.0;0.0;0.0;0.0;0.0;0.0;0.0;0.0;0.109375;0.3333333333333333;0.0
0.4000000000000001;0;0.669521848564592;0.4051418149699031;0.0;0.0;1.0;0.0;0.0;0.0;0.0;0.0;0.0;0.0;0.0;0.0;0.0;0.0;1.0;0.0;0.0;0.0;0.0;0.0;0.0;0.0;0.0;0.0;0.0;0.0625;0.3333333333333333;0.0
0.8;1;0.6564612108232298;0.4259592675859154;0.0;0.0;1.0;0.0;0.0;0.0;0.0;0.0;0.0;0.0;0.0;0.0;0.0;0.0;1.0;0.0;0.0;0.0;0.0;0.0;0.0;0.0;0.0;0.0;0.0;0.1171875;0.3333333333333333;0.0
0.6000000000000001;1;0.8019420643623316;0.09948156179509238;0.0;0.0;1.0;0.0;0.0;0.0;0.0;0.0;0.0;0.0;0.0;0.0;0.0;0.0;1.0;0.0;0.0;0.0;0.0;0.0;0.0;0.0;0.0;0.0;0.0;0.09375;0.3333333333333333;0.0
0.6000000000000001;0;0.6262748034737183;0.4809829418726832;0.0;0.0;1.0;0.0;0.0;0.0;0.0;0.0;0.0;0.0;0.0;0.0;0.0;0.0;1.0;0.0;0.0;0.0;0.0;0.0;0.0;0.0;0.0;0.0;0.0;0.0703125;0.3333333333333333;0.0
0.6000000000000001;1;0.7276680035853231;0.35919916252289985;0.0;0.0;1.0;0.0;0.0;0.0;0.0;0.0;0.0;0.0;0.0;0.0;0.0;0.0;1.0;0.0;0.0;0.0;0.0;0.0;0.0;0.0;0.0;0.0;0.0;0.078125;0.3333333333333333;0.0
0.6000000000000001;1;0.7522619204851637;0.3075111227427374;0.0;0.0;1.0;0.0;0.0;0.0;0.0;0.0;0.0;0.0;0.0;0.0;0.0;0.0;1.0;0.0;0.0;0.0;0.0;0.0;0.0;0.0;0.0;0.0;0.0;0.0703125;0.3333333333333333;0.0
0.6000000000000001;1;0.5586612174063391;0.5257540565297043;0.0;0.0;1.0;0.0;0.0;0.0;0.0;0.0;0.0;0.0;0.0;0.0;0.0;0.0;1.0;0.0;0.0;0.0;0.0;0.0;0.0;0.0;0.0;0.0;0.0;0.1171875;0.3333333333333333;0.0
0.4000000000000001;1;0.3665574801157165;0.7753205967024339;0.0;0.0;1.0;0.0;0.0;0.0;0.0;0.0;0.0;0.0;0.0;0.0;0.0;0.0;1.0;0.0;0.0;0.0;0.0;0.0;0.0;0.0;0.0;0.0;0.0;0.1015625;0.3333333333333333;0.0
0.6000000000000001;1;0.611730649979749;0.5113018085648564;0.0;0.0;1.0;0.0;0.0;0.0;0.0;0.0;0.0;0.0;0.0;0.0;0.0;0.0;1.0;0.0;0.0;0.0;0.0;0.0;0.0;0.0;0.0;0.0;0.0;0.1171875;0.3333333333333333;0.0
0.8;1;0.5408397012422068;0.5911994803155494;0.9999999999999999;1.0;0.0;1.0;1.0;1.0;1.0;1.0;1.0;1.0;1.0;1.0;1.0;1.0;0.0;1.0;1.0;1.0;0.9999999999999999;1.0;1.0;1.0;1.0;1.0;0.0;0.875;1.0;1.0
0.4000000000000001;1;0.30497320884450324;0.8432929134316207;0.0;0.0;1.0;0.0;0.0;0.0;0.0;0.0;0.0;0.0;0.0;0.0;0.0;0.0;1.0;0.0;0.0;0.0;0.0;0.0;0.0;0.0;0.0;0.0;0.0;0.078125;0.3333333333333333;0.0
0.6000000000000001;1;0.6504801585306107;0.4355387459793503;0.9999999999999999;1.0;0.0;1.0;1.0;1.0;1.0;1.0;1.0;1.0;1.0;1.0;1.0;1.0;0.0;1.0;1.0;1.0;0.9999999999999999;1.0;1.0;1.0;1.0;1.0;1.0;0.875;1.0;0.0
0.8;1;0.9114530438619857;0.24559997382884058;0.0;0.0;1.0;0.0;0.0;0.0;0.0;0.0;0.0;0.0;0.0;0.0;0.0;0.0;1.0;0.0;0.0;0.0;0.0;0.0;0.0;0.0;0.0;0.0;0.0;0.078125;0.3333333333333333;0.0
0.4000000000000001;1;0.5719646821455119;0.5123215506834049;0.0;0.0;1.0;0.0;0.0;0.0;0.0;0.0;0.0;0.0;0.0;0.0;0.0;0.0;1.0;0.0;0.0;0.0;0.0;0.0;0.0;0.0;0.0;0.0;0.0;0.0703125;0.3333333333333333;0.0
1.0000000000000002;1;0.8189784724923533;0.20117520968083646;0.9999999999999999;1.0;0.0;1.0;1.0;1.0;1.0;1.0;1.0;1.0;1.0;1.0;1.0;1.0;0.0;1.0;1.0;1.0;0.9999999999999999;1.0;1.0;1.0;1.0;1.0;1.0;0.875;1.0;1.0
0.6000000000000001;1;0.6334340021345969;0.439818229402108;0.0;0.0;1.0;0.0;0.0;0.0;0.0;0.0;0.0;0.0;0.0;0.0;0.0;0.0;1.0;0.0;0.0;0.0;0.0;0.0;0.0;0.0;0.0;0.0;0.0;0.0703125;0.3333333333333333;0.0
0.6000000000000001;1;0.722640019385366;0.4023815755037947;0.0;0.0;1.0;0.0;0.0;0.0;0.0;0.0;0.0;0.0;0.0;0.0;0.0;0.0;1.0;0.0;0.0;0.0;0.0;0.0;0.0;0.0;0.0;0.0;0.0;0.1171875;0.3333333333333333;0.0
0.6000000000000001;1;0.5738358635043206;0.57161106362886;0.0;0.0;1.0;0.0;0.0;0.0;0.0;0.0;0.0;0.0;0.0;0.0;0.0;0.0;1.0;0.0;0.0;0.0;0.0;0.0;0.0;0.0;0.0;0.0;0.0;0.078125;0.3333333333333333;0.0
0.6000000000000001;1;0.7831740563976428;0.19534901110404912;0.9999999999999999;1.0;0.0;1.0;1.0;1.0;1.0;1.0;1.0;1.0;1.0;1.0;1.0;1.0;0.0;1.0;1.0;1.0;0.9999999999999999;1.0;1.0;1.0;1.0;1.0;0.0;0.96875;1.0;1.0
0.6000000000000001;1;0.8001825433248817;0.29782320233979354;0.9999999999999999;1.0;0.0;1.0;1.0;1.0;1.0;1.0;1.0;1.0;1.0;1.0;1.0;1.0;0.0;1.0;1.0;1.0;0.9999999999999999;1.0;1.0;1.0;1.0;1.0;1.0;0.859375;1.0;1.0
0.0;0;0.5489022983895457;0.24810259094477893;0.0;0.0;1.0;0.0;0.0;0.0;0.0;0.0;0.0;0.0;0.0;0.0;0.0;0.0;1.0;0.0;0.0;0.0;0.0;0.0;0.0;0.0;0.0;0.0;0.0;0.0703125;0.3333333333333333;0.0
0.6000000000000001;0;0.6421073063517845;0.4326858631056869;0.0;0.0;1.0;0.0;0.0;0.0;0.0;0.0;0.0;0.0;0.0;0.0;0.0;0.0;1.0;0.0;0.0;0.0;0.0;0.0;0.0;0.0;0.0;0.0;0.0;0.109375;0.3333333333333333;0.0
0.8;1;0.850373799335447;0.19890081130594095;0.0;0.0;1.0;0.0;0.0;0.0;0.0;0.0;0.0;0.0;0.0;0.0;0.0;0.0;1.0;0.0;0.0;0.0;0.0;0.0;0.0;0.0;0.0;0.0;0.0;0.109375;0.3333333333333333;0.0
0.6000000000000001;1;0.7337330020711788;0.31359743887817015;0.9999999999999999;1.0;0.0;1.0;1.0;1.0;1.0;1.0;1.0;1.0;1.0;1.0;1.0;1.0;0.0;1.0;1.0;1.0;0.9999999999999999;1.0;1.0;1.0;1.0;1.0;1.0;0.875;1.0;1.0
0.6000000000000001;1;0.7862227242399461;0.31945540375408554;0.0;0.0;1.0;0.0;0.0;0.0;0.0;0.0;0.0;0.0;0.0;0.0;0.0;0.0;1.0;0.0;0.0;0.0;0.0;0.0;0.0;0.0;0.0;0.0;0.0;0.1171875;0.3333333333333333;0.0
0.4000000000000001;1;0.42315474246421547;0.6681910219149025;0.9999999999999999;1.0;0.0;1.0;1.0;1.0;1.0;1.0;1.0;1.0;1.0;1.0;1.0;1.0;0.0;1.0;1.0;1.0;0.9999999999999999;1.0;1.0;1.0;1.0;1.0;1.0;0.875;1.0;1.0
0.4000000000000001;1;0.4627275381681003;0.6671753751462273;0.9999999999999999;1.0;0.0;1.0;1.0;1.0;1.0;1.0;1.0;1.0;1.0;1.0;1.0;1.0;0.0;1.0;1.0;1.0;0.9999999999999999;1.0;1.0;1.0;1.0;1.0;1.0;0.984375;1.0;1.0
0.4000000000000001;1;0.47783886512737705;0.6817041786617815;0.0;0.0;1.0;0.0;0.0;0.0;0.0;0.0;0.0;0.0;0.0;0.0;0.0;0.0;1.0;0.0;0.0;0.0;0.0;0.0;0.0;0.0;0.0;0.0;0.0;0.0859375;0.3333333333333333;0.0
0.6000000000000001;1;0.7336811474962758;0.4225707555987588;0.0;0.0;1.0;0.0;0.0;0.0;0.0;0.0;0.0;0.0;0.0;0.0;0.0;0.0;1.0;0.0;0.0;0.0;0.0;0.0;0.0;0.0;0.0;0.0;0.0;0.0546875;0.3333333333333333;0.0
0.6000000000000001;1;0.7394937847640008;0.26786351570439515;0.0;0.0;1.0;0.0;0.0;0.0;0.0;0.0;0.0;0.0;0.0;0.0;0.0;0.0;1.0;0.0;0.0;0.0;0.0;0.0;0.0;0.0;0.0;0.0;0.0;0.078125;0.3333333333333333;0.0
0.6000000000000001;1;0.7226159340529529;0.2996530986118604;0.0;0.0;1.0;0.0;0.0;0.0;0.0;0.0;0.0;0.0;0.0;0.0;0.0;0.0;1.0;0.0;0.0;0.0;0.0;0.0;0.0;0.0;0.0;0.0;0.0;0.046875;0.3333333333333333;0.0
0.6000000000000001;1;0.6468940475312009;0.39623564340293727;0.0;0.0;1.0;0.0;0.0;0.0;0.0;0.0;0.0;0.0;0.0;0.0;0.0;0.0;1.0;0.0;0.0;0.0;0.0;0.0;0.0;0.0;0.0;0.0;0.0;0.046875;0.3333333333333333;0.0
0.6000000000000001;1;0.7129765353378279;0.38637218660036643;0.0;0.0;1.0;0.0;0.0;0.0;0.0;0.0;0.0;0.0;0.0;0.0;0.0;0.0;1.0;0.0;0.0;0.0;0.0;0.0;0.0;0.0;0.0;0.0;0.0;0.046875;0.3333333333333333;0.0
0.6000000000000001;1;0.5874063480776042;0.5998284335107156;0.9999999999999999;1.0;0.0;1.0;1.0;1.0;1.0;1.0;1.0;1.0;1.0;1.0;1.0;1.0;0.0;1.0;1.0;1.0;0.9999999999999999;1.0;1.0;1.0;1.0;1.0;1.0;0.953125;1.0;1.0
0.6000000000000001;1;0.8643860932099605;0.34703766758310683;0.9999999999999999;1.0;0.0;1.0;1.0;1.0;1.0;1.0;1.0;1.0;1.0;1.0;1.0;1.0;0.0;1.0;1.0;1.0;0.9999999999999999;1.0;1.0;1.0;0.0;1.0;1.0;0.875;1.0;1.0
0.4000000000000001;1;0.6298036455420489;0.4987350606298524;0.0;0.0;1.0;0.0;0.0;0.0;0.0;0.0;0.0;0.0;0.0;0.0;0.0;0.0;1.0;0.0;0.0;0.0;0.0;0.0;0.0;0.0;0.0;0.0;0.0;0.109375;0.3333333333333333;0.0
0.4000000000000001;0;0.31568517092275034;0.8440198900811307;0.0;0.0;1.0;0.0;0.0;0.0;0.0;0.0;0.0;0.0;0.0;0.0;0.0;0.0;1.0;0.0;0.0;0.0;0.0;0.0;0.0;0.0;0.0;0.0;0.0;0.0546875;0.3333333333333333;0.0
0.4000000000000001;0;0.5781677484344977;0.5479032875002516;0.0;0.0;1.0;0.0;0.0;0.0;0.0;0.0;0.0;0.0;0.0;0.0;0.0;0.0;1.0;0.0;0.0;0.0;0.0;0.0;0.0;0.0;0.0;0.0;0.0;0.0703125;0.3333333333333333;0.0
0.8;1;0.8484280794145507;0.25462103552582716;0.0;0.0;1.0;0.0;0.0;0.0;0.0;0.0;0.0;0.0;0.0;0.0;0.0;0.0;1.0;0.0;0.0;0.0;0.0;0.0;0.0;0.0;0.0;0.0;0.0;0.1171875;0.3333333333333333;0.0
0.4000000000000001;1;0.5877002555441319;0.514631313792201;0.0;0.0;1.0;0.0;0.0;0.0;0.0;0.0;0.0;0.0;0.0;0.0;0.0;0.0;1.0;0.0;0.0;0.0;0.0;0.0;0.0;0.0;0.0;0.0;0.0;0.0390625;0.3333333333333333;0.0
0.8;1;0.611269586367702;0.5579761913182484;0.0;0.0;1.0;0.0;0.0;0.0;0.0;0.0;0.0;0.0;0.0;0.0;0.0;0.0;1.0;0.0;0.0;0.0;0.0;0.0;0.0;0.0;0.0;0.0;0.0;0.078125;0.3333333333333333;0.0
0.6000000000000001;0;0.6555223604331695;0.4221307350069454;0.0;0.0;1.0;0.0;0.0;0.0;0.0;0.0;0.0;0.0;0.0;0.0;0.0;0.0;1.0;0.0;0.0;0.0;0.0;0.0;0.0;0.0;0.0;0.0;0.0;0.1171875;0.3333333333333333;0.0
0.6000000000000001;1;0.5936654939249245;0.5060467550805525;0.0;0.0;1.0;0.0;0.0;0.0;0.0;0.0;0.0;0.0;0.0;0.0;0.0;0.0;1.0;0.0;0.0;0.0;0.0;0.0;0.0;0.0;0.0;0.0;0.0;0.109375;0.3333333333333333;0.0
0.4000000000000001;1;0.5767416796373778;0.5219890081130594;0.0;0.0;1.0;0.0;0.0;0.0;0.0;0.0;0.0;0.0;0.0;0.0;0.0;0.0;1.0;0.0;0.0;0.0;0.0;0.0;0.0;0.0;0.0;0.0;0.0;0.078125;0.3333333333333333;0.0
0.6000000000000001;1;0.6289242137246244;0.4559389838112686;0.0;0.0;1.0;0.0;0.0;0.0;0.0;0.0;0.0;0.0;0.0;0.0;0.0;0.0;1.0;0.0;0.0;0.0;0.0;0.0;0.0;0.0;0.0;0.0;0.0;0.0625;0.3333333333333333;0.0
0.4000000000000001;1;0.5349868293535318;0.54118686207799;0.0;0.0;1.0;0.0;0.0;0.0;0.0;0.0;0.0;0.0;0.0;0.0;0.0;0.0;1.0;0.0;0.0;0.0;0.0;0.0;0.0;0.0;0.0;0.0;0.0;0.1171875;0.3333333333333333;0.0
0.6000000000000001;1;0.7710101266662854;0.3052752402285752;0.0;0.0;1.0;0.0;0.0;0.0;0.0;0.0;0.0;0.0;0.0;0.0;0.0;0.0;1.0;0.0;0.0;0.0;0.0;0.0;0.0;0.0;0.0;0.0;0.0;0.0703125;0.3333333333333333;0.0
0.6000000000000001;1;0.6436512998987616;0.44089679839483553;0.0;0.0;1.0;0.0;0.0;0.0;0.0;0.0;0.0;0.0;0.0;0.0;0.0;0.0;1.0;0.0;0.0;0.0;0.0;0.0;0.0;0.0;0.0;0.0;0.0;0.1171875;0.3333333333333333;0.0
0.4000000000000001;1;0.5935515483445575;0.5024036143748538;0.0;0.0;1.0;0.0;0.0;0.0;0.0;0.0;0.0;0.0;0.0;0.0;0.0;0.0;1.0;0.0;0.0;0.0;0.0;0.0;0.0;0.0;0.0;0.0;0.0;0.0625;0.3333333333333333;0.0
0.4000000000000001;0;0.31246885489443466;0.8204658466370061;0.0;0.0;1.0;0.0;0.0;0.0;0.0;0.0;0.0;0.0;0.0;0.0;0.0;0.0;1.0;0.0;0.0;0.0;0.0;0.0;0.0;0.0;0.0;0.0;0.0;0.078125;0.3333333333333333;0.0
0.6000000000000001;0;0.6581949077132005;0.34096323287634456;0.0;0.0;1.0;0.0;0.0;0.0;0.0;0.0;0.0;0.0;0.0;0.0;0.0;0.0;1.0;0.0;0.0;0.0;0.0;0.0;0.0;0.0;0.0;0.0;0.0;0.078125;0.3333333333333333;0.0
0.4000000000000001;1;0.5175096702220932;0.5565733228648695;0.0;0.0;1.0;0.0;0.0;0.0;0.0;0.0;0.0;0.0;0.0;0.0;0.0;0.0;1.0;0.0;0.0;0.0;0.0;0.0;0.0;0.0;0.0;0.0;0.0;0.1171875;0.3333333333333333;0.0
0.8;1;0.8043105208067219;0.22114629678094744;0.9999999999999999;1.0;0.0;1.0;1.0;1.0;1.0;1.0;1.0;1.0;1.0;1.0;1.0;1.0;0.0;1.0;1.0;1.0;0.9999999999999999;1.0;1.0;1.0;1.0;1.0;1.0;0.96875;1.0;1.0
0.6000000000000001;0;0.7007079667316685;0.34678256471480773;0.0;0.0;1.0;0.0;0.0;0.0;0.0;0.0;0.0;0.0;0.0;0.0;0.0;0.0;1.0;0.0;0.0;0.0;0.0;0.0;0.0;0.0;0.0;0.0;0.0;0.078125;0.3333333333333333;0.0
0.4000000000000001;1;0.43594967852592004;0.6435160952630201;0.0;0.0;1.0;0.0;0.0;0.0;0.0;0.0;0.0;0.0;0.0;0.0;0.0;0.0;1.0;0.0;0.0;0.0;0.0;0.0;0.0;0.0;0.0;0.0;0.0;0.0390625;0.3333333333333333;0.0
0.8;1;0.7628231031164711;0.2620854675290687;0.0;0.0;1.0;0.0;0.0;0.0;0.0;0.0;0.0;0.0;0.0;0.0;0.0;0.0;1.0;0.0;0.0;0.0;0.0;0.0;0.0;0.0;0.0;0.0;0.0;0.1171875;0.3333333333333333;0.0
0.4000000000000001;1;0.4971061619474382;0.5832679054348775;0.0;0.0;1.0;0.0;0.0;0.0;0.0;0.0;0.0;0.0;0.0;0.0;0.0;0.0;1.0;0.0;0.0;0.0;0.0;0.0;0.0;0.0;0.0;0.0;0.0;0.0625;0.3333333333333333;0.0
0.6000000000000001;1;0.771932882373474;0.31678368583516336;0.0;0.0;1.0;0.0;0.0;0.0;0.0;0.0;0.0;0.0;0.0;0.0;0.0;0.0;1.0;0.0;0.0;0.0;0.0;0.0;0.0;0.0;0.0;0.0;0.0;0.0703125;0.3333333333333333;0.0
0.4000000000000001;0;0.6924798945737806;0.3924261794437782;0.0;0.0;1.0;0.0;0.0;0.0;0.0;0.0;0.0;0.0;0.0;0.0;0.0;0.0;1.0;0.0;0.0;0.0;0.0;0.0;0.0;0.0;0.0;0.0;0.0;0.1171875;0.3333333333333333;0.0
0.6000000000000001;1;0.7121656718669503;0.3657135054561178;0.0;0.0;1.0;0.0;0.0;0.0;0.0;0.0;0.0;0.0;0.0;0.0;0.0;0.0;1.0;0.0;0.0;0.0;0.0;0.0;0.0;0.0;0.0;0.0;0.0;0.0234375;0.3333333333333333;0.0
0.8;1;0.7931736048616003;0.3603326317496711;0.9999999999999999;1.0;0.0;1.0;1.0;1.0;1.0;1.0;1.0;1.0;1.0;1.0;1.0;1.0;0.0;1.0;1.0;1.0;0.9999999999999999;1.0;1.0;1.0;1.0;1.0;1.0;0.953125;1.0;1.0
0.4000000000000001;0;0.5124211984308573;0.6646785768399013;0.0;0.0;1.0;0.0;0.0;0.0;0.0;0.0;0.0;0.0;0.0;0.0;0.0;0.0;1.0;0.0;0.0;0.0;0.0;0.0;0.0;0.0;0.0;0.0;0.0;0.109375;0.3333333333333333;0.0
0.6000000000000001;1;0.6184063430955462;0.4518244052948388;0.0;0.0;1.0;0.0;0.0;0.0;0.0;0.0;0.0;0.0;0.0;0.0;0.0;0.0;1.0;0.0;0.0;0.0;0.0;0.0;0.0;0.0;0.0;0.0;0.0;0.078125;0.3333333333333333;0.0
0.6000000000000001;1;0.6699195193604071;0.41977637195534667;0.0;0.0;1.0;0.0;0.0;0.0;0.0;0.0;0.0;0.0;0.0;0.0;0.0;0.0;1.0;0.0;0.0;0.0;0.0;0.0;0.0;0.0;0.0;0.0;0.0;0.0625;0.3333333333333333;0.0
0.6000000000000001;1;0.8294559617187762;0.17409662765917677;0.9999999999999999;1.0;0.0;1.0;1.0;1.0;1.0;1.0;1.0;1.0;1.0;1.0;1.0;1.0;0.0;1.0;1.0;1.0;0.9999999999999999;1.0;1.0;1.0;1.0;1.0;1.0;1.0;1.0;1.0
0.4000000000000001;1;0.5846401474587873;0.5133445071191121;0.0;0.0;1.0;0.0;0.0;0.0;0.0;0.0;0.0;0.0;0.0;0.0;0.0;0.0;1.0;0.0;0.0;0.0;0.0;0.0;0.0;0.0;0.0;0.0;0.0;0.0703125;0.3333333333333333;0.0
0.4000000000000001;0;0.589065121254136;0.4737552342318765;0.0;0.0;1.0;0.0;0.0;0.0;0.0;0.0;0.0;0.0;0.0;0.0;0.0;0.0;1.0;0.0;0.0;0.0;0.0;0.0;0.0;0.0;0.0;0.0;0.0;0.1171875;0.3333333333333333;0.0
0.8;1;0.7339481365062822;0.3718683828602698;0.9999999999999999;1.0;0.0;1.0;1.0;1.0;1.0;1.0;1.0;1.0;1.0;1.0;1.0;1.0;0.0;1.0;1.0;1.0;0.9999999999999999;1.0;1.0;1.0;1.0;1.0;1.0;0.875;1.0;0.0
0.6000000000000001;1;0.771212437411466;0.304520133099039;0.9999999999999999;1.0;0.0;1.0;1.0;1.0;1.0;1.0;1.0;1.0;1.0;1.0;1.0;1.0;0.0;1.0;1.0;1.0;0.9999999999999999;1.0;1.0;1.0;1.0;1.0;1.0;0.859375;1.0;1.0
0.4000000000000001;0;0.5901604485830347;0.4447279653377534;0.0;0.0;1.0;0.0;0.0;0.0;0.0;0.0;0.0;0.0;0.0;0.0;0.0;0.0;1.0;0.0;0.0;0.0;0.0;0.0;0.0;0.0;0.0;0.0;0.0;0.0546875;0.3333333333333333;0.0
0.4000000000000001;0;0.682498270229029;0.5019460297871012;0.0;0.0;1.0;0.0;0.0;0.0;0.0;0.0;0.0;0.0;0.0;0.0;0.0;0.0;1.0;0.0;0.0;0.0;0.0;0.0;0.0;0.0;0.0;0.0;0.0;0.0625;0.3333333333333333;0.0
0.4000000000000001;1;0.5077315264963035;0.5563036806166877;0.0;0.0;1.0;0.0;0.0;0.0;0.0;0.0;0.0;0.0;0.0;0.0;0.0;0.0;1.0;0.0;0.0;0.0;0.0;0.0;0.0;0.0;0.0;0.0;0.0;0.078125;0.3333333333333333;0.0
0.6000000000000001;1;0.7711437871445348;0.38484603212293167;0.0;0.0;1.0;0.0;0.0;0.0;0.0;0.0;0.0;0.0;0.0;0.0;0.0;0.0;1.0;0.0;0.0;0.0;0.0;0.0;0.0;0.0;0.0;0.0;0.0;0.1171875;0.3333333333333333;0.0
0.6000000000000001;1;0.6558631536681715;0.4225300129513685;0.9999999999999999;1.0;0.0;1.0;1.0;1.0;1.0;1.0;1.0;1.0;1.0;1.0;1.0;1.0;0.0;1.0;1.0;1.0;0.9999999999999999;1.0;1.0;1.0;0.0;1.0;1.0;0.96875;1.0;1.0
0.6000000000000001;1;0.6528818715345989;0.48678356451190785;0.0;0.0;1.0;0.0;0.0;0.0;0.0;0.0;0.0;0.0;0.0;0.0;0.0;0.0;1.0;0.0;0.0;0.0;0.0;0.0;0.0;0.0;0.0;0.0;0.0;0.0625;0.3333333333333333;0.0
0.6000000000000001;1;0.5720033518988539;0.5461920963098665;0.0;0.0;1.0;0.0;0.0;0.0;0.0;0.0;0.0;0.0;0.0;0.0;0.0;0.0;1.0;0.0;0.0;0.0;0.0;0.0;0.0;0.0;0.0;0.0;0.0;0.078125;0.3333333333333333;0.0
0.4000000000000001;1;0.4766413555723994;0.5982123084975741;0.0;0.0;1.0;0.0;0.0;0.0;0.0;0.0;0.0;0.0;0.0;0.0;0.0;0.0;1.0;0.0;0.0;0.0;0.0;0.0;0.0;0.0;0.0;0.0;0.0;0.1171875;0.3333333333333333;0.0
0.6000000000000001;1;0.6795417477901445;0.3642069132124093;0.0;0.0;1.0;0.0;0.0;0.0;0.0;0.0;0.0;0.0;0.0;0.0;0.0;0.0;1.0;0.0;0.0;0.0;0.0;0.0;0.0;0.0;0.0;0.0;0.0;0.078125;0.3333333333333333;0.0
0.6000000000000001;1;0.595421254583097;0.4702111087952334;0.0;0.0;1.0;0.0;0.0;0.0;0.0;0.0;0.0;0.0;0.0;0.0;0.0;0.0;1.0;0.0;0.0;0.0;0.0;0.0;0.0;0.0;0.0;0.0;0.0;0.125;0.3333333333333333;0.0
0.6000000000000001;1;0.6929291006982805;0.3694860724214899;0.0;0.0;1.0;0.0;0.0;0.0;0.0;0.0;0.0;0.0;0.0;0.0;0.0;0.0;1.0;0.0;0.0;0.0;0.0;0.0;0.0;0.0;0.0;0.0;0.0;0.109375;0.3333333333333333;0.0
0.6000000000000001;1;0.6767849891004734;0.3799576503057267;0.0;0.0;1.0;0.0;0.0;0.0;0.0;0.0;0.0;0.0;0.0;0.0;0.0;0.0;1.0;0.0;0.0;0.0;0.0;0.0;0.0;0.0;0.0;0.0;0.0;0.0703125;0.3333333333333333;0.0
0.4000000000000001;0;0.0;0.9659961864882043;0.0;0.0;1.0;0.0;0.0;0.0;0.0;0.0;0.0;0.0;0.0;0.0;0.0;0.0;1.0;0.0;0.0;0.0;0.0;0.0;0.0;0.0;0.0;0.0;0.0;0.0703125;0.3333333333333333;0.0
0.4000000000000001;1;0.7333193631661529;0.3951845066736457;0.0;0.0;1.0;0.0;0.0;0.0;0.0;0.0;0.0;0.0;0.0;0.0;0.0;0.0;1.0;0.0;0.0;0.0;0.0;0.0;0.0;0.0;0.0;0.0;0.0;0.0234375;0.3333333333333333;0.0
0.6000000000000001;1;0.8387236439952652;0.18581523161476055;0.0;0.0;1.0;0.0;0.0;0.0;0.0;0.0;0.0;0.0;0.0;0.0;0.0;0.0;1.0;0.0;0.0;0.0;0.0;0.0;0.0;0.0;0.0;0.0;0.0;0.078125;0.3333333333333333;0.0
0.4000000000000001;0;0.5815229791136103;0.5917953415336299;0.0;0.0;1.0;0.0;0.0;0.0;0.0;0.0;0.0;0.0;0.0;0.0;0.0;0.0;1.0;0.0;0.0;0.0;0.0;0.0;0.0;0.0;0.0;0.0;0.0;0.1171875;0.3333333333333333;0.0
0.6000000000000001;1;0.6400002566673093;0.3664542054402884;0.0;0.0;1.0;0.0;0.0;0.0;0.0;0.0;0.0;0.0;0.0;0.0;0.0;0.0;1.0;0.0;0.0;0.0;0.0;0.0;0.0;0.0;0.0;0.0;0.0;0.1015625;0.3333333333333333;0.0
0.8;1;0.6943019453633804;0.29036901334729137;0.0;0.0;1.0;0.0;0.0;0.0;0.0;0.0;0.0;0.0;0.0;0.0;0.0;0.0;1.0;0.0;0.0;0.0;0.0;0.0;0.0;0.0;0.0;0.0;0.0;0.0703125;0.3333333333333333;0.0
0.6000000000000001;1;0.765215008722475;0.36170976792876575;0.0;0.0;1.0;0.0;0.0;0.0;0.0;0.0;0.0;0.0;0.0;0.0;0.0;0.0;1.0;0.0;0.0;0.0;0.0;0.0;0.0;0.0;0.0;0.0;0.0;0.0703125;0.3333333333333333;0.0
0.6000000000000001;1;0.777557630954593;0.2851683795808371;0.0;0.0;1.0;0.0;0.0;0.0;0.0;0.0;0.0;0.0;0.0;0.0;0.0;0.0;1.0;0.0;0.0;0.0;0.0;0.0;0.0;0.0;0.0;0.0;0.0;0.1171875;0.3333333333333333;0.0
0.8;1;0.7539260214642673;0.3395234957101372;0.0;0.0;1.0;0.0;0.0;0.0;0.0;0.0;0.0;0.0;0.0;0.0;0.0;0.0;1.0;0.0;0.0;0.0;0.0;0.0;0.0;0.0;0.0;0.0;0.0;0.0;0.3333333333333333;0.0
0.6000000000000001;1;0.6337910483988378;0.5101784590138425;0.9999999999999999;1.0;0.0;1.0;1.0;1.0;1.0;1.0;1.0;1.0;1.0;1.0;1.0;1.0;0.0;1.0;1.0;1.0;0.9999999999999999;1.0;1.0;1.0;1.0;1.0;1.0;0.8125;1.0;1.0
0.6000000000000001;1;0.686625060090838;0.35106740942909487;0.9999999999999999;1.0;0.0;1.0;1.0;1.0;1.0;1.0;1.0;1.0;1.0;1.0;1.0;1.0;0.0;1.0;1.0;1.0;0.9999999999999999;1.0;1.0;1.0;1.0;1.0;1.0;0.875;1.0;1.0
0.4000000000000001;1;0.9752584925113519;0.07458780423972788;0.9999999999999999;1.0;0.0;1.0;1.0;1.0;1.0;1.0;1.0;1.0;1.0;1.0;1.0;1.0;0.0;1.0;1.0;1.0;0.9999999999999999;1.0;1.0;1.0;1.0;1.0;1.0;0.890625;1.0;1.0
0.6000000000000001;1;0.685907983598652;0.33101758226071243;0.0;0.0;1.0;0.0;0.0;0.0;0.0;0.0;0.0;0.0;0.0;0.0;0.0;0.0;1.0;0.0;0.0;0.0;0.0;0.0;0.0;0.0;0.0;0.0;0.0;0.0234375;0.3333333333333333;0.0
0.6000000000000001;1;0.6723034277817468;0.4308161865084137;0.9999999999999999;1.0;0.0;1.0;1.0;1.0;1.0;1.0;1.0;1.0;1.0;1.0;1.0;1.0;0.0;1.0;1.0;1.0;0.9999999999999999;1.0;1.0;1.0;1.0;1.0;1.0;0.953125;1.0;1.0
0.6000000000000001;1;0.9822859981533703;0.4082700863648261;0.0;0.0;1.0;0.0;0.0;0.0;0.0;0.0;0.0;0.0;0.0;0.0;0.0;0.0;1.0;0.0;0.0;0.0;0.0;0.0;0.0;0.0;0.0;0.0;0.0;0.0703125;0.3333333333333333;0.0
0.6000000000000001;1;0.8208789082572016;0.2499536751375897;0.0;0.0;1.0;0.0;0.0;0.0;0.0;0.0;0.0;0.0;0.0;0.0;0.0;0.0;1.0;0.0;0.0;0.0;0.0;0.0;0.0;0.0;0.0;0.0;0.0;0.0703125;0.3333333333333333;0.0
0.4000000000000001;1;0.7542767700230667;0.3078414383465924;0.9999999999999999;1.0;0.0;1.0;1.0;1.0;1.0;1.0;1.0;1.0;1.0;1.0;1.0;1.0;0.0;1.0;1.0;1.0;0.9999999999999999;1.0;1.0;1.0;1.0;1.0;0.0;0.890625;1.0;1.0
0.8;1;0.8237385838301439;0.26196323958689827;0.0;0.0;1.0;0.0;0.0;0.0;0.0;0.0;0.0;0.0;0.0;0.0;0.0;0.0;1.0;0.0;0.0;0.0;0.0;0.0;0.0;0.0;0.0;0.0;0.0;0.1015625;0.3333333333333333;0.0
0.4000000000000001;1;0.6144920818897938;0.4668347317990269;0.9999999999999999;1.0;0.0;1.0;1.0;1.0;1.0;1.0;1.0;1.0;1.0;1.0;1.0;1.0;0.0;1.0;1.0;1.0;0.9999999999999999;1.0;1.0;1.0;1.0;0.0;1.0;0.859375;1.0;0.0
0.6000000000000001;1;0.7794480860349625;0.2977378304108873;0.0;0.0;1.0;0.0;0.0;0.0;0.0;0.0;0.0;0.0;0.0;0.0;0.0;0.0;1.0;0.0;0.0;0.0;0.0;0.0;0.0;0.0;0.0;0.0;0.0;0.078125;0.3333333333333333;0.0
0.6000000000000001;1;0.48400336566620455;0.6019366657942948;0.0;0.0;1.0;0.0;0.0;0.0;0.0;0.0;0.0;0.0;0.0;0.0;0.0;0.0;1.0;0.0;0.0;0.0;0.0;0.0;0.0;0.0;0.0;0.0;0.0;0.078125;0.3333333333333333;0.0
0.8;1;0.8106219210462429;0.2515844930191278;0.0;0.0;1.0;0.0;0.0;0.0;0.0;0.0;0.0;0.0;0.0;0.0;0.0;0.0;1.0;0.0;0.0;0.0;0.0;0.0;0.0;0.0;0.0;0.0;0.0;0.0625;0.3333333333333333;0.0
0.6000000000000001;1;0.6411406057941017;0.3980029392225153;0.9999999999999999;1.0;0.0;1.0;1.0;1.0;1.0;1.0;1.0;1.0;1.0;1.0;1.0;1.0;0.0;1.0;1.0;1.0;0.9999999999999999;1.0;1.0;1.0;1.0;1.0;1.0;0.859375;1.0;1.0
0.4000000000000001;1;0.5098470912849382;0.5979922982016674;0.0;0.0;1.0;0.0;0.0;0.0;0.0;0.0;0.0;0.0;0.0;0.0;0.0;0.0;1.0;0.0;0.0;0.0;0.0;0.0;0.0;0.0;0.0;0.0;0.0;0.125;0.3333333333333333;0.0
0.6000000000000001;1;0.6584362107239378;0.44089679839483553;0.0;0.0;1.0;0.0;0.0;0.0;0.0;0.0;0.0;0.0;0.0;0.0;0.0;0.0;1.0;0.0;0.0;0.0;0.0;0.0;0.0;0.0;0.0;0.0;0.0;0.0625;0.3333333333333333;0.0
0.6000000000000001;1;0.5468602893237643;0.6008325700078514;0.0;0.0;1.0;0.0;0.0;0.0;0.0;0.0;0.0;0.0;0.0;0.0;0.0;0.0;1.0;0.0;0.0;0.0;0.0;0.0;0.0;0.0;0.0;0.0;0.0;0.0625;0.3333333333333333;0.0
0.8;1;0.7318343517713198;0.25962979705455513;0.0;0.0;1.0;0.0;0.0;0.0;0.0;0.0;0.0;0.0;0.0;0.0;0.0;0.0;1.0;0.0;0.0;0.0;0.0;0.0;0.0;0.0;0.0;0.0;0.0;0.125;0.3333333333333333;0.0
0.8;1;0.7841828178884901;0.3853890155905335;0.0;0.0;1.0;0.0;0.0;0.0;0.0;0.0;0.0;0.0;0.0;0.0;0.0;0.0;1.0;0.0;0.0;0.0;0.0;0.0;0.0;0.0;0.0;0.0;0.0;0.078125;0.3333333333333333;0.0
0.8;1;0.8500873589834708;0.1135174038209893;0.0;0.0;1.0;0.0;0.0;0.0;0.0;0.0;0.0;0.0;0.0;0.0;0.0;0.0;1.0;0.0;0.0;0.0;0.0;0.0;0.0;0.0;0.0;0.0;0.0;0.1171875;0.3333333333333333;0.0
0.6000000000000001;1;0.7084536184184667;0.2773639603003646;0.0;0.0;1.0;0.0;0.0;0.0;0.0;0.0;0.0;0.0;0.0;0.0;0.0;0.0;1.0;0.0;0.0;0.0;0.0;0.0;0.0;0.0;0.0;0.0;0.0;0.078125;0.3333333333333333;0.0
0.6000000000000001;1;0.6011587129576481;0.6270173602023903;0.0;0.0;1.0;0.0;0.0;0.0;0.0;0.0;0.0;0.0;0.0;0.0;0.0;0.0;1.0;0.0;0.0;0.0;0.0;0.0;0.0;0.0;0.0;0.0;0.0;0.0625;0.3333333333333333;0.0
0.6000000000000001;1;0.7944328079135845;0.20435313617726603;0.0;0.0;1.0;0.0;0.0;0.0;0.0;0.0;0.0;0.0;0.0;0.0;0.0;0.0;1.0;0.0;0.0;0.0;0.0;0.0;0.0;0.0;0.0;0.0;0.0;0.0546875;0.3333333333333333;0.0
0.8;1;0.7484065394866523;0.32511434304158726;0.9999999999999999;1.0;0.0;1.0;1.0;1.0;1.0;1.0;1.0;1.0;1.0;1.0;1.0;1.0;0.0;1.0;1.0;1.0;0.9999999999999999;1.0;1.0;1.0;1.0;1.0;1.0;0.96875;1.0;1.0
0.8;1;0.7638154477406018;0.2553151023845015;0.0;0.0;1.0;0.0;0.0;0.0;0.0;0.0;0.0;0.0;0.0;0.0;0.0;0.0;1.0;0.0;0.0;0.0;0.0;0.0;0.0;0.0;0.0;0.0;0.0;0.078125;0.3333333333333333;0.0
0.8;1;0.6301335990148905;0.43051557183983236;0.9999999999999999;1.0;0.0;1.0;1.0;1.0;1.0;1.0;1.0;1.0;1.0;1.0;1.0;1.0;0.0;1.0;1.0;1.0;0.9999999999999999;1.0;1.0;1.0;1.0;1.0;1.0;0.96875;1.0;0.0
0.4000000000000001;1;0.0637470678131482;0.8719128362649622;0.0;0.0;1.0;0.0;0.0;0.0;0.0;0.0;0.0;0.0;0.0;0.0;0.0;0.0;1.0;0.0;0.0;0.0;0.0;0.0;0.0;0.0;0.0;0.0;0.0;0.0703125;0.3333333333333333;0.0
0.6000000000000001;1;0.5683181385294047;0.5382305541398642;0.0;0.0;1.0;0.0;0.0;0.0;0.0;0.0;0.0;0.0;0.0;0.0;0.0;0.0;1.0;0.0;0.0;0.0;0.0;0.0;0.0;0.0;0.0;0.0;0.0;0.0546875;0.3333333333333333;0.0
0.8;1;0.7446525362451035;0.30721202377836754;0.0;0.0;1.0;0.0;0.0;0.0;0.0;0.0;0.0;0.0;0.0;0.0;0.0;0.0;1.0;0.0;0.0;0.0;0.0;0.0;0.0;0.0;0.0;0.0;0.0;0.0625;0.3333333333333333;0.0
0.6000000000000001;1;0.785728860974202;0.2850643206570973;0.0;0.0;1.0;0.0;0.0;0.0;0.0;0.0;0.0;0.0;0.0;0.0;0.0;0.0;1.0;0.0;0.0;0.0;0.0;0.0;0.0;0.0;0.0;0.0;0.0;0.0703125;0.3333333333333333;0.0
0.6000000000000001;0;0.6254680415647899;0.4964575466407448;0.0;0.0;1.0;0.0;0.0;0.0;0.0;0.0;0.0;0.0;0.0;0.0;0.0;0.0;1.0;0.0;0.0;0.0;0.0;0.0;0.0;0.0;0.0;0.0;0.0;0.078125;0.3333333333333333;0.0
0.6000000000000001;1;0.6197541336851426;0.43202374034661273;0.9999999999999999;1.0;0.0;1.0;1.0;1.0;1.0;1.0;1.0;1.0;1.0;1.0;1.0;1.0;0.0;1.0;1.0;1.0;0.9999999999999999;1.0;1.0;1.0;1.0;1.0;1.0;0.859375;1.0;1.0
0.4000000000000001;1;0.6734480749107792;0.35126602983512156;0.0;0.0;1.0;0.0;0.0;0.0;0.0;0.0;0.0;0.0;0.0;0.0;0.0;0.0;1.0;0.0;0.0;0.0;0.0;0.0;0.0;0.0;0.0;0.0;0.0;0.0546875;0.3333333333333333;0.0
0.8;1;0.7144149262329217;0.3202150396929251;0.9999999999999999;1.0;0.0;1.0;1.0;1.0;1.0;1.0;1.0;1.0;1.0;1.0;1.0;1.0;0.0;1.0;1.0;1.0;0.9999999999999999;1.0;1.0;1.0;1.0;0.0;1.0;0.859375;1.0;1.0
0.6000000000000001;1;0.8340021672551798;0.18450667364564244;0.9999999999999999;1.0;0.0;1.0;1.0;1.0;1.0;1.0;1.0;1.0;1.0;1.0;1.0;1.0;0.0;1.0;1.0;1.0;0.9999999999999999;1.0;1.0;1.0;1.0;1.0;1.0;0.875;1.0;1.0
0.4000000000000001;0;0.7781227273568437;0.5751112274273751;0.0;0.0;1.0;0.0;0.0;0.0;0.0;0.0;0.0;0.0;0.0;0.0;0.0;0.0;1.0;0.0;0.0;0.0;0.0;0.0;0.0;0.0;0.0;0.0;0.0;0.078125;0.3333333333333333;0.0
0.6000000000000001;1;0.8029778643750186;0.3241241195680622;0.0;0.0;1.0;0.0;0.0;0.0;0.0;0.0;0.0;0.0;0.0;0.0;0.0;0.0;1.0;0.0;0.0;0.0;0.0;0.0;0.0;0.0;0.0;0.0;0.0;0.1171875;0.3333333333333333;0.0
0.8;1;0.6169814766073864;0.4387112770148349;0.0;0.0;1.0;0.0;0.0;0.0;0.0;0.0;0.0;0.0;0.0;0.0;0.0;0.0;1.0;0.0;0.0;0.0;0.0;0.0;0.0;0.0;0.0;0.0;0.0;0.078125;0.3333333333333333;0.0
0.8;1;0.6261358931860542;0.4354371394227985;0.0;0.0;1.0;0.0;0.0;0.0;0.0;0.0;0.0;0.0;0.0;0.0;0.0;0.0;1.0;0.0;0.0;0.0;0.0;0.0;0.0;0.0;0.0;0.0;0.0;0.109375;0.3333333333333333;0.0
0.6000000000000001;1;0.7157864025065572;0.29938428903979397;0.0;0.0;1.0;0.0;0.0;0.0;0.0;0.0;0.0;0.0;0.0;0.0;0.0;0.0;1.0;0.0;0.0;0.0;0.0;0.0;0.0;0.0;0.0;0.0;0.0;0.078125;0.3333333333333333;0.0
0.6000000000000001;1;0.6548290426413442;0.47255749851736795;0.9999999999999999;1.0;0.0;1.0;1.0;1.0;1.0;1.0;1.0;1.0;1.0;1.0;1.0;1.0;0.0;1.0;1.0;1.0;0.9999999999999999;1.0;1.0;1.0;1.0;1.0;1.0;0.875;1.0;0.0
0.6000000000000001;1;0.7824499014735122;0.18428106020269108;0.0;0.0;1.0;0.0;0.0;0.0;0.0;0.0;0.0;0.0;0.0;0.0;0.0;0.0;1.0;0.0;0.0;0.0;0.0;0.0;0.0;0.0;0.0;0.0;0.0;0.078125;0.3333333333333333;0.0
0.6000000000000001;1;0.6957053097254572;0.44411003518566994;0.9999999999999999;1.0;0.0;1.0;1.0;1.0;1.0;1.0;1.0;1.0;1.0;1.0;1.0;1.0;0.0;1.0;1.0;1.0;0.9999999999999999;1.0;1.0;1.0;1.0;1.0;1.0;0.875;1.0;0.0
0.4000000000000001;1;0.6815041772424736;0.3143447032481317;0.0;0.0;1.0;0.0;0.0;0.0;0.0;0.0;0.0;0.0;0.0;0.0;0.0;0.0;1.0;0.0;0.0;0.0;0.0;0.0;0.0;0.0;0.0;0.0;0.0;0.109375;0.3333333333333333;0.0
0.8;1;0.7350090490565567;0.4205906629355989;0.0;0.0;1.0;0.0;0.0;0.0;0.0;0.0;0.0;0.0;0.0;0.0;0.0;0.0;1.0;0.0;0.0;0.0;0.0;0.0;0.0;0.0;0.0;0.0;0.0;0.0703125;0.3333333333333333;0.0
0.6000000000000001;1;0.6020946305117795;0.45241073470893345;0.0;0.0;1.0;0.0;0.0;0.0;0.0;0.0;0.0;0.0;0.0;0.0;0.0;0.0;1.0;0.0;0.0;0.0;0.0;0.0;0.0;0.0;0.0;0.0;0.0;0.1171875;0.3333333333333333;0.0
0.6000000000000001;1;0.714125779878319;0.3474922421206117;0.0;0.0;1.0;0.0;0.0;0.0;0.0;0.0;0.0;0.0;0.0;0.0;0.0;0.0;1.0;0.0;0.0;0.0;0.0;0.0;0.0;0.0;0.0;0.0;0.0;0.078125;0.3333333333333333;0.0
0.4000000000000001;1;0.5056096302131045;0.5712110449090297;0.0;0.0;1.0;0.0;0.0;0.0;0.0;0.0;0.0;0.0;0.0;0.0;0.0;0.0;1.0;0.0;0.0;0.0;0.0;0.0;0.0;0.0;0.0;0.0;0.0;0.109375;0.3333333333333333;0.0
0.6000000000000001;1;0.8239370401633785;0.21855858663977012;0.9999999999999999;1.0;0.0;1.0;1.0;1.0;1.0;1.0;1.0;1.0;1.0;1.0;1.0;1.0;0.0;1.0;1.0;1.0;0.9999999999999999;1.0;1.0;1.0;1.0;1.0;1.0;0.859375;1.0;0.0
0.6000000000000001;1;0.7388781218531438;0.2970426589897932;0.0;0.0;1.0;0.0;0.0;0.0;0.0;0.0;0.0;0.0;0.0;0.0;0.0;0.0;1.0;0.0;0.0;0.0;0.0;0.0;0.0;0.0;0.0;0.0;0.0;0.0625;0.3333333333333333;0.0
0.6000000000000001;1;0.6501885916138374;0.40131837215388644;0.9999999999999999;1.0;0.0;1.0;1.0;1.0;1.0;1.0;1.0;1.0;1.0;1.0;1.0;1.0;0.0;1.0;1.0;1.0;0.9999999999999999;1.0;1.0;1.0;1.0;1.0;1.0;0.890625;1.0;1.0
0.6000000000000001;1;0.72508978312046;0.47673248562842363;0.9999999999999999;1.0;0.0;1.0;1.0;1.0;1.0;1.0;1.0;1.0;1.0;1.0;1.0;1.0;0.0;1.0;1.0;1.0;0.9999999999999999;1.0;1.0;1.0;1.0;1.0;1.0;0.953125;1.0;1.0
0.4000000000000001;1;0.6288370658698785;0.40596882924672184;0.0;0.0;1.0;0.0;0.0;0.0;0.0;0.0;0.0;0.0;0.0;0.0;0.0;0.0;1.0;0.0;0.0;0.0;0.0;0.0;0.0;0.0;0.0;0.0;0.0;0.078125;0.3333333333333333;0.0
0.4000000000000001;0;0.3735507423899119;0.730558339344189;0.0;0.0;1.0;0.0;0.0;0.0;0.0;0.0;0.0;0.0;0.0;0.0;0.0;0.0;1.0;0.0;0.0;0.0;0.0;0.0;0.0;0.0;0.0;0.0;0.0;0.0546875;0.3333333333333333;0.0
0.8;1;0.7424690883649137;0.29595751335686615;0.0;0.0;1.0;0.0;0.0;0.0;0.0;0.0;0.0;0.0;0.0;0.0;0.0;0.0;1.0;0.0;0.0;0.0;0.0;0.0;0.0;0.0;0.0;0.0;0.0;0.0703125;0.3333333333333333;0.0
0.4000000000000001;0;0.3454356342054142;0.6140408270086364;0.0;0.0;1.0;0.0;0.0;0.0;0.0;0.0;0.0;0.0;0.0;0.0;0.0;0.0;1.0;0.0;0.0;0.0;0.0;0.0;0.0;0.0;0.0;0.0;0.0;0.1328125;0.3333333333333333;0.0
0.4000000000000001;0;0.7533943085807024;0.3466672035109617;0.0;0.0;1.0;0.0;0.0;0.0;0.0;0.0;0.0;0.0;0.0;0.0;0.0;0.0;1.0;0.0;0.0;0.0;0.0;0.0;0.0;0.0;0.0;0.0;0.0;0.0703125;0.3333333333333333;0.0
0.8;1;0.7377336341884132;0.4439881898035687;0.0;0.0;1.0;0.0;0.0;0.0;0.0;0.0;0.0;0.0;0.0;0.0;0.0;0.0;1.0;0.0;0.0;0.0;0.0;0.0;0.0;0.0;0.0;0.0;0.0;0.0546875;0.3333333333333333;0.0
0.6000000000000001;1;0.8297841766634342;0.301295472389427;0.0;0.0;1.0;0.0;0.0;0.0;0.0;0.0;0.0;0.0;0.0;0.0;0.0;0.0;1.0;0.0;0.0;0.0;0.0;0.0;0.0;0.0;0.0;0.0;0.0;0.0625;0.3333333333333333;0.0
0.4000000000000001;0;0.4586764585710018;0.6658728081654017;0.0;0.0;1.0;0.0;0.0;0.0;0.0;0.0;0.0;0.0;0.0;0.0;0.0;0.0;1.0;0.0;0.0;0.0;0.0;0.0;0.0;0.0;0.0;0.0;0.0;0.078125;0.3333333333333333;0.0
0.6000000000000001;1;0.7344230438086468;0.31807159447788536;0.9999999999999999;1.0;0.0;1.0;1.0;1.0;1.0;1.0;1.0;1.0;1.0;1.0;1.0;1.0;0.0;1.0;1.0;1.0;0.9999999999999999;1.0;1.0;1.0;1.0;1.0;1.0;0.875;1.0;1.0
0.4000000000000001;1;0.45990681071856243;0.5980710174818542;0.0;0.0;1.0;0.0;0.0;0.0;0.0;0.0;0.0;0.0;0.0;0.0;0.0;0.0;1.0;0.0;0.0;0.0;0.0;0.0;0.0;0.0;0.0;0.0;0.0;0.109375;0.3333333333333333;0.0
0.6000000000000001;1;0.7727708565869027;0.3743362949622735;0.0;0.0;1.0;0.0;0.0;0.0;0.0;0.0;0.0;0.0;0.0;0.0;0.0;0.0;1.0;0.0;0.0;0.0;0.0;0.0;0.0;0.0;0.0;0.0;0.0;0.0703125;0.3333333333333333;0.0
0.6000000000000001;1;0.649230054537648;0.41494373200732815;0.0;0.0;1.0;0.0;0.0;0.0;0.0;0.0;0.0;0.0;0.0;0.0;0.0;0.0;1.0;0.0;0.0;0.0;0.0;0.0;0.0;0.0;0.0;0.0;0.0;0.1171875;0.3333333333333333;0.0
0.8;1;0.7009709952602249;0.4074253210936234;0.0;0.0;1.0;0.0;0.0;0.0;0.0;0.0;0.0;0.0;0.0;0.0;0.0;0.0;1.0;0.0;0.0;0.0;0.0;0.0;0.0;0.0;0.0;0.0;0.0;0.0703125;0.3333333333333333;0.0
0.8;1;0.6950038422173709;0.35952997773981155;0.0;0.0;1.0;0.0;0.0;0.0;0.0;0.0;0.0;0.0;0.0;0.0;0.0;0.0;1.0;0.0;0.0;0.0;0.0;0.0;0.0;0.0;0.0;0.0;0.0;0.0625;0.3333333333333333;0.0
0.6000000000000001;0;0.458881090502715;0.7456599494024254;0.0;0.0;1.0;0.0;0.0;0.0;0.0;0.0;0.0;0.0;0.0;0.0;0.0;0.0;1.0;0.0;0.0;0.0;0.0;0.0;0.0;0.0;0.0;0.0;0.0;0.078125;0.3333333333333333;0.0
0.8;1;0.7556060992115883;0.29719502532866326;0.0;0.0;1.0;0.0;0.0;0.0;0.0;0.0;0.0;0.0;0.0;0.0;0.0;0.0;1.0;0.0;0.0;0.0;0.0;0.0;0.0;0.0;0.0;0.0;0.0;0.1328125;0.3333333333333333;0.0
0.4000000000000001;0;0.6340751589621231;0.5089217911369868;0.0;0.0;1.0;0.0;0.0;0.0;0.0;0.0;0.0;0.0;0.0;0.0;0.0;0.0;1.0;0.0;0.0;0.0;0.0;0.0;0.0;0.0;0.0;0.0;0.0;0.015625;0.3333333333333333;0.0
0.8;1;0.8075628358310302;0.2995850001869367;0.0;0.0;1.0;0.0;0.0;0.0;0.0;0.0;0.0;0.0;0.0;0.0;0.0;0.0;1.0;0.0;0.0;0.0;0.0;0.0;0.0;0.0;0.0;0.0;0.0;0.0546875;0.3333333333333333;0.0
0.4000000000000001;0;0.5392299686222088;0.5520101463571758;0.0;0.0;1.0;0.0;0.0;0.0;0.0;0.0;0.0;0.0;0.0;0.0;0.0;0.0;1.0;0.0;0.0;0.0;0.0;0.0;0.0;0.0;0.0;0.0;0.0;0.078125;0.3333333333333333;0.0
0.6000000000000001;1;0.700319094846954;0.4516487830410887;0.0;0.0;1.0;0.0;0.0;0.0;0.0;0.0;0.0;0.0;0.0;0.0;0.0;0.0;1.0;0.0;0.0;0.0;0.0;0.0;0.0;0.0;0.0;0.0;0.0;0.078125;0.3333333333333333;0.0
0.6000000000000001;0;0.6298633496555655;0.4549856058623396;0.0;0.0;1.0;0.0;0.0;0.0;0.0;0.0;0.0;0.0;0.0;0.0;0.0;0.0;1.0;0.0;0.0;0.0;0.0;0.0;0.0;0.0;0.0;0.0;0.0;0.1171875;0.3333333333333333;0.0
0.6000000000000001;0;0.6301886032901562;0.46332766291546723;0.0;0.0;1.0;0.0;0.0;0.0;0.0;0.0;0.0;0.0;0.0;0.0;0.0;0.0;1.0;0.0;0.0;0.0;0.0;0.0;0.0;0.0;0.0;0.0;0.0;0.078125;0.3333333333333333;0.0
0.6000000000000001;1;0.8005169953085511;0.356701006400038;0.0;0.0;1.0;0.0;0.0;0.0;0.0;0.0;0.0;0.0;0.0;0.0;0.0;0.0;1.0;0.0;0.0;0.0;0.0;0.0;0.0;0.0;0.0;0.0;0.0;0.078125;0.3333333333333333;0.0
0.6000000000000001;0;0.6193833403499951;0.4808097129137603;0.0;0.0;1.0;0.0;0.0;0.0;0.0;0.0;0.0;0.0;0.0;0.0;0.0;0.0;1.0;0.0;0.0;0.0;0.0;0.0;0.0;0.0;0.0;0.0;0.0;0.078125;0.3333333333333333;0.0
0.8;1;0.744914796655854;0.3308557969118031;0.0;0.0;1.0;0.0;0.0;0.0;0.0;0.0;0.0;0.0;0.0;0.0;0.0;0.0;1.0;0.0;0.0;0.0;0.0;0.0;0.0;0.0;0.0;0.0;0.0;0.078125;0.3333333333333333;0.0
0.4000000000000001;1;0.6301822030551842;0.47500654278984555;0.9999999999999999;1.0;0.0;1.0;1.0;1.0;1.0;1.0;1.0;1.0;1.0;1.0;1.0;1.0;0.0;1.0;1.0;1.0;0.9999999999999999;1.0;1.0;1.0;1.0;1.0;1.0;0.890625;1.0;0.0
0.8;1;0.630160205891098;0.4489376144988224;0.0;0.0;1.0;0.0;0.0;0.0;0.0;0.0;0.0;0.0;0.0;0.0;0.0;0.0;1.0;0.0;0.0;0.0;0.0;0.0;0.0;0.0;0.0;0.0;0.0;0.0546875;0.3333333333333333;0.0
0.4000000000000001;0;0.28424082560745273;0.8820989269824655;0.0;0.0;1.0;0.0;0.0;0.0;0.0;0.0;0.0;0.0;0.0;0.0;0.0;0.0;1.0;0.0;0.0;0.0;0.0;0.0;0.0;0.0;0.0;0.0;0.0;0.0703125;0.3333333333333333;0.0
0.8;1;0.7509532843377893;0.29148128762104153;0.9999999999999999;1.0;0.0;1.0;1.0;1.0;1.0;1.0;1.0;1.0;1.0;1.0;1.0;1.0;0.0;1.0;1.0;1.0;0.9999999999999999;1.0;1.0;1.0;1.0;0.0;1.0;0.84375;1.0;1.0
0.6000000000000001;1;0.5402387592578592;0.5817848730698771;0.0;0.0;1.0;0.0;0.0;0.0;0.0;0.0;0.0;0.0;0.0;0.0;0.0;0.0;1.0;0.0;0.0;0.0;0.0;0.0;0.0;0.0;0.0;0.0;0.0;0.078125;0.3333333333333333;0.0
0.6000000000000001;1;0.7566136863915488;0.38768117959540516;0.9999999999999999;1.0;0.0;1.0;1.0;1.0;1.0;1.0;1.0;1.0;1.0;1.0;1.0;1.0;0.0;1.0;1.0;1.0;0.9999999999999999;1.0;1.0;1.0;1.0;1.0;1.0;0.875;1.0;1.0
0.4000000000000001;1;0.6142600438473215;0.4757165050922394;0.0;0.0;1.0;0.0;0.0;0.0;0.0;0.0;0.0;0.0;0.0;0.0;0.0;0.0;1.0;0.0;0.0;0.0;0.0;0.0;0.0;0.0;0.0;0.0;0.0;0.1171875;0.3333333333333333;0.0
0.6000000000000001;1;0.6996861786822688;0.41083687315040374;0.9999999999999999;1.0;0.0;1.0;1.0;1.0;1.0;1.0;1.0;1.0;1.0;1.0;1.0;1.0;0.0;1.0;1.0;1.0;0.9999999999999999;1.0;1.0;1.0;1.0;1.0;1.0;0.890625;1.0;1.0
0.6000000000000001;1;0.536702283688665;0.5674108670706419;0.0;0.0;1.0;0.0;0.0;0.0;0.0;0.0;0.0;0.0;0.0;0.0;0.0;0.0;1.0;0.0;0.0;0.0;0.0;0.0;0.0;0.0;0.0;0.0;0.0;0.0703125;0.3333333333333333;0.0
0.6000000000000001;1;0.5417422151564592;0.5368255761098637;0.0;0.0;1.0;0.0;0.0;0.0;0.0;0.0;0.0;0.0;0.0;0.0;0.0;0.0;1.0;0.0;0.0;0.0;0.0;0.0;0.0;0.0;0.0;0.0;0.0;0.078125;0.3333333333333333;0.0
0.6000000000000001;1;0.6479453286252101;0.4529246270609788;0.0;0.0;1.0;0.0;0.0;0.0;0.0;0.0;0.0;0.0;0.0;0.0;0.0;0.0;1.0;0.0;0.0;0.0;0.0;0.0;0.0;0.0;0.0;0.0;0.0;0.125;0.3333333333333333;0.0
0.8;1;0.7763965360670559;0.25542207326236155;0.0;0.0;1.0;0.0;0.0;0.0;0.0;0.0;0.0;0.0;0.0;0.0;0.0;0.0;1.0;0.0;0.0;0.0;0.0;0.0;0.0;0.0;0.0;0.0;0.0;0.078125;0.3333333333333333;0.0
0.6000000000000001;1;0.6956889750106904;0.3479073364523084;0.0;0.0;1.0;0.0;0.0;0.0;0.0;0.0;0.0;0.0;0.0;0.0;0.0;0.0;1.0;0.0;0.0;0.0;0.0;0.0;0.0;0.0;0.0;0.0;0.0;0.078125;0.3333333333333333;0.0
0.4000000000000001;1;0.8365739152332897;0.2814708191572888;0.0;0.0;1.0;0.0;0.0;0.0;0.0;0.0;0.0;0.0;0.0;0.0;0.0;0.0;1.0;0.0;0.0;0.0;0.0;0.0;0.0;0.0;0.0;0.0;0.0;0.0703125;0.3333333333333333;0.0
0.4000000000000001;1;0.5653365045786187;0.5107927585539866;0.0;0.0;1.0;0.0;0.0;0.0;0.0;0.0;0.0;0.0;0.0;0.0;0.0;0.0;1.0;0.0;0.0;0.0;0.0;0.0;0.0;0.0;0.0;0.0;0.0;0.0546875;0.3333333333333333;0.0
0.6000000000000001;1;0.7448624050420686;0.5066185484648549;0.9999999999999999;1.0;0.0;1.0;1.0;1.0;1.0;1.0;1.0;1.0;1.0;1.0;1.0;1.0;0.0;1.0;1.0;1.0;0.9999999999999999;1.0;1.0;1.0;1.0;1.0;1.0;1.0;1.0;1.0
0.6000000000000001;1;0.7598944826069157;0.26774754783608734;0.9999999999999999;1.0;0.0;1.0;1.0;1.0;1.0;1.0;1.0;1.0;1.0;1.0;1.0;1.0;0.0;1.0;1.0;1.0;0.9999999999999999;1.0;1.0;1.0;0.0;1.0;1.0;0.875;1.0;0.0
0.6000000000000001;1;0.7808507182500485;0.3498756869929338;0.0;0.0;1.0;0.0;0.0;0.0;0.0;0.0;0.0;0.0;0.0;0.0;0.0;0.0;1.0;0.0;0.0;0.0;0.0;0.0;0.0;0.0;0.0;0.0;0.0;0.1171875;0.3333333333333333;0.0
0.6000000000000001;1;0.7196450073270888;0.382698173155239;0.0;0.0;1.0;0.0;0.0;0.0;0.0;0.0;0.0;0.0;0.0;0.0;0.0;0.0;1.0;0.0;0.0;0.0;0.0;0.0;0.0;0.0;0.0;0.0;0.0;0.0625;0.3333333333333333;0.0
0.6000000000000001;1;0.8213008838831863;0.28001095917299135;0.9999999999999999;1.0;0.0;1.0;1.0;1.0;1.0;1.0;1.0;1.0;1.0;1.0;1.0;1.0;0.0;1.0;1.0;1.0;0.9999999999999999;1.0;1.0;1.0;1.0;1.0;1.0;0.984375;1.0;1.0
0.6000000000000001;1;0.7249415029235117;0.3380668010346104;0.0;0.0;1.0;0.0;0.0;0.0;0.0;0.0;0.0;0.0;0.0;0.0;0.0;0.0;1.0;0.0;0.0;0.0;0.0;0.0;0.0;0.0;0.0;0.0;0.0;0.0625;0.3333333333333333;0.0
0.6000000000000001;1;0.49293008605200017;0.5923009207489711;0.9999999999999999;1.0;0.0;1.0;1.0;1.0;1.0;1.0;1.0;1.0;1.0;1.0;1.0;1.0;0.0;1.0;1.0;1.0;0.9999999999999999;1.0;1.0;1.0;1.0;1.0;1.0;0.875;1.0;1.0
0.6000000000000001;1;0.825296866699318;0.17849393259766977;0.9999999999999999;1.0;0.0;1.0;1.0;1.0;1.0;1.0;1.0;1.0;1.0;1.0;1.0;1.0;0.0;1.0;1.0;1.0;0.9999999999999999;1.0;1.0;1.0;1.0;0.0;1.0;0.890625;1.0;1.0
0.4000000000000001;1;0.7020971035753674;0.43229521067783305;0.0;0.0;1.0;0.0;0.0;0.0;0.0;0.0;0.0;0.0;0.0;0.0;0.0;0.0;1.0;0.0;0.0;0.0;0.0;0.0;0.0;0.0;0.0;0.0;0.0;0.078125;0.3333333333333333;0.0
0.6000000000000001;1;0.807989796812413;0.19471342580476325;0.9999999999999999;1.0;0.0;1.0;1.0;1.0;1.0;1.0;1.0;1.0;1.0;1.0;1.0;1.0;0.0;1.0;1.0;1.0;0.9999999999999999;1.0;1.0;1.0;1.0;1.0;0.0;0.828125;1.0;1.0
0.6000000000000001;1;0.7789522639365181;0.3809688087364087;0.9999999999999999;1.0;0.0;1.0;1.0;1.0;1.0;1.0;1.0;1.0;1.0;1.0;1.0;1.0;0.0;1.0;1.0;1.0;0.9999999999999999;1.0;1.0;1.0;0.0;1.0;1.0;0.875;1.0;1.0
0.6000000000000001;1;0.7713255063188695;0.36125121933810767;0.9999999999999999;1.0;0.0;1.0;1.0;1.0;1.0;1.0;1.0;1.0;1.0;1.0;1.0;1.0;0.0;1.0;1.0;1.0;0.9999999999999999;1.0;1.0;1.0;0.0;1.0;1.0;0.875;1.0;1.0
0.4000000000000001;1;0.7750357247830185;0.4249542004710809;0.0;0.0;1.0;0.0;0.0;0.0;0.0;0.0;0.0;0.0;0.0;0.0;0.0;0.0;1.0;0.0;0.0;0.0;0.0;0.0;0.0;0.0;0.0;0.0;0.0;0.1171875;0.3333333333333333;0.0
0.6000000000000001;1;0.8466238328557232;0.18517964631547457;0.0;0.0;1.0;0.0;0.0;0.0;0.0;0.0;0.0;0.0;0.0;0.0;0.0;0.0;1.0;0.0;0.0;0.0;0.0;0.0;0.0;0.0;0.0;0.0;0.0;0.0625;0.3333333333333333;0.0
0.8;1;0.6352472911968214;0.4144067720131037;0.0;0.0;1.0;0.0;0.0;0.0;0.0;0.0;0.0;0.0;0.0;0.0;0.0;0.0;1.0;0.0;0.0;0.0;0.0;0.0;0.0;0.0;0.0;0.0;0.0;0.0625;0.3333333333333333;0.0
1.0000000000000002;1;0.657548271168333;0.44912914131891957;0.0;0.0;1.0;0.0;0.0;0.0;0.0;0.0;0.0;0.0;0.0;0.0;0.0;0.0;1.0;0.0;0.0;0.0;0.0;0.0;0.0;0.0;0.0;0.0;0.0;0.0234375;0.3333333333333333;0.0
0.6000000000000001;1;0.6250179267796033;0.3877357920802047;0.0;0.0;1.0;0.0;0.0;0.0;0.0;0.0;0.0;0.0;0.0;0.0;0.0;0.0;1.0;0.0;0.0;0.0;0.0;0.0;0.0;0.0;0.0;0.0;0.0;0.0625;0.3333333333333333;0.0
0.4000000000000001;1;0.5903260246205566;0.48913896885632036;0.0;0.0;1.0;0.0;0.0;0.0;0.0;0.0;0.0;0.0;0.0;0.0;0.0;0.0;1.0;0.0;0.0;0.0;0.0;0.0;0.0;0.0;0.0;0.0;0.0;0.125;0.3333333333333333;0.0
0.8;1;0.7061753348254246;0.30924179618576453;0.0;0.0;1.0;0.0;0.0;0.0;0.0;0.0;0.0;0.0;0.0;0.0;0.0;0.0;1.0;0.0;0.0;0.0;0.0;0.0;0.0;0.0;0.0;0.0;0.0;0.0625;0.3333333333333333;0.0
0.8;1;0.7133789702194129;0.4429383754167844;0.0;0.0;1.0;0.0;0.0;0.0;0.0;0.0;0.0;0.0;0.0;0.0;0.0;0.0;1.0;0.0;0.0;0.0;0.0;0.0;0.0;0.0;0.0;0.0;0.0;0.046875;0.3333333333333333;0.0
0.4000000000000001;1;0.8007323870428972;0.13020151792724421;0.9999999999999999;1.0;0.0;1.0;1.0;1.0;1.0;1.0;1.0;1.0;1.0;1.0;1.0;1.0;0.0;1.0;1.0;1.0;0.9999999999999999;1.0;1.0;1.0;1.0;1.0;1.0;0.890625;1.0;1.0
0.4000000000000001;0;0.575553760241322;0.5651007589636221;0.0;0.0;1.0;0.0;0.0;0.0;0.0;0.0;0.0;0.0;0.0;0.0;0.0;0.0;1.0;0.0;0.0;0.0;0.0;0.0;0.0;0.0;0.0;0.0;0.0;0.015625;0.3333333333333333;0.0
0.6000000000000001;1;0.8034524568585608;0.2747971735147867;0.0;0.0;1.0;0.0;0.0;0.0;0.0;0.0;0.0;0.0;0.0;0.0;0.0;0.0;1.0;0.0;0.0;0.0;0.0;0.0;0.0;0.0;0.0;0.0;0.0;0.0703125;0.3333333333333333;0.0
0.4000000000000001;0;0.4714563418770562;0.7304460828994035;0.0;0.0;1.0;0.0;0.0;0.0;0.0;0.0;0.0;0.0;0.0;0.0;0.0;0.0;1.0;0.0;0.0;0.0;0.0;0.0;0.0;0.0;0.0;0.0;0.0;0.0625;0.3333333333333333;0.0
0.6000000000000001;1;0.8111392491991313;0.44486749795273983;0.9999999999999999;1.0;0.0;1.0;1.0;1.0;1.0;1.0;1.0;1.0;1.0;1.0;1.0;1.0;0.0;1.0;1.0;1.0;0.9999999999999999;1.0;1.0;1.0;1.0;1.0;1.0;0.96875;1.0;1.0
0.6000000000000001;0;0.7525335457291527;0.35973448169208444;0.0;0.0;1.0;0.0;0.0;0.0;0.0;0.0;0.0;0.0;0.0;0.0;0.0;0.0;1.0;0.0;0.0;0.0;0.0;0.0;0.0;0.0;0.0;0.0;0.0;0.078125;0.3333333333333333;0.0
0.4000000000000001;1;0.727402412722675;0.26526339402549826;0.0;0.0;1.0;0.0;0.0;0.0;0.0;0.0;0.0;0.0;0.0;0.0;0.0;0.0;1.0;0.0;0.0;0.0;0.0;0.0;0.0;0.0;0.0;0.0;0.0;0.0703125;0.0;0.0
0.6000000000000001;1;0.7150424834352298;0.34727440038496926;0.9999999999999999;1.0;0.0;1.0;1.0;1.0;1.0;1.0;1.0;1.0;1.0;1.0;1.0;1.0;0.0;1.0;1.0;1.0;0.9999999999999999;1.0;1.0;1.0;1.0;1.0;1.0;0.734375;1.0;1.0
0.6000000000000001;1;0.6809900957571673;0.3981966589799173;0.0;0.0;1.0;0.0;0.0;0.0;0.0;0.0;0.0;0.0;0.0;0.0;0.0;0.0;1.0;0.0;0.0;0.0;0.0;0.0;0.0;0.0;0.0;0.0;0.0;0.1171875;0.3333333333333333;0.0
0.6000000000000001;1;0.7564010050025478;0.24689914664859014;0.0;0.0;1.0;0.0;0.0;0.0;0.0;0.0;0.0;0.0;0.0;0.0;0.0;0.0;1.0;0.0;0.0;0.0;0.0;0.0;0.0;0.0;0.0;0.0;0.0;0.0859375;0.3333333333333333;0.0
0.4000000000000001;1;0.65745356716858;0.3966637461169964;0.0;0.0;1.0;0.0;0.0;0.0;0.0;0.0;0.0;0.0;0.0;0.0;0.0;0.0;1.0;0.0;0.0;0.0;0.0;0.0;0.0;0.0;0.0;0.0;0.0;0.0703125;0.3333333333333333;0.0
0.4000000000000001;1;0.6708505289785291;0.4363696469648344;0.0;0.0;1.0;0.0;0.0;0.0;0.0;0.0;0.0;0.0;0.0;0.0;0.0;0.0;1.0;0.0;0.0;0.0;0.0;0.0;0.0;0.0;0.0;0.0;0.0;0.015625;0.3333333333333333;0.0
0.6000000000000001;1;0.8362087562280306;0.16501767714700288;0.0;0.0;1.0;0.0;0.0;0.0;0.0;0.0;0.0;0.0;0.0;0.0;0.0;0.0;1.0;0.0;0.0;0.0;0.0;0.0;0.0;0.0;0.0;0.0;0.0;0.0546875;0.3333333333333333;0.0
0.4000000000000001;1;0.6852630385527264;0.44933867493406887;0.0;0.0;1.0;0.0;0.0;0.0;0.0;0.0;0.0;0.0;0.0;0.0;0.0;0.0;1.0;0.0;0.0;0.0;0.0;0.0;0.0;0.0;0.0;0.0;0.0;0.078125;0.3333333333333333;0.0
0.4000000000000001;1;0.3682761001279496;0.868966914589155;0.0;0.0;1.0;0.0;0.0;0.0;0.0;0.0;0.0;0.0;0.0;0.0;0.0;0.0;1.0;0.0;0.0;0.0;0.0;0.0;0.0;0.0;0.0;0.0;0.0;0.0703125;0.3333333333333333;0.0
0.4000000000000001;0;0.5136263813261542;0.6644664157279887;0.0;0.0;1.0;0.0;0.0;0.0;0.0;0.0;0.0;0.0;0.0;0.0;0.0;0.0;1.0;0.0;0.0;0.0;0.0;0.0;0.0;0.0;0.0;0.0;0.0;0.125;0.3333333333333333;0.0
0.4000000000000001;1;0.6719439761436758;0.4459906921702719;0.0;0.0;1.0;0.0;0.0;0.0;0.0;0.0;0.0;0.0;0.0;0.0;0.0;0.0;1.0;0.0;0.0;0.0;0.0;0.0;0.0;0.0;0.0;0.0;0.0;0.0703125;0.3333333333333333;0.0
0.8;1;0.7015167632924983;0.4414049703241014;0.9999999999999999;1.0;0.0;1.0;1.0;1.0;1.0;1.0;1.0;1.0;1.0;1.0;1.0;1.0;0.0;1.0;1.0;1.0;0.9999999999999999;1.0;1.0;1.0;1.0;1.0;1.0;0.90625;1.0;1.0
0.6000000000000001;1;0.5635078656313025;0.5487678893648673;0.0;0.0;1.0;0.0;0.0;0.0;0.0;0.0;0.0;0.0;0.0;0.0;0.0;0.0;1.0;0.0;0.0;0.0;0.0;0.0;0.0;0.0;0.0;0.0;0.0;0.1171875;0.3333333333333333;0.0
0.4000000000000001;1;0.6557156235388932;0.4082700863648261;0.0;0.0;1.0;0.0;0.0;0.0;0.0;0.0;0.0;0.0;0.0;0.0;0.0;0.0;1.0;0.0;0.0;0.0;0.0;0.0;0.0;0.0;0.0;0.0;0.0;0.1171875;0.3333333333333333;0.0
0.6000000000000001;1;0.6193874074725825;0.45108215275068764;0.0;0.0;1.0;0.0;0.0;0.0;0.0;0.0;0.0;0.0;0.0;0.0;0.0;0.0;1.0;0.0;0.0;0.0;0.0;0.0;0.0;0.0;0.0;0.0;0.0;0.1171875;0.3333333333333333;0.0
0.4000000000000001;1;1.0;0.0690264328709762;0.9999999999999999;1.0;0.0;1.0;1.0;1.0;1.0;1.0;1.0;1.0;1.0;1.0;1.0;1.0;0.0;1.0;1.0;1.0;0.9999999999999999;1.0;1.0;1.0;1.0;1.0;1.0;0.890625;1.0;1.0
0.6000000000000001;1;0.7329397582415569;0.39000537197482066;0.0;0.0;1.0;0.0;0.0;0.0;0.0;0.0;0.0;0.0;0.0;0.0;0.0;0.0;1.0;0.0;0.0;0.0;0.0;0.0;0.0;0.0;0.0;0.0;0.0;0.0625;0.3333333333333333;0.0
0.6000000000000001;1;0.7694577043055315;0.36094787180890275;0.0;0.0;1.0;0.0;0.0;0.0;0.0;0.0;0.0;0.0;0.0;0.0;0.0;0.0;1.0;0.0;0.0;0.0;0.0;0.0;0.0;0.0;0.0;0.0;0.0;0.078125;0.3333333333333333;0.0
0.4000000000000001;1;0.5882310032512893;0.6448811591444412;0.0;0.0;1.0;0.0;0.0;0.0;0.0;0.0;0.0;0.0;0.0;0.0;0.0;0.0;1.0;0.0;0.0;0.0;0.0;0.0;0.0;0.0;0.0;0.0;0.0;0.078125;0.3333333333333333;0.0
0.4000000000000001;1;0.5325352776378073;0.5953705088421131;0.0;0.0;1.0;0.0;0.0;0.0;0.0;0.0;0.0;0.0;0.0;0.0;0.0;0.0;1.0;0.0;0.0;0.0;0.0;0.0;0.0;0.0;0.0;0.0;0.0;0.1328125;0.3333333333333333;0.0
0.8;1;0.7323122541567335;0.2811530265076456;0.0;0.0;1.0;0.0;0.0;0.0;0.0;0.0;0.0;0.0;0.0;0.0;0.0;0.0;1.0;0.0;0.0;0.0;0.0;0.0;0.0;0.0;0.0;0.0;0.0;0.078125;0.3333333333333333;0.0
0.4000000000000001;1;0.6130209068790692;0.41021009963299515;0.9999999999999999;1.0;0.0;1.0;1.0;1.0;1.0;1.0;1.0;1.0;1.0;1.0;1.0;1.0;0.0;1.0;1.0;1.0;0.9999999999999999;1.0;1.0;1.0;1.0;1.0;1.0;0.984375;1.0;0.0
0.8;1;0.7566852892025246;0.2398399820540622;0.0;0.0;1.0;0.0;0.0;0.0;0.0;0.0;0.0;0.0;0.0;0.0;0.0;0.0;1.0;0.0;0.0;0.0;0.0;0.0;0.0;0.0;0.0;0.0;0.0;0.078125;0.3333333333333333;0.0
0.4000000000000001;1;0.6743345641305557;0.4467718881484912;0.9999999999999999;1.0;0.0;1.0;1.0;1.0;1.0;1.0;1.0;1.0;1.0;1.0;1.0;1.0;0.0;1.0;1.0;1.0;0.9999999999999999;1.0;1.0;1.0;1.0;1.0;1.0;0.84375;1.0;0.0
0.8;1;0.794778437527705;0.3007502399022943;0.9999999999999999;1.0;0.0;1.0;1.0;1.0;1.0;1.0;1.0;1.0;1.0;1.0;1.0;1.0;0.0;1.0;1.0;1.0;0.9999999999999999;1.0;1.0;1.0;1.0;1.0;0.0;0.875;1.0;1.0
0.4000000000000001;1;0.6381753571515696;0.5697292551350346;0.9999999999999999;1.0;0.0;1.0;1.0;1.0;1.0;1.0;1.0;1.0;1.0;1.0;1.0;1.0;0.0;1.0;1.0;1.0;0.9999999999999999;1.0;1.0;1.0;1.0;1.0;1.0;0.890625;1.0;1.0
0.6000000000000001;1;0.6573311919557852;0.4188502562858658;0.0;0.0;1.0;0.0;0.0;0.0;0.0;0.0;0.0;0.0;0.0;0.0;0.0;0.0;1.0;0.0;0.0;0.0;0.0;0.0;0.0;0.0;0.0;0.0;0.0;0.0859375;0.3333333333333333;0.0
0.6000000000000001;1;0.6178432987261541;0.4029735422041101;0.0;0.0;1.0;0.0;0.0;0.0;0.0;0.0;0.0;0.0;0.0;0.0;0.0;0.0;1.0;0.0;0.0;0.0;0.0;0.0;0.0;0.0;0.0;0.0;0.0;0.1171875;0.3333333333333333;0.0
0.6000000000000001;1;0.7532052247275155;0.3886843871966137;0.0;0.0;1.0;0.0;0.0;0.0;0.0;0.0;0.0;0.0;0.0;0.0;0.0;0.0;1.0;0.0;0.0;0.0;0.0;0.0;0.0;0.0;0.0;0.0;0.0;0.125;0.3333333333333333;0.0
0.8;1;0.5733146357023412;0.5206683287648592;0.9999999999999999;1.0;0.0;1.0;1.0;1.0;1.0;1.0;1.0;1.0;1.0;1.0;1.0;1.0;0.0;1.0;1.0;1.0;0.9999999999999999;1.0;1.0;1.0;1.0;1.0;1.0;0.96875;1.0;1.0
0.6000000000000001;1;0.4967153938233428;0.5806725987961265;0.0;0.0;1.0;0.0;0.0;0.0;0.0;0.0;0.0;0.0;0.0;0.0;0.0;0.0;1.0;0.0;0.0;0.0;0.0;0.0;0.0;0.0;0.0;0.0;0.0;0.0625;0.3333333333333333;0.0
0.6000000000000001;1;0.9900459242463908;0.0;0.0;0.0;1.0;0.0;0.0;0.0;0.0;0.0;0.0;0.0;0.0;0.0;0.0;0.0;1.0;0.0;0.0;0.0;0.0;0.0;0.0;0.0;0.0;0.0;0.0;0.0546875;0.3333333333333333;0.0
0.6000000000000001;1;0.7692735854954411;0.44430777283433653;0.0;0.0;1.0;0.0;0.0;0.0;0.0;0.0;0.0;0.0;0.0;0.0;0.0;0.0;1.0;0.0;0.0;0.0;0.0;0.0;0.0;0.0;0.0;0.0;0.0;0.1171875;0.3333333333333333;0.0
0.6000000000000001;1;0.7143266368785212;0.404344412457472;0.9999999999999999;1.0;0.0;1.0;1.0;1.0;1.0;1.0;1.0;1.0;1.0;1.0;1.0;1.0;0.0;1.0;1.0;1.0;0.9999999999999999;1.0;1.0;1.0;1.0;1.0;1.0;0.890625;1.0;1.0
0.4000000000000001;1;0.8851092954993681;0.24810259094477893;0.9999999999999999;1.0;0.0;1.0;1.0;1.0;1.0;1.0;1.0;1.0;1.0;1.0;1.0;1.0;0.0;1.0;1.0;1.0;0.9999999999999999;1.0;1.0;1.0;1.0;1.0;1.0;0.96875;1.0;1.0
0.8;1;0.6276347033401661;0.44497513739858685;0.0;0.0;1.0;0.0;0.0;0.0;0.0;0.0;0.0;0.0;0.0;0.0;0.0;0.0;1.0;0.0;0.0;0.0;0.0;0.0;0.0;0.0;0.0;0.0;0.0;0.0546875;0.3333333333333333;0.0
0.8;1;0.8481474793003047;0.1977212660943416;0.0;0.0;1.0;0.0;0.0;0.0;0.0;0.0;0.0;0.0;0.0;0.0;0.0;0.0;1.0;0.0;0.0;0.0;0.0;0.0;0.0;0.0;0.0;0.0;0.0;0.0703125;0.3333333333333333;0.0
0.6000000000000001;1;0.6947199889769291;0.36463471101000544;0.0;0.0;1.0;0.0;0.0;0.0;0.0;0.0;0.0;0.0;0.0;0.0;0.0;0.0;1.0;0.0;0.0;0.0;0.0;0.0;0.0;0.0;0.0;0.0;0.0;0.0625;0.3333333333333333;0.0
0.6000000000000001;1;0.648900789114217;0.4594347029573409;0.0;0.0;1.0;0.0;0.0;0.0;0.0;0.0;0.0;0.0;0.0;0.0;0.0;0.0;1.0;0.0;0.0;0.0;0.0;0.0;0.0;0.0;0.0;0.0;0.0;0.1015625;0.3333333333333333;0.0
0.6000000000000001;1;0.3891462776342883;0.7537293902119864;0.0;0.0;1.0;0.0;0.0;0.0;0.0;0.0;0.0;0.0;0.0;0.0;0.0;0.0;1.0;0.0;0.0;0.0;0.0;0.0;0.0;0.0;0.0;0.0;0.0;0.0703125;0.3333333333333333;0.0
0.6000000000000001;1;0.6896981388652351;0.3600144947959656;0.0;0.0;1.0;0.0;0.0;0.0;0.0;0.0;0.0;0.0;0.0;0.0;0.0;0.0;1.0;0.0;0.0;0.0;0.0;0.0;0.0;0.0;0.0;0.0;0.0;0.0703125;0.3333333333333333;0.0
0.6000000000000001;1;0.6895435099584848;0.44978637030364643;0.9999999999999999;1.0;0.0;1.0;1.0;1.0;1.0;1.0;1.0;1.0;1.0;1.0;1.0;1.0;0.0;1.0;1.0;1.0;0.9999999999999999;1.0;1.0;1.0;1.0;0.0;1.0;0.890625;1.0;1.0
0.4000000000000001;0;0.42473283433033415;0.6752159120649044;0.0;0.0;1.0;0.0;0.0;0.0;0.0;0.0;0.0;0.0;0.0;0.0;0.0;0.0;1.0;0.0;0.0;0.0;0.0;0.0;0.0;0.0;0.0;0.0;0.0;0.0390625;0.3333333333333333;0.0
0.6000000000000001;1;0.6556534272915729;0.43222676303021745;0.0;0.0;1.0;0.0;0.0;0.0;0.0;0.0;0.0;0.0;0.0;0.0;0.0;0.0;1.0;0.0;0.0;0.0;0.0;0.0;0.0;0.0;0.0;0.0;0.0;0.078125;0.3333333333333333;0.0
0.4000000000000001;1;0.6415550957331568;0.4384091312019318;0.0;0.0;1.0;0.0;0.0;0.0;0.0;0.0;0.0;0.0;0.0;0.0;0.0;0.0;1.0;0.0;0.0;0.0;0.0;0.0;0.0;0.0;0.0;0.0;0.0;0.078125;0.3333333333333333;0.0
0.6000000000000001;1;0.9384625187962031;0.07708262504066321;0.0;0.0;1.0;0.0;0.0;0.0;0.0;0.0;0.0;0.0;0.0;0.0;0.0;0.0;1.0;0.0;0.0;0.0;0.0;0.0;0.0;0.0;0.0;0.0;0.0;0.09375;0.3333333333333333;0.0
