,disp_id,client_id,account_id
0,1,1,1
1,2,2,2
3,4,4,3
5,6,6,4
6,7,7,5
7,8,8,6
8,9,9,7
9,10,10,8
11,12,12,9
12,13,13,10
13,14,14,11
14,15,15,12
16,17,17,13
18,19,19,14
19,20,20,15
20,21,21,16
21,22,22,17
23,24,24,18
24,25,25,19
25,26,26,20
26,27,27,21
27,28,28,22
28,29,29,23
29,30,30,24
30,31,31,25
31,32,32,26
32,33,33,27
33,36,36,29
35,38,38,30
36,39,39,31
37,40,40,32
38,41,41,33
39,42,42,34
40,43,43,35
41,44,44,36
42,45,45,37
43,46,46,38
44,47,47,39
45,48,48,40
46,49,49,41
47,50,50,42
48,51,51,43
49,52,52,44
50,53,53,45
51,55,55,47
52,56,56,48
54,58,58,49
55,59,59,50
56,60,60,51
57,61,61,52
58,62,62,53
59,63,63,54
60,64,64,55
61,65,65,56
62,66,66,57
63,67,67,58
64,68,68,59
65,70,70,61
67,72,72,62
68,73,73,63
70,75,75,64
71,76,76,65
72,77,77,66
73,78,78,67
74,79,79,68
75,80,80,69
76,81,81,70
78,83,83,71
80,85,85,72
82,87,87,73
83,89,89,75
84,90,90,76
85,91,91,77
86,92,92,78
87,93,93,79
88,94,94,80
90,96,96,81
91,97,97,82
92,98,98,83
94,100,100,84
95,101,101,85
96,102,102,86
98,105,105,88
99,106,106,89
100,107,107,90
101,108,108,91
102,110,110,93
103,112,112,95
105,114,114,96
107,116,116,97
109,118,118,98
111,120,120,99
112,121,121,100
113,122,122,101
114,123,123,102
115,124,124,103
116,125,125,104
118,127,127,105
119,128,128,106
120,129,129,107
121,130,130,108
122,131,131,109
123,132,132,110
124,134,134,112
126,136,136,113
127,137,137,114
128,138,138,115
129,139,139,116
131,141,141,117
132,142,142,118
133,143,143,119
134,144,144,120
135,145,145,121
136,146,146,122
137,147,147,123
139,149,149,124
140,150,150,125
141,151,151,126
142,152,152,127
143,153,153,128
144,154,154,129
146,156,156,130
147,157,157,131
148,158,158,132
150,160,160,133
151,161,161,134
152,162,162,135
153,163,163,136
154,164,164,137
155,165,165,138
157,167,167,139
158,168,168,140
159,169,169,141
161,171,171,142
163,173,173,143
164,174,174,144
165,175,175,145
166,176,176,146
167,178,178,148
168,179,179,149
169,180,180,150
170,181,181,151
172,183,183,152
174,185,185,153
175,186,186,154
176,187,187,155
177,188,188,156
178,189,189,157
179,190,190,158
181,192,192,159
182,193,193,160
183,194,194,161
184,195,195,162
186,197,197,163
187,198,198,164
188,199,199,165
190,201,201,166
191,202,202,167
192,203,203,168
194,205,205,169
195,206,206,170
196,207,207,171
197,208,208,172
199,210,210,173
201,212,212,174
202,215,215,176
203,216,216,177
204,217,217,178
205,218,218,179
206,219,219,180
207,221,221,181
208,222,222,182
209,223,223,183
210,224,224,184
211,225,225,185
212,226,226,186
213,227,227,187
214,228,228,188
215,229,229,189
216,230,230,190
217,231,231,191
218,232,232,192
219,233,233,193
221,235,235,194
222,236,236,195
224,238,238,196
225,239,239,197
226,240,240,198
227,241,241,199
228,242,242,200
229,243,243,201
230,246,246,204
231,247,247,205
232,248,248,206
234,250,250,207
235,251,251,208
236,252,252,209
237,253,253,210
238,254,254,211
239,255,255,212
240,256,256,213
241,257,257,214
243,259,259,215
245,261,261,216
246,262,262,217
247,263,263,218
248,264,264,219
249,265,265,220
250,266,266,221
251,267,267,222
252,268,268,223
253,269,269,224
254,270,270,225
256,272,272,226
257,273,273,227
258,274,274,228
259,275,275,229
260,276,276,230
262,278,278,231
264,280,280,232
265,282,282,234
267,284,284,235
268,285,285,236
270,287,287,237
271,288,288,238
272,289,289,239
273,290,290,240
275,292,292,241
276,293,293,242
277,294,294,243
278,295,295,244
279,296,296,245
280,297,297,246
282,300,300,248
283,301,301,249
284,302,302,250
285,303,303,251
286,304,304,252
287,305,305,253
288,308,308,255
289,309,309,256
290,310,310,257
291,311,311,258
292,312,312,259
293,313,313,260
295,315,315,261
296,316,316,262
297,317,317,263
298,318,318,264
299,319,319,265
301,321,321,266
302,322,322,267
304,324,324,268
305,325,325,269
306,326,326,270
308,328,328,271
309,329,329,272
310,330,330,273
311,331,331,274
312,332,332,275
313,333,333,276
314,334,334,277
315,335,335,278
316,336,336,279
318,338,338,280
319,339,339,281
321,341,341,282
323,343,343,283
324,344,344,284
325,345,345,285
327,347,347,286
329,349,349,287
330,350,350,288
331,351,351,289
332,352,352,290
333,353,353,291
334,354,354,292
336,356,356,293
338,358,358,294
339,359,359,295
340,360,360,296
341,361,361,297
342,362,362,298
344,364,364,299
345,365,365,300
347,367,367,301
349,369,369,302
350,370,370,303
351,371,371,304
352,372,372,305
353,373,373,306
354,374,374,307
355,375,375,308
356,376,376,309
357,378,378,311
359,380,380,312
360,381,381,313
362,383,383,314
364,385,385,315
365,386,386,316
366,387,387,317
367,388,388,318
368,389,389,319
369,390,390,320
370,391,391,321
371,392,392,322
373,394,394,323
375,396,396,324
376,397,397,325
377,398,398,326
378,399,399,327
379,400,400,328
381,402,402,329
382,403,403,330
384,405,405,331
385,406,406,332
386,407,407,333
387,408,408,334
388,409,409,335
389,410,410,336
390,411,411,337
392,413,413,338
393,414,414,339
395,416,416,340
397,418,418,341
398,419,419,342
399,420,420,343
400,421,421,344
401,422,422,345
402,423,423,346
403,424,424,347
404,425,425,348
405,426,426,349
407,428,428,350
408,429,429,351
409,430,430,352
410,431,431,353
411,432,432,354
412,433,433,355
413,434,434,356
414,435,435,357
415,436,436,358
416,437,437,359
417,438,438,360
418,439,439,361
419,440,440,362
420,441,441,363
421,442,442,364
423,444,444,365
424,445,445,366
426,447,447,367
427,448,448,368
428,450,450,370
429,451,451,371
430,452,452,372
431,453,453,373
432,454,454,374
433,455,455,375
434,456,456,376
435,457,457,377
436,458,458,378
437,459,459,379
438,461,461,381
439,462,462,382
440,463,463,383
441,464,464,384
442,465,465,385
443,466,466,386
445,468,468,387
446,469,469,388
447,470,470,389
448,471,471,390
449,472,472,391
450,473,473,392
451,474,474,393
452,476,476,395
454,478,478,396
455,479,479,397
457,481,481,398
459,483,483,399
460,484,484,400
461,485,485,401
462,486,486,402
463,487,487,403
465,489,489,404
466,490,490,405
467,491,491,406
468,492,492,407
469,493,493,408
470,494,494,409
471,495,495,410
472,496,496,411
473,497,497,412
475,499,499,413
476,500,500,414
477,501,501,415
478,502,502,416
479,503,503,417
480,504,504,418
481,505,505,419
482,506,506,420
483,507,507,421
484,508,508,422
485,509,509,423
486,510,510,424
487,511,511,425
488,512,512,426
489,513,513,427
491,515,515,428
493,517,517,429
494,518,518,430
495,519,519,431
496,520,520,432
497,521,521,433
498,522,522,434
499,523,523,435
500,524,524,436
502,526,526,437
504,528,528,438
505,529,529,439
506,530,530,440
507,531,531,441
509,533,533,442
510,534,534,443
511,535,535,444
512,536,536,445
513,537,537,446
514,538,538,447
515,540,540,449
517,542,542,450
518,543,543,451
519,544,544,452
520,545,545,453
521,546,546,454
522,547,547,455
523,548,548,456
524,550,550,458
525,551,551,459
526,552,552,460
528,554,554,461
530,556,556,462
531,557,557,463
532,558,558,464
533,559,559,465
534,560,560,466
535,561,561,467
536,562,562,468
537,563,563,469
539,565,565,470
540,566,566,471
542,568,568,472
543,569,569,473
544,570,570,474
545,571,571,475
547,573,573,476
548,574,574,477
549,575,575,478
551,577,577,479
552,578,578,480
553,579,579,481
554,581,581,483
555,582,582,484
556,583,583,485
557,584,584,486
558,585,585,487
560,587,587,488
561,588,588,489
562,589,589,490
563,590,590,491
564,591,591,492
565,592,592,493
566,593,593,494
567,596,596,496
568,597,597,497
569,598,598,498
571,601,601,500
573,603,603,501
574,604,604,502
575,605,605,503
576,606,606,504
577,607,607,505
578,608,608,506
579,609,609,507
580,610,610,508
581,611,611,509
583,613,613,510
584,614,614,511
585,615,615,512
586,616,616,513
587,617,617,514
588,618,618,515
589,619,619,516
591,621,621,517
592,622,622,518
593,623,623,519
595,625,625,520
596,626,626,521
597,627,627,522
599,629,629,523
600,630,630,524
601,631,631,525
602,632,632,526
604,635,635,528
606,637,637,529
607,638,638,530
608,639,639,531
609,640,640,532
610,641,641,533
612,643,643,534
613,644,644,535
614,645,645,536
615,646,646,537
617,648,648,538
618,649,649,539
619,651,651,540
620,652,652,541
621,653,653,542
622,654,654,543
623,655,655,544
624,656,656,545
625,657,657,546
627,659,659,547
628,660,660,548
630,662,662,549
631,663,663,550
632,664,664,551
633,665,665,552
634,666,666,553
635,667,667,554
636,668,668,555
637,669,669,556
638,670,670,557
639,671,671,558
640,672,672,559
641,673,673,560
642,674,674,561
643,675,675,562
644,676,676,563
645,677,677,564
646,678,678,565
647,679,679,566
649,681,681,567
650,682,682,568
651,683,683,569
652,684,684,570
653,685,685,571
654,686,686,572
656,688,688,573
657,689,689,574
658,690,690,575
660,692,692,576
662,694,694,577
663,695,695,578
665,697,697,579
666,698,698,580
667,699,699,581
668,700,700,582
669,702,702,584
670,703,703,585
671,704,704,586
672,705,705,587
673,706,706,588
674,707,707,589
675,708,708,590
676,709,709,591
677,710,710,592
678,711,711,593
679,712,712,594
680,713,713,595
681,714,714,596
682,715,715,597
683,716,716,598
684,717,717,599
686,719,719,600
687,720,720,601
688,721,721,602
689,722,722,603
690,723,723,604
691,724,724,605
692,725,725,606
693,726,726,607
694,727,727,608
696,729,729,609
698,731,731,610
700,733,733,611
702,735,735,612
704,737,737,613
705,738,738,614
706,739,739,615
707,740,740,616
708,741,741,617
709,742,742,618
710,743,743,619
711,744,744,620
712,745,745,621
714,747,747,622
715,748,748,623
717,750,750,624
718,751,751,625
719,752,752,626
721,754,754,627
722,755,755,628
723,756,756,629
724,757,757,630
725,758,758,631
726,759,759,632
727,760,760,633
728,762,762,635
729,763,763,636
730,764,764,637
731,765,765,638
732,766,766,639
734,768,768,640
735,769,769,641
736,772,772,643
737,773,773,644
738,774,774,645
739,775,775,646
740,776,776,647
742,778,778,648
743,779,779,649
744,780,780,650
745,781,781,651
746,782,782,652
747,783,783,653
749,785,785,654
750,786,786,655
751,787,787,656
752,788,788,657
753,789,789,658
754,790,790,659
755,791,791,660
756,793,793,662
758,796,796,664
759,797,797,665
760,798,798,666
762,803,803,669
764,806,806,671
765,807,807,672
766,808,808,673
767,809,809,674
768,810,810,675
770,812,812,676
771,813,813,677
772,814,814,678
773,815,815,679
774,816,816,680
775,818,818,682
776,819,819,683
778,821,821,684
779,822,822,685
780,823,823,686
781,824,824,687
782,825,825,688
783,826,826,689
784,827,827,690
786,829,829,691
787,830,830,692
788,831,831,693
789,832,832,694
790,833,833,695
791,834,834,696
792,835,835,697
794,837,837,698
796,839,839,699
797,840,840,700
798,841,841,701
799,842,842,702
800,843,843,703
801,844,844,704
803,846,846,705
804,847,847,706
805,849,849,708
806,850,850,709
807,851,851,710
809,853,853,711
810,854,854,712
811,855,855,713
812,856,856,714
813,857,857,715
814,858,858,716
815,859,859,717
817,861,861,718
818,862,862,719
819,863,863,720
820,864,864,721
822,866,866,722
823,870,870,725
824,871,871,726
825,872,872,727
826,873,873,728
827,874,874,729
829,876,876,730
830,877,877,731
832,879,879,732
833,880,880,733
834,881,881,734
835,882,882,735
836,883,883,736
838,885,885,737
839,886,886,738
840,887,887,739
841,888,888,740
842,889,889,741
843,890,890,742
844,891,891,743
845,892,892,744
846,893,893,745
847,894,894,746
848,895,895,747
849,896,896,748
851,898,898,749
853,900,900,750
854,901,901,751
855,902,902,752
856,903,903,753
857,904,904,754
858,905,905,755
859,906,906,756
860,907,907,757
861,908,908,758
862,909,909,759
863,910,910,760
864,911,911,761
865,912,912,762
866,913,913,763
867,914,914,764
868,915,915,765
869,916,916,766
870,917,917,767
871,918,918,768
872,921,921,770
873,922,922,771
875,924,924,772
876,925,925,773
877,926,926,774
878,927,927,775
879,928,928,776
880,929,929,777
881,930,930,778
882,931,931,779
883,932,932,780
884,933,933,781
886,935,935,782
888,937,937,783
889,938,938,784
890,939,939,785
891,940,940,786
892,941,941,787
893,942,942,788
895,944,944,789
897,946,946,790
898,948,948,791
899,949,949,792
900,950,950,793
902,952,952,794
903,953,953,795
904,954,954,796
905,955,955,797
906,956,956,798
907,957,957,799
909,959,959,800
910,960,960,801
911,961,961,802
912,962,962,803
913,963,963,804
914,964,964,805
915,965,965,806
917,967,967,807
918,968,968,808
919,970,970,809
920,971,971,810
922,973,973,811
924,975,975,812
925,976,976,813
926,977,977,814
927,978,978,815
929,980,980,816
930,981,981,817
931,984,984,819
933,986,986,820
934,987,987,821
935,988,988,822
937,990,990,823
938,991,991,824
939,992,992,825
940,993,993,826
941,994,994,827
943,996,996,828
944,997,997,829
946,999,999,830
948,1001,1001,831
949,1002,1002,832
950,1003,1003,833
951,1004,1004,834
952,1006,1006,836
954,1008,1008,837
955,1009,1009,838
957,1011,1011,839
958,1012,1012,840
960,1014,1014,841
961,1015,1015,842
963,1017,1017,843
964,1018,1018,844
965,1019,1019,845
966,1020,1020,846
967,1021,1021,847
968,1022,1022,848
969,1023,1023,849
970,1024,1024,850
971,1025,1025,851
972,1026,1026,852
973,1027,1027,853
975,1029,1029,854
976,1030,1030,855
977,1031,1031,856
978,1032,1032,857
980,1034,1034,858
981,1035,1035,859
983,1037,1037,860
984,1038,1038,861
985,1039,1039,862
986,1040,1040,863
987,1041,1041,864
988,1042,1042,865
990,1044,1044,866
991,1045,1045,867
992,1046,1046,868
993,1047,1047,869
994,1048,1048,870
995,1049,1049,871
996,1050,1050,872
997,1051,1051,873
998,1052,1052,874
1000,1054,1054,875
1001,1055,1055,876
1002,1056,1056,877
1003,1057,1057,878
1004,1058,1058,879
1005,1059,1059,880
1007,1062,1062,882
1009,1064,1064,883
1010,1065,1065,884
1011,1066,1066,885
1012,1067,1067,886
1013,1068,1068,887
1014,1069,1069,888
1016,1071,1071,889
1017,1072,1072,890
1018,1073,1073,891
1020,1075,1075,892
1021,1076,1076,893
1022,1077,1077,894
1023,1078,1078,895
1024,1079,1079,896
1025,1080,1080,897
1026,1081,1081,898
1027,1082,1082,899
1028,1083,1083,900
1030,1085,1085,901
1031,1086,1086,902
1033,1088,1088,903
1034,1089,1089,904
1035,1090,1090,905
1036,1091,1091,906
1037,1092,1092,907
1038,1093,1093,908
1039,1094,1094,909
1041,1096,1096,910
1043,1098,1098,911
1044,1099,1099,912
1045,1100,1100,913
1046,1101,1101,914
1047,1102,1102,915
1048,1103,1103,916
1050,1105,1105,917
1052,1107,1107,918
1053,1108,1108,919
1054,1109,1109,920
1055,1110,1110,921
1056,1111,1111,922
1057,1112,1112,923
1058,1113,1113,924
1059,1114,1114,925
1060,1115,1115,926
1061,1116,1116,927
1062,1117,1117,928
1064,1119,1119,929
1065,1120,1120,930
1066,1121,1121,931
1067,1122,1122,932
1069,1124,1124,933
1070,1125,1125,934
1072,1127,1127,935
1073,1128,1128,936
1074,1129,1129,937
1075,1130,1130,938
1076,1131,1131,939
1078,1133,1133,940
1080,1135,1135,941
1081,1136,1136,942
1082,1137,1137,943
1083,1138,1138,944
1085,1140,1140,945
1086,1141,1141,946
1087,1142,1142,947
1089,1145,1145,949
1090,1146,1146,950
1091,1147,1147,951
1092,1148,1148,952
1093,1149,1149,953
1094,1150,1150,954
1095,1151,1151,955
1096,1152,1152,956
1097,1153,1153,957
1098,1154,1154,958
1100,1156,1156,959
1101,1157,1157,960
1102,1158,1158,961
1103,1159,1159,962
1105,1161,1161,963
1106,1162,1162,964
1107,1163,1163,965
1108,1164,1164,966
1109,1165,1165,967
1110,1166,1166,968
1112,1168,1168,969
1113,1169,1169,970
1114,1170,1170,971
1115,1171,1171,972
1116,1172,1172,973
1118,1174,1174,974
1119,1175,1175,975
1121,1177,1177,976
1122,1178,1178,977
1123,1179,1179,978
1124,1180,1180,979
1125,1181,1181,980
1126,1182,1182,981
1127,1183,1183,982
1128,1186,1186,984
1129,1187,1187,985
1131,1189,1189,986
1132,1190,1190,987
1134,1192,1192,988
1135,1193,1193,989
1136,1194,1194,990
1137,1195,1195,991
1138,1196,1196,992
1139,1197,1197,993
1140,1198,1198,994
1141,1199,1199,995
1142,1200,1200,996
1143,1201,1201,997
1144,1202,1202,998
1145,1204,1204,1000
1146,1206,1206,1002
1147,1207,1207,1003
1148,1208,1208,1004
1149,1209,1209,1005
1150,1210,1210,1006
1151,1211,1211,1007
1152,1212,1212,1008
1153,1213,1213,1009
1154,1214,1214,1010
1155,1215,1215,1011
1156,1216,1216,1012
1157,1217,1217,1013
1158,1218,1218,1014
1159,1219,1219,1015
1160,1220,1220,1016
1161,1221,1221,1017
1162,1222,1222,1018
1163,1223,1223,1019
1164,1224,1224,1020
1165,1225,1225,1021
1166,1226,1226,1022
1168,1228,1228,1023
1169,1229,1229,1024
1170,1231,1231,1026
1172,1233,1233,1027
1173,1234,1234,1028
1175,1236,1236,1029
1176,1237,1237,1030
1177,1238,1238,1031
1178,1239,1239,1032
1179,1240,1240,1033
1180,1241,1241,1034
1181,1242,1242,1035
1182,1243,1243,1036
1183,1244,1244,1037
1184,1245,1245,1038
1185,1246,1246,1039
1187,1248,1248,1040
1188,1250,1250,1042
1189,1251,1251,1043
1191,1253,1253,1044
1192,1254,1254,1045
1193,1255,1255,1046
1194,1256,1256,1047
1195,1257,1257,1048
1197,1259,1259,1049
1198,1260,1260,1050
1200,1262,1262,1051
1202,1264,1264,1052
1203,1265,1265,1053
1204,1266,1266,1054
1205,1267,1267,1055
1207,1269,1269,1056
1208,1270,1270,1057
1209,1271,1271,1058
1210,1272,1272,1059
1211,1273,1273,1060
1212,1274,1274,1061
1213,1275,1275,1062
1214,1276,1276,1063
1215,1277,1277,1064
1216,1278,1278,1065
1217,1279,1279,1066
1218,1280,1280,1067
1220,1282,1282,1068
1221,1283,1283,1069
1223,1285,1285,1070
1224,1286,1286,1071
1225,1287,1287,1072
1226,1288,1288,1073
1227,1289,1289,1074
1228,1290,1290,1075
1229,1291,1291,1076
1230,1292,1292,1077
1231,1293,1293,1078
1233,1295,1295,1079
1234,1296,1296,1080
1235,1297,1297,1081
1237,1299,1299,1082
1238,1300,1300,1083
1239,1303,1303,1085
1240,1304,1304,1086
1241,1305,1305,1087
1242,1306,1306,1088
1243,1307,1307,1089
1244,1308,1308,1090
1245,1309,1309,1091
1246,1310,1310,1092
1247,1311,1311,1093
1248,1312,1312,1094
1249,1313,1313,1095
1251,1315,1315,1096
1252,1316,1316,1097
1254,1318,1318,1098
1255,1321,1321,1100
1256,1322,1322,1101
1257,1323,1323,1102
1258,1324,1324,1103
1259,1325,1325,1104
1260,1326,1326,1105
1261,1327,1327,1106
1262,1328,1328,1107
1263,1329,1329,1108
1264,1330,1330,1109
1265,1331,1331,1110
1266,1332,1332,1111
1267,1333,1333,1112
1268,1334,1334,1113
1269,1335,1335,1114
1271,1337,1337,1115
1273,1339,1339,1116
1274,1340,1340,1117
1275,1341,1341,1118
1276,1343,1343,1120
1278,1345,1345,1121
1279,1346,1346,1122
1280,1347,1347,1123
1282,1349,1349,1124
1283,1350,1350,1125
1285,1352,1352,1126
1286,1353,1353,1127
1287,1354,1354,1128
1288,1355,1355,1129
1289,1356,1356,1130
1290,1359,1359,1132
1292,1361,1361,1133
1294,1363,1363,1134
1295,1364,1364,1135
1297,1366,1366,1136
1298,1367,1367,1137
1300,1369,1369,1138
1301,1370,1370,1139
1302,1371,1371,1140
1303,1372,1372,1141
1304,1373,1373,1142
1305,1375,1375,1144
1306,1376,1376,1145
1308,1378,1378,1146
1310,1380,1380,1147
1311,1382,1382,1149
1312,1383,1383,1150
1313,1384,1384,1151
1314,1385,1385,1152
1316,1387,1387,1153
1317,1388,1388,1154
1318,1389,1389,1155
1319,1390,1390,1156
1320,1391,1391,1157
1321,1392,1392,1158
1323,1394,1394,1159
1325,1396,1396,1160
1326,1397,1397,1161
1327,1401,1401,1164
1328,1402,1402,1165
1330,1404,1404,1166
1331,1406,1406,1168
1333,1408,1408,1169
1334,1409,1409,1170
1335,1410,1410,1171
1337,1412,1412,1172
1338,1413,1413,1173
1339,1414,1414,1174
1340,1416,1416,1176
1341,1417,1417,1177
1342,1418,1418,1178
1343,1419,1419,1179
1345,1421,1421,1180
1346,1422,1422,1181
1348,1424,1424,1182
1349,1425,1425,1183
1351,1427,1427,1184
1352,1428,1428,1185
1354,1430,1430,1186
1355,1431,1431,1187
1356,1432,1432,1188
1357,1433,1433,1189
1359,1435,1435,1190
1360,1438,1438,1192
1361,1439,1439,1193
1362,1440,1440,1194
1363,1441,1441,1195
1365,1443,1443,1196
1367,1445,1445,1197
1368,1446,1446,1198
1370,1448,1448,1199
1371,1449,1449,1200
1372,1450,1450,1201
1373,1452,1452,1203
1374,1453,1453,1204
1375,1454,1454,1205
1377,1456,1456,1206
1379,1458,1458,1207
1380,1459,1459,1208
1381,1460,1460,1209
1382,1461,1461,1210
1383,1462,1462,1211
1384,1463,1463,1212
1385,1464,1464,1213
1387,1466,1466,1214
1388,1467,1467,1215
1389,1468,1468,1216
1390,1469,1469,1217
1391,1470,1470,1218
1393,1472,1472,1219
1394,1473,1473,1220
1395,1474,1474,1221
1396,1475,1475,1222
1397,1476,1476,1223
1398,1478,1478,1225
1399,1479,1479,1226
1400,1480,1480,1227
1401,1481,1481,1228
1402,1482,1482,1229
1403,1483,1483,1230
1405,1485,1485,1231
1407,1487,1487,1232
1408,1488,1488,1233
1409,1489,1489,1234
1410,1490,1490,1235
1411,1491,1491,1236
1412,1492,1492,1237
1413,1493,1493,1238
1415,1495,1495,1239
1416,1496,1496,1240
1417,1497,1497,1241
1419,1499,1499,1242
1420,1500,1500,1243
1421,1501,1501,1244
1422,1502,1502,1245
1423,1503,1503,1246
1425,1505,1505,1247
1426,1506,1506,1248
1428,1508,1508,1249
1429,1509,1509,1250
1430,1510,1510,1251
1431,1511,1511,1252
1432,1512,1512,1253
1433,1513,1513,1254
1434,1514,1514,1255
1435,1516,1516,1256
1436,1517,1517,1257
1437,1518,1518,1258
1439,1520,1520,1259
1440,1521,1521,1260
1441,1522,1522,1261
1442,1523,1523,1262
1443,1524,1524,1263
1444,1525,1525,1264
1446,1527,1527,1265
1447,1528,1528,1266
1448,1529,1529,1267
1449,1530,1530,1268
1450,1531,1531,1269
1452,1533,1533,1270
1453,1534,1534,1271
1454,1535,1535,1272
1455,1536,1536,1273
1456,1537,1537,1274
1457,1539,1539,1275
1458,1540,1540,1276
1460,1542,1542,1277
1462,1546,1546,1279
1464,1548,1548,1280
1466,1550,1550,1281
1467,1554,1554,1284
1468,1555,1555,1285
1469,1556,1556,1286
1470,1557,1557,1287
1471,1558,1558,1288
1472,1559,1559,1289
1473,1561,1561,1291
1475,1563,1563,1292
1476,1564,1564,1293
1477,1565,1565,1294
1478,1566,1566,1295
1479,1567,1567,1296
1481,1569,1569,1297
1483,1571,1571,1298
1484,1572,1572,1299
1485,1574,1574,1301
1486,1575,1575,1302
1488,1577,1577,1303
1489,1578,1578,1304
1490,1579,1579,1305
1491,1580,1580,1306
1492,1581,1581,1307
1493,1582,1582,1308
1494,1583,1583,1309
1495,1584,1584,1310
1496,1585,1585,1311
1498,1587,1587,1312
1499,1588,1588,1313
1500,1589,1589,1314
1501,1590,1590,1315
1502,1591,1591,1316
1503,1592,1592,1317
1505,1594,1594,1318
1506,1595,1595,1319
1507,1596,1596,1320
1508,1597,1597,1321
1509,1598,1598,1322
1510,1599,1599,1323
1512,1601,1601,1324
1514,1603,1603,1325
1516,1605,1605,1326
1517,1606,1606,1327
1518,1607,1607,1328
1519,1608,1608,1329
1521,1610,1610,1330
1522,1611,1611,1331
1524,1613,1613,1332
1525,1614,1614,1333
1526,1615,1615,1334
1527,1616,1616,1335
1528,1617,1617,1336
1529,1618,1618,1337
1530,1619,1619,1338
1532,1621,1621,1339
1533,1622,1622,1340
1534,1623,1623,1341
1535,1624,1624,1342
1537,1628,1628,1344
1538,1629,1629,1345
1540,1631,1631,1346
1541,1632,1632,1347
1542,1633,1633,1348
1544,1635,1635,1349
1546,1637,1637,1350
1547,1638,1638,1351
1548,1639,1639,1352
1549,1640,1640,1353
1550,1641,1641,1354
1551,1642,1642,1355
1552,1643,1643,1356
1553,1644,1644,1357
1554,1645,1645,1358
1555,1646,1646,1359
1556,1647,1647,1360
1557,1648,1648,1361
1559,1650,1650,1362
1560,1651,1651,1363
1561,1653,1653,1365
1562,1654,1654,1366
1563,1655,1655,1367
1564,1656,1656,1368
1565,1657,1657,1369
1566,1658,1658,1370
1567,1659,1659,1371
1568,1660,1660,1372
1569,1661,1661,1373
1570,1662,1662,1374
1571,1663,1663,1375
1572,1664,1664,1376
1574,1666,1666,1377
1576,1668,1668,1378
1577,1669,1669,1379
1578,1670,1670,1380
1579,1671,1671,1381
1581,1673,1673,1382
1582,1674,1674,1383
1583,1675,1675,1384
1584,1676,1676,1385
1586,1679,1679,1387
1587,1680,1680,1388
1588,1681,1681,1389
1589,1682,1682,1390
1590,1683,1683,1391
1592,1685,1685,1392
1593,1686,1686,1393
1595,1688,1688,1394
1596,1689,1689,1395
1597,1690,1690,1396
1598,1691,1691,1397
1599,1692,1692,1398
1600,1693,1693,1399
1602,1696,1696,1401
1603,1697,1697,1402
1605,1699,1699,1403
1606,1700,1700,1404
1608,1702,1702,1405
1609,1703,1703,1406
1611,1705,1705,1407
1613,1707,1707,1408
1614,1709,1709,1410
1615,1710,1710,1411
1616,1711,1711,1412
1618,1713,1713,1413
1619,1714,1714,1414
1620,1717,1717,1416
1621,1718,1718,1417
1622,1719,1719,1418
1623,1720,1720,1419
1625,1722,1722,1420
1626,1723,1723,1421
1627,1724,1724,1422
1628,1725,1725,1423
1630,1727,1727,1424
1632,1729,1729,1425
1633,1730,1730,1426
1634,1731,1731,1427
1635,1733,1733,1429
1636,1734,1734,1430
1638,1736,1736,1431
1639,1737,1737,1432
1641,1741,1741,1434
1642,1742,1742,1435
1643,1743,1743,1436
1644,1744,1744,1437
1645,1745,1745,1438
1646,1746,1746,1439
1648,1748,1748,1440
1649,1749,1749,1441
1650,1750,1750,1442
1651,1751,1751,1443
1652,1752,1752,1444
1653,1753,1753,1445
1654,1754,1754,1446
1655,1755,1755,1447
1656,1756,1756,1448
1658,1758,1758,1449
1659,1759,1759,1450
1660,1760,1760,1451
1661,1761,1761,1452
1662,1762,1762,1453
1663,1763,1763,1454
1664,1764,1764,1455
1665,1765,1765,1456
1666,1768,1768,1458
1667,1769,1769,1459
1669,1771,1771,1460
1670,1772,1772,1461
1671,1774,1774,1463
1672,1775,1775,1464
1673,1776,1776,1465
1674,1777,1777,1466
1676,1779,1779,1467
1677,1780,1780,1468
1678,1781,1781,1469
1679,1782,1782,1470
1680,1783,1783,1471
1681,1784,1784,1472
1682,1785,1785,1473
1683,1786,1786,1474
1685,1788,1788,1475
1686,1789,1789,1476
1687,1790,1790,1477
1688,1791,1791,1478
1689,1792,1792,1479
1690,1793,1793,1480
1691,1794,1794,1481
1692,1795,1795,1482
1693,1796,1796,1483
1695,1798,1798,1484
1696,1799,1799,1485
1697,1800,1800,1486
1698,1801,1801,1487
1700,1803,1803,1488
1701,1806,1806,1490
1702,1807,1807,1491
1704,1809,1809,1492
1705,1810,1810,1493
1706,1811,1811,1494
1707,1812,1812,1495
1709,1814,1814,1496
1710,1815,1815,1497
1711,1816,1816,1498
1712,1817,1817,1499
1714,1819,1819,1500
1715,1820,1820,1501
1716,1821,1821,1502
1717,1822,1822,1503
1718,1823,1823,1504
1719,1824,1824,1505
1720,1825,1825,1506
1721,1826,1826,1507
1723,1828,1828,1508
1724,1829,1829,1509
1725,1830,1830,1510
1726,1831,1831,1511
1727,1832,1832,1512
1728,1833,1833,1513
1729,1834,1834,1514
1731,1836,1836,1515
1732,1837,1837,1516
1734,1839,1839,1517
1736,1841,1841,1518
1737,1842,1842,1519
1738,1843,1843,1520
1739,1844,1844,1521
1741,1846,1846,1522
1742,1847,1847,1523
1743,1848,1848,1524
1744,1849,1849,1525
1745,1850,1850,1526
1746,1851,1851,1527
1747,1852,1852,1528
1748,1853,1853,1529
1749,1854,1854,1530
1750,1856,1856,1532
1752,1860,1860,1534
1753,1861,1861,1535
1754,1862,1862,1536
1755,1863,1863,1537
1756,1864,1864,1538
1758,1866,1866,1539
1759,1867,1867,1540
1760,1868,1868,1541
1761,1869,1869,1542
1763,1871,1871,1543
1764,1872,1872,1544
1766,1874,1874,1545
1767,1875,1875,1546
1768,1876,1876,1547
1769,1877,1877,1548
1771,1879,1879,1549
1772,1880,1880,1550
1773,1881,1881,1551
1775,1883,1883,1552
1776,1884,1884,1553
1777,1885,1885,1554
1778,1886,1886,1555
1779,1887,1887,1556
1780,1888,1888,1557
1781,1889,1889,1558
1782,1890,1890,1559
1783,1891,1891,1560
1784,1892,1892,1561
1786,1894,1894,1562
1787,1895,1895,1563
1788,1896,1896,1564
1789,1897,1897,1565
1790,1898,1898,1566
1791,1899,1899,1567
1792,1900,1900,1568
1794,1903,1903,1570
1795,1904,1904,1571
1796,1905,1905,1572
1797,1906,1906,1573
1798,1907,1907,1574
1799,1908,1908,1575
1800,1909,1909,1576
1801,1910,1910,1577
1802,1911,1911,1578
1803,1912,1912,1579
1804,1913,1913,1580
1805,1914,1914,1581
1807,1916,1916,1582
1808,1917,1917,1583
1809,1919,1919,1584
1810,1920,1920,1585
1811,1921,1921,1586
1813,1923,1923,1587
1814,1924,1924,1588
1815,1925,1925,1589
1817,1927,1927,1590
1819,1929,1929,1591
1820,1930,1930,1592
1821,1931,1931,1593
1822,1932,1932,1594
1823,1934,1934,1596
1824,1935,1935,1597
1825,1936,1936,1598
1827,1938,1938,1599
1828,1939,1939,1600
1830,1941,1941,1601
1832,1943,1943,1602
1833,1944,1944,1603
1834,1945,1945,1604
1835,1946,1946,1605
1836,1947,1947,1606
1837,1948,1948,1607
1839,1950,1950,1608
1840,1951,1951,1609
1841,1952,1952,1610
1843,1954,1954,1611
1844,1955,1955,1612
1845,1956,1956,1613
1846,1957,1957,1614
1848,1959,1959,1615
1849,1960,1960,1616
1850,1961,1961,1617
1851,1962,1962,1618
1852,1963,1963,1619
1853,1964,1964,1620
1854,1965,1965,1621
1855,1966,1966,1622
1856,1967,1967,1623
1858,1969,1969,1624
1859,1970,1970,1625
1860,1971,1971,1626
1861,1972,1972,1627
1862,1973,1973,1628
1863,1974,1974,1629
1865,1976,1976,1630
1866,1977,1977,1631
1867,1978,1978,1632
1868,1979,1979,1633
1869,1980,1980,1634
1870,1981,1981,1635
1871,1982,1982,1636
1873,1984,1984,1637
1874,1985,1985,1638
1876,1988,1988,1640
1877,1989,1989,1641
1879,1991,1991,1642
1880,1993,1993,1644
1882,1995,1995,1645
1883,1996,1996,1646
1884,1997,1997,1647
1885,1998,1998,1648
1886,1999,1999,1649
1887,2000,2000,1650
1888,2001,2001,1651
1889,2002,2002,1652
1891,2004,2004,1653
1892,2005,2005,1654
1893,2006,2006,1655
1895,2008,2008,1656
1896,2009,2009,1657
1897,2010,2010,1658
1898,2011,2011,1659
1900,2013,2013,1660
1901,2015,2015,1662
1902,2016,2016,1663
1904,2018,2018,1664
1905,2019,2019,1665
1907,2021,2021,1666
1908,2022,2022,1667
1910,2024,2024,1668
1911,2025,2025,1669
1913,2027,2027,1670
1915,2029,2029,1671
1916,2030,2030,1672
1917,2031,2031,1673
1918,2032,2032,1674
1920,2034,2034,1675
1922,2037,2037,1677
1923,2038,2038,1678
1924,2039,2039,1679
1925,2040,2040,1680
1926,2041,2041,1681
1927,2042,2042,1682
1928,2043,2043,1683
1929,2044,2044,1684
1930,2045,2045,1685
1932,2047,2047,1686
1933,2048,2048,1687
1934,2049,2049,1688
1936,2051,2051,1689
1938,2053,2053,1690
1939,2054,2054,1691
1940,2055,2055,1692
1941,2056,2056,1693
1942,2057,2057,1694
1943,2058,2058,1695
1944,2059,2059,1696
1946,2061,2061,1697
1948,2063,2063,1698
1949,2064,2064,1699
1950,2065,2065,1700
1951,2066,2066,1701
1952,2067,2067,1702
1953,2068,2068,1703
1954,2069,2069,1704
1955,2070,2070,1705
1956,2071,2071,1706
1957,2072,2072,1707
1958,2073,2073,1708
1959,2074,2074,1709
1960,2075,2075,1710
1961,2076,2076,1711
1962,2077,2077,1712
1963,2078,2078,1713
1964,2079,2079,1714
1965,2080,2080,1715
1966,2081,2081,1716
1967,2082,2082,1717
1968,2083,2083,1718
1969,2084,2084,1719
1971,2086,2086,1720
1972,2087,2087,1721
1973,2088,2088,1722
1974,2089,2089,1723
1976,2091,2091,1724
1977,2092,2092,1725
1978,2093,2093,1726
1980,2095,2095,1727
1981,2096,2096,1728
1982,2097,2097,1729
1984,2099,2099,1730
1985,2100,2100,1731
1987,2102,2102,1732
1988,2103,2103,1733
1989,2104,2104,1734
1990,2105,2105,1735
1991,2106,2106,1736
1993,2108,2108,1737
1994,2109,2109,1738
1995,2110,2110,1739
1996,2111,2111,1740
1997,2112,2112,1741
1998,2113,2113,1742
1999,2114,2114,1743
2001,2116,2116,1744
2002,2117,2117,1745
2003,2118,2118,1746
2004,2119,2119,1747
2005,2121,2121,1749
2006,2122,2122,1750
2007,2123,2123,1751
2008,2124,2124,1752
2009,2125,2125,1753
2010,2126,2126,1754
2011,2128,2128,1756
2012,2129,2129,1757
2013,2130,2130,1758
2014,2131,2131,1759
2016,2133,2133,1760
2018,2135,2135,1761
2019,2136,2136,1762
2020,2137,2137,1763
2021,2138,2138,1764
2022,2139,2139,1765
2024,2141,2141,1766
2025,2142,2142,1767
2027,2144,2144,1768
2028,2145,2145,1769
2029,2146,2146,1770
2030,2147,2147,1771
2031,2148,2148,1772
2032,2149,2149,1773
2033,2150,2150,1774
2035,2152,2152,1775
2036,2153,2153,1776
2037,2154,2154,1777
2038,2155,2155,1778
2039,2156,2156,1779
2040,2157,2157,1780
2041,2158,2158,1781
2042,2159,2159,1782
2043,2160,2160,1783
2044,2161,2161,1784
2046,2163,2163,1785
2047,2164,2164,1786
2049,2166,2166,1787
2050,2167,2167,1788
2051,2168,2168,1789
2053,2170,2170,1790
2054,2171,2171,1791
2055,2172,2172,1792
2056,2173,2173,1793
2057,2174,2174,1794
2058,2175,2175,1795
2059,2176,2176,1796
2060,2177,2177,1797
2061,2178,2178,1798
2062,2179,2179,1799
2063,2180,2180,1800
2064,2181,2181,1801
2065,2182,2182,1802
2067,2184,2184,1803
2068,2185,2185,1804
2069,2186,2186,1805
2070,2187,2187,1806
2072,2189,2189,1807
2073,2190,2190,1808
2075,2192,2192,1809
2077,2194,2194,1810
2078,2195,2195,1811
2079,2196,2196,1812
2080,2197,2197,1813
2081,2198,2198,1814
2083,2200,2200,1815
2084,2201,2201,1816
2086,2203,2203,1817
2087,2204,2204,1818
2088,2205,2205,1819
2089,2206,2206,1820
2090,2207,2207,1821
2092,2209,2209,1822
2094,2211,2211,1823
2095,2212,2212,1824
2096,2213,2213,1825
2097,2214,2214,1826
2098,2215,2215,1827
2099,2216,2216,1828
2101,2218,2218,1829
2103,2220,2220,1830
2105,2222,2222,1831
2106,2223,2223,1832
2107,2224,2224,1833
2108,2225,2225,1834
2109,2226,2226,1835
2110,2227,2227,1836
2111,2228,2228,1837
2112,2229,2229,1838
2113,2230,2230,1839
2114,2231,2231,1840
2115,2232,2232,1841
2117,2235,2235,1843
2118,2236,2236,1844
2119,2237,2237,1845
2121,2239,2239,1846
2122,2240,2240,1847
2124,2242,2242,1848
2126,2246,2246,1851
2127,2247,2247,1852
2128,2248,2248,1853
2129,2249,2249,1854
2130,2250,2250,1855
2131,2251,2251,1856
2132,2252,2252,1857
2134,2254,2254,1858
2135,2255,2255,1859
2136,2256,2256,1860
2137,2257,2257,1861
2139,2259,2259,1862
2140,2260,2260,1863
2142,2263,2263,1865
2143,2264,2264,1866
2144,2265,2265,1867
2145,2266,2266,1868
2146,2267,2267,1869
2147,2268,2268,1870
2148,2269,2269,1871
2149,2270,2270,1872
2151,2274,2274,1874
2153,2276,2276,1875
2154,2277,2277,1876
2155,2278,2278,1877
2156,2279,2279,1878
2157,2280,2280,1879
2158,2281,2281,1880
2159,2282,2282,1881
2160,2283,2283,1882
2161,2286,2286,1884
2162,2287,2287,1885
2163,2288,2288,1886
2165,2290,2290,1887
2166,2291,2291,1888
2167,2292,2292,1889
2168,2293,2293,1890
2169,2294,2294,1891
2170,2295,2295,1892
2172,2297,2297,1893
2174,2299,2299,1894
2175,2300,2300,1895
2177,2302,2302,1896
2178,2303,2303,1897
2180,2305,2305,1898
2182,2307,2307,1899
2183,2308,2308,1900
2184,2309,2309,1901
2185,2310,2310,1902
2187,2312,2312,1903
2188,2313,2313,1904
2189,2314,2314,1905
2191,2316,2316,1906
2192,2317,2317,1907
2193,2318,2318,1908
2194,2319,2319,1909
2195,2320,2320,1910
2196,2321,2321,1911
2197,2322,2322,1912
2198,2323,2323,1913
2199,2324,2324,1914
2200,2325,2325,1915
2201,2326,2326,1916
2202,2327,2327,1917
2203,2328,2328,1918
2204,2329,2329,1919
2205,2330,2330,1920
2206,2331,2331,1921
2207,2332,2332,1922
2209,2335,2335,1924
2210,2336,2336,1925
2212,2338,2338,1926
2214,2340,2340,1927
2216,2342,2342,1928
2217,2343,2343,1929
2218,2344,2344,1930
2219,2345,2345,1931
2221,2347,2347,1932
2222,2348,2348,1933
2223,2349,2349,1934
2225,2351,2351,1935
2226,2352,2352,1936
2227,2353,2353,1937
2228,2354,2354,1938
2229,2355,2355,1939
2230,2356,2356,1940
2232,2358,2358,1941
2234,2361,2361,1943
2236,2363,2363,1944
2237,2364,2364,1945
2238,2365,2365,1946
2239,2366,2366,1947
2241,2368,2368,1948
2243,2370,2370,1949
2244,2371,2371,1950
2245,2372,2372,1951
2246,2373,2373,1952
2247,2374,2374,1953
2248,2375,2375,1954
2250,2377,2377,1955
2251,2378,2378,1956
2252,2379,2379,1957
2253,2380,2380,1958
2255,2382,2382,1959
2256,2383,2383,1960
2258,2385,2385,1961
2260,2387,2387,1962
2261,2388,2388,1963
2262,2389,2389,1964
2263,2390,2390,1965
2264,2391,2391,1966
2265,2392,2392,1967
2266,2393,2393,1968
2267,2394,2394,1969
2268,2395,2395,1970
2269,2396,2396,1971
2270,2397,2397,1972
2271,2398,2398,1973
2272,2399,2399,1974
2273,2400,2400,1975
2274,2401,2401,1976
2275,2402,2402,1977
2276,2403,2403,1978
2277,2404,2404,1979
2279,2406,2406,1980
2280,2407,2407,1981
2281,2408,2408,1982
2282,2409,2409,1983
2283,2410,2410,1984
2285,2412,2412,1985
2286,2413,2413,1986
2287,2414,2414,1987
2289,2416,2416,1988
2290,2417,2417,1989
2291,2418,2418,1990
2292,2419,2419,1991
2293,2420,2420,1992
2295,2422,2422,1993
2296,2423,2423,1994
2297,2424,2424,1995
2298,2425,2425,1996
2299,2426,2426,1997
2301,2428,2428,1998
2302,2429,2429,1999
2303,2430,2430,2000
2304,2431,2431,2001
2305,2432,2432,2002
2306,2433,2433,2003
2307,2434,2434,2004
2308,2435,2435,2005
2309,2436,2436,2006
2310,2437,2437,2007
2311,2438,2438,2008
2313,2440,2440,2009
2314,2441,2441,2010
2316,2443,2443,2011
2317,2444,2444,2012
2318,2445,2445,2013
2319,2447,2447,2015
2321,2449,2449,2016
2322,2450,2450,2017
2323,2451,2451,2018
2324,2452,2452,2019
2325,2453,2453,2020
2326,2454,2454,2021
2327,2455,2455,2022
2329,2457,2457,2023
2331,2459,2459,2024
2332,2460,2460,2025
2333,2461,2461,2026
2334,2462,2462,2027
2335,2463,2463,2028
2336,2464,2464,2029
2337,2465,2465,2030
2338,2467,2467,2032
2339,2468,2468,2033
2340,2469,2469,2034
2341,2470,2470,2035
2343,2472,2472,2036
2344,2473,2473,2037
2345,2474,2474,2038
2346,2475,2475,2039
2347,2476,2476,2040
2349,2478,2478,2041
2350,2479,2479,2042
2351,2480,2480,2043
2352,2481,2481,2044
2353,2482,2482,2045
2355,2484,2484,2046
2356,2485,2485,2047
2357,2486,2486,2048
2358,2487,2487,2049
2359,2488,2488,2050
2360,2489,2489,2051
2361,2490,2490,2052
2362,2491,2491,2053
2364,2493,2493,2054
2365,2494,2494,2055
2366,2495,2495,2056
2367,2496,2496,2057
2368,2497,2497,2058
2369,2498,2498,2059
2370,2499,2499,2060
2371,2500,2500,2061
2372,2501,2501,2062
2373,2502,2502,2063
2374,2503,2503,2064
2375,2504,2504,2065
2376,2505,2505,2066
2377,2506,2506,2067
2378,2507,2507,2068
2379,2508,2508,2069
2381,2510,2510,2070
2382,2511,2511,2071
2384,2513,2513,2072
2385,2514,2514,2073
2386,2515,2515,2074
2387,2516,2516,2075
2388,2517,2517,2076
2390,2519,2519,2077
2391,2520,2520,2078
2392,2521,2521,2079
2393,2522,2522,2080
2395,2524,2524,2081
2396,2525,2525,2082
2397,2526,2526,2083
2398,2527,2527,2084
2399,2528,2528,2085
2400,2529,2529,2086
2401,2530,2530,2087
2402,2531,2531,2088
2403,2532,2532,2089
2404,2533,2533,2090
2405,2534,2534,2091
2406,2535,2535,2092
2407,2536,2536,2093
2408,2537,2537,2094
2409,2538,2538,2095
2410,2539,2539,2096
2411,2540,2540,2097
2412,2542,2542,2099
2414,2545,2545,2101
2415,2546,2546,2102
2416,2547,2547,2103
2417,2548,2548,2104
2418,2549,2549,2105
2419,2550,2550,2106
2420,2551,2551,2107
2421,2552,2552,2108
2422,2553,2553,2109
2423,2554,2554,2110
2424,2555,2555,2111
2425,2556,2556,2112
2426,2557,2557,2113
2427,2558,2558,2114
2428,2559,2559,2115
2429,2560,2560,2116
2430,2561,2561,2117
2431,2562,2562,2118
2432,2563,2563,2119
2433,2565,2565,2121
2434,2566,2566,2122
2435,2567,2567,2123
2437,2569,2569,2124
2439,2571,2571,2125
2440,2572,2572,2126
2441,2573,2573,2127
2442,2574,2574,2128
2443,2576,2576,2130
2444,2577,2577,2131
2445,2578,2578,2132
2446,2579,2579,2133
2448,2581,2581,2134
2449,2582,2582,2135
2450,2583,2583,2136
2451,2584,2584,2137
2452,2585,2585,2138
2453,2586,2586,2139
2455,2588,2588,2140
2456,2589,2589,2141
2457,2590,2590,2142
2459,2592,2592,2143
2461,2594,2594,2144
2462,2596,2596,2146
2463,2597,2597,2147
2465,2599,2599,2148
2466,2600,2600,2149
2467,2601,2601,2150
2469,2603,2603,2151
2470,2604,2604,2152
2472,2606,2606,2153
2473,2607,2607,2154
2474,2608,2608,2155
2475,2609,2609,2156
2477,2611,2611,2157
2478,2612,2612,2158
2479,2613,2613,2159
2480,2614,2614,2160
2481,2615,2615,2161
2482,2616,2616,2162
2484,2618,2618,2163
2485,2619,2619,2164
2487,2621,2621,2165
2488,2622,2622,2166
2489,2623,2623,2167
2490,2625,2625,2169
2491,2626,2626,2170
2492,2628,2628,2172
2494,2630,2630,2173
2495,2631,2631,2174
2497,2633,2633,2175
2498,2635,2635,2176
2499,2636,2636,2177
2500,2637,2637,2178
2501,2638,2638,2179
2502,2639,2639,2180
2504,2642,2642,2182
2505,2643,2643,2183
2506,2644,2644,2184
2507,2645,2645,2185
2508,2646,2646,2186
2509,2647,2647,2187
2511,2650,2650,2189
2513,2652,2652,2190
2514,2653,2653,2191
2515,2654,2654,2192
2516,2655,2655,2193
2517,2656,2656,2194
2518,2657,2657,2195
2519,2658,2658,2196
2520,2659,2659,2197
2521,2661,2661,2199
2522,2662,2662,2200
2523,2663,2663,2201
2524,2666,2666,2203
2525,2667,2667,2204
2527,2669,2669,2205
2528,2670,2670,2206
2529,2671,2671,2207
2530,2672,2672,2208
2531,2673,2673,2209
2533,2675,2675,2210
2534,2676,2676,2211
2535,2677,2677,2212
2537,2679,2679,2213
2539,2681,2681,2214
2541,2683,2683,2215
2542,2684,2684,2216
2543,2685,2685,2217
2544,2686,2686,2218
2546,2688,2688,2219
2547,2689,2689,2220
2548,2690,2690,2221
2549,2691,2691,2222
2550,2692,2692,2223
2551,2693,2693,2224
2552,2694,2694,2225
2554,2696,2696,2226
2556,2698,2698,2227
2558,2700,2700,2228
2559,2701,2701,2229
2560,2702,2702,2230
2561,2703,2703,2231
2562,2704,2704,2232
2563,2705,2705,2233
2564,2706,2706,2234
2565,2707,2707,2235
2566,2708,2708,2236
2567,2709,2709,2237
2568,2712,2712,2239
2569,2713,2713,2240
2570,2714,2714,2241
2571,2715,2715,2242
2572,2716,2716,2243
2573,2717,2717,2244
2575,2719,2719,2245
2576,2720,2720,2246
2577,2721,2721,2247
2578,2724,2724,2250
2579,2726,2726,2252
2581,2728,2728,2253
2582,2729,2729,2254
2583,2730,2730,2255
2584,2731,2731,2256
2585,2732,2732,2257
2586,2733,2733,2258
2588,2735,2735,2259
2589,2736,2736,2260
2590,2738,2738,2261
2591,2739,2739,2262
2592,2740,2740,2263
2593,2741,2741,2264
2594,2742,2742,2265
2595,2743,2743,2266
2597,2745,2745,2267
2598,2746,2746,2268
2599,2747,2747,2269
2601,2749,2749,2270
2603,2751,2751,2271
2604,2752,2752,2272
2605,2754,2754,2274
2606,2755,2755,2275
2607,2756,2756,2276
2608,2758,2758,2278
2609,2759,2759,2279
2610,2760,2760,2280
2611,2761,2761,2281
2612,2762,2762,2282
2613,2765,2765,2285
2614,2766,2766,2286
2616,2768,2768,2287
2617,2769,2769,2288
2618,2770,2770,2289
2619,2771,2771,2290
2621,2773,2773,2291
2623,2775,2775,2292
2624,2776,2776,2293
2625,2777,2777,2294
2626,2778,2778,2295
2627,2779,2779,2296
2629,2781,2781,2297
2630,2782,2782,2298
2631,2783,2783,2299
2632,2784,2784,2300
2633,2785,2785,2301
2634,2786,2786,2302
2635,2787,2787,2303
2636,2788,2788,2304
2637,2789,2789,2305
2638,2790,2790,2306
2639,2791,2791,2307
2640,2794,2794,2309
2642,2796,2796,2310
2643,2797,2797,2311
2644,2798,2798,2312
2645,2799,2799,2313
2646,2800,2800,2314
2647,2801,2801,2315
2648,2802,2802,2316
2649,2803,2803,2317
2651,2805,2805,2318
2652,2806,2806,2319
2653,2808,2808,2321
2654,2809,2809,2322
2655,2810,2810,2323
2656,2811,2811,2324
2657,2812,2812,2325
2658,2813,2813,2326
2659,2814,2814,2327
2660,2815,2815,2328
2662,2817,2817,2329
2663,2818,2818,2330
2664,2819,2819,2331
2665,2820,2820,2332
2666,2821,2821,2333
2667,2822,2822,2334
2668,2823,2823,2335
2669,2824,2824,2336
2670,2825,2825,2337
2671,2826,2826,2338
2672,2827,2827,2339
2673,2828,2828,2340
2674,2829,2829,2341
2675,2830,2830,2342
2676,2831,2831,2343
2677,2832,2832,2344
2679,2834,2834,2345
2680,2835,2835,2346
2681,2836,2836,2347
2683,2838,2838,2348
2684,2839,2839,2349
2686,2841,2841,2350
2687,2842,2842,2351
2688,2843,2843,2352
2689,2844,2844,2353
2690,2845,2845,2354
2691,2846,2846,2355
2692,2847,2847,2356
2694,2849,2849,2357
2695,2850,2850,2358
2696,2851,2851,2359
2697,2852,2852,2360
2698,2853,2853,2361
2699,2854,2854,2362
2701,2856,2856,2363
2702,2857,2857,2364
2703,2858,2858,2365
2704,2859,2859,2366
2705,2860,2860,2367
2706,2862,2862,2369
2708,2864,2864,2370
2709,2865,2865,2371
2711,2867,2867,2372
2712,2868,2868,2373
2713,2869,2869,2374
2714,2870,2870,2375
2715,2871,2871,2376
2716,2872,2872,2377
2717,2873,2873,2378
2718,2874,2874,2379
2719,2875,2875,2380
2720,2876,2876,2381
2721,2877,2877,2382
2722,2878,2878,2383
2723,2879,2879,2384
2724,2880,2880,2385
2725,2881,2881,2386
2726,2882,2882,2387
2727,2883,2883,2388
2728,2884,2884,2389
2729,2885,2885,2390
2731,2887,2887,2391
2732,2888,2888,2392
2733,2889,2889,2393
2734,2890,2890,2394
2736,2892,2892,2395
2737,2893,2893,2396
2738,2894,2894,2397
2739,2895,2895,2398
2740,2896,2896,2399
2741,2897,2897,2400
2743,2899,2899,2401
2744,2900,2900,2402
2745,2901,2901,2403
2746,2902,2902,2404
2748,2904,2904,2405
2750,2906,2906,2406
2752,2908,2908,2407
2753,2909,2909,2408
2754,2910,2910,2409
2755,2911,2911,2410
2757,2913,2913,2411
2758,2915,2915,2413
2759,2916,2916,2414
2760,2917,2917,2415
2761,2918,2918,2416
2763,2920,2920,2417
2764,2921,2921,2418
2765,2922,2922,2419
2766,2923,2923,2420
2767,2924,2924,2421
2769,2926,2926,2422
2771,2928,2928,2423
2772,2929,2929,2424
2773,2930,2930,2425
2774,2932,2932,2427
2775,2933,2933,2428
2777,2935,2935,2429
2778,2936,2936,2430
2779,2937,2937,2431
2780,2938,2938,2432
2781,2939,2939,2433
2782,2940,2940,2434
2783,2941,2941,2435
2784,2942,2942,2436
2785,2943,2943,2437
2786,2944,2944,2438
2787,2945,2945,2439
2789,2947,2947,2440
2790,2948,2948,2441
2791,2949,2949,2442
2792,2950,2950,2443
2793,2951,2951,2444
2794,2952,2952,2445
2795,2953,2953,2446
2796,2954,2954,2447
2798,2956,2956,2448
2799,2957,2957,2449
2800,2958,2958,2450
2801,2959,2959,2451
2802,2960,2960,2452
2804,2962,2962,2453
2806,2964,2964,2454
2807,2965,2965,2455
2808,2966,2966,2456
2809,2967,2967,2457
2810,2968,2968,2458
2811,2969,2969,2459
2813,2971,2971,2460
2814,2972,2972,2461
2815,2974,2974,2463
2816,2975,2975,2464
2817,2976,2976,2465
2818,2977,2977,2466
2819,2978,2978,2467
2820,2979,2979,2468
2821,2980,2980,2469
2822,2981,2981,2470
2823,2982,2982,2471
2825,2984,2984,2472
2827,2986,2986,2473
2829,2988,2988,2474
2830,2989,2989,2475
2831,2990,2990,2476
2833,2992,2992,2477
2834,2994,2994,2479
2835,2995,2995,2480
2836,2996,2996,2481
2837,2997,2997,2482
2838,2998,2998,2483
2839,2999,2999,2484
2840,3000,3000,2485
2841,3001,3001,2486
2842,3002,3002,2487
2843,3003,3003,2488
2845,3005,3005,2489
2846,3006,3006,2490
2847,3007,3007,2491
2848,3008,3008,2492
2849,3009,3009,2493
2851,3011,3011,2494
2852,3012,3012,2495
2853,3013,3013,2496
2855,3015,3015,2497
2856,3016,3016,2498
2857,3017,3017,2499
2858,3018,3018,2500
2859,3019,3019,2501
2860,3020,3020,2502
2861,3021,3021,2503
2863,3023,3023,2504
2864,3024,3024,2505
2866,3026,3026,2506
2867,3027,3027,2507
2868,3028,3028,2508
2869,3029,3029,2509
2870,3030,3030,2510
2871,3031,3031,2511
2873,3035,3035,2513
2874,3036,3036,2514
2875,3037,3037,2515
2876,3038,3038,2516
2877,3039,3039,2517
2878,3041,3041,2519
2879,3042,3042,2520
2880,3043,3043,2521
2881,3044,3044,2522
2882,3045,3045,2523
2883,3046,3046,2524
2884,3047,3047,2525
2885,3048,3048,2526
2886,3049,3049,2527
2888,3051,3051,2528
2889,3054,3054,2530
2890,3055,3055,2531
2891,3056,3056,2532
2893,3058,3058,2533
2894,3059,3059,2534
2895,3060,3060,2535
2897,3062,3062,2536
2898,3063,3063,2537
2899,3064,3064,2538
2900,3065,3065,2539
2901,3066,3066,2540
2902,3067,3067,2541
2904,3069,3069,2542
2905,3070,3070,2543
2906,3071,3071,2544
2907,3072,3072,2545
2909,3074,3074,2546
2910,3075,3075,2547
2911,3076,3076,2548
2912,3077,3077,2549
2914,3079,3079,2550
2915,3080,3080,2551
2917,3082,3082,2552
2918,3083,3083,2553
2919,3084,3084,2554
2920,3085,3085,2555
2922,3087,3087,2556
2923,3088,3088,2557
2924,3089,3089,2558
2925,3090,3090,2559
2926,3091,3091,2560
2927,3092,3092,2561
2928,3093,3093,2562
2929,3094,3094,2563
2930,3095,3095,2564
2931,3096,3096,2565
2932,3097,3097,2566
2933,3098,3098,2567
2934,3099,3099,2568
2935,3100,3100,2569
2936,3101,3101,2570
2937,3102,3102,2571
2938,3103,3103,2572
2939,3104,3104,2573
2940,3105,3105,2574
2941,3106,3106,2575
2942,3107,3107,2576
2944,3109,3109,2577
2945,3110,3110,2578
2947,3112,3112,2579
2948,3113,3113,2580
2950,3115,3115,2581
2951,3116,3116,2582
2952,3117,3117,2583
2954,3119,3119,2584
2955,3120,3120,2585
2956,3121,3121,2586
2958,3123,3123,2587
2959,3124,3124,2588
2960,3125,3125,2589
2961,3126,3126,2590
2962,3127,3127,2591
2963,3128,3128,2592
2964,3129,3129,2593
2965,3130,3130,2594
2966,3131,3131,2595
2967,3132,3132,2596
2968,3133,3133,2597
2969,3134,3134,2598
2970,3135,3135,2599
2971,3136,3136,2600
2972,3137,3137,2601
2974,3139,3139,2602
2976,3141,3141,2603
2977,3142,3142,2604
2978,3143,3143,2605
2979,3144,3144,2606
2981,3146,3146,2607
2982,3147,3147,2608
2983,3148,3148,2609
2985,3150,3150,2610
2986,3151,3151,2611
2987,3152,3152,2612
2988,3153,3153,2613
2990,3155,3155,2614
2991,3156,3156,2615
2992,3157,3157,2616
2993,3158,3158,2617
2994,3159,3159,2618
2995,3160,3160,2619
2996,3161,3161,2620
2997,3162,3162,2621
2998,3163,3163,2622
3000,3165,3165,2623
3001,3166,3166,2624
3002,3167,3167,2625
3003,3170,3170,2627
3005,3172,3172,2628
3006,3173,3173,2629
3008,3175,3175,2630
3009,3176,3176,2631
3010,3177,3177,2632
3011,3178,3178,2633
3012,3179,3179,2634
3014,3181,3181,2635
3015,3182,3182,2636
3016,3183,3183,2637
3017,3184,3184,2638
3018,3185,3185,2639
3019,3186,3186,2640
3020,3187,3187,2641
3021,3188,3188,2642
3022,3190,3190,2644
3023,3191,3191,2645
3024,3192,3192,2646
3025,3193,3193,2647
3026,3194,3194,2648
3027,3195,3195,2649
3028,3196,3196,2650
3029,3197,3197,2651
3031,3199,3199,2652
3033,3201,3201,2653
3034,3202,3202,2654
3035,3203,3203,2655
3037,3205,3205,2656
3039,3207,3207,2657
3040,3208,3208,2658
3042,3210,3210,2659
3043,3211,3211,2660
3044,3213,3213,2661
3045,3214,3214,2662
3046,3215,3215,2663
3047,3216,3216,2664
3048,3217,3217,2665
3049,3218,3218,2666
3051,3220,3220,2667
3053,3222,3222,2668
3054,3225,3225,2670
3055,3226,3226,2671
3056,3227,3227,2672
3057,3228,3228,2673
3058,3229,3229,2674
3059,3230,3230,2675
3060,3231,3231,2676
3061,3232,3232,2677
3062,3233,3233,2678
3063,3234,3234,2679
3064,3235,3235,2680
3065,3236,3236,2681
3066,3239,3239,2684
3067,3240,3240,2685
3068,3241,3241,2686
3070,3243,3243,2687
3071,3244,3244,2688
3072,3245,3245,2689
3073,3246,3246,2690
3074,3247,3247,2691
3075,3248,3248,2692
3076,3249,3249,2693
3078,3251,3251,2694
3080,3253,3253,2695
3081,3254,3254,2696
3082,3255,3255,2697
3083,3256,3256,2698
3084,3257,3257,2699
3085,3258,3258,2700
3086,3259,3259,2701
3087,3260,3260,2702
3089,3262,3262,2703
3090,3264,3264,2705
3091,3265,3265,2706
3093,3267,3267,2707
3094,3268,3268,2708
3095,3269,3269,2709
3096,3270,3270,2710
3097,3271,3271,2711
3098,3272,3272,2712
3100,3274,3274,2713
3102,3276,3276,2714
3103,3277,3277,2715
3105,3279,3279,2716
3107,3281,3281,2717
3108,3282,3282,2718
3109,3283,3283,2719
3110,3284,3284,2720
3112,3286,3286,2721
3114,3288,3288,2722
3115,3289,3289,2723
3116,3290,3290,2724
3117,3291,3291,2725
3118,3292,3292,2726
3119,3293,3293,2727
3120,3294,3294,2728
3121,3295,3295,2729
3122,3296,3296,2730
3123,3297,3297,2731
3124,3298,3298,2732
3125,3299,3299,2733
3126,3300,3300,2734
3127,3302,3302,2736
3129,3304,3304,2737
3130,3305,3305,2738
3131,3306,3306,2739
3132,3307,3307,2740
3133,3308,3308,2741
3135,3310,3310,2742
3136,3311,3311,2743
3137,3312,3312,2744
3138,3313,3313,2745
3139,3314,3314,2746
3141,3316,3316,2747
3143,3319,3319,2749
3145,3321,3321,2750
3146,3322,3322,2751
3147,3323,3323,2752
3148,3324,3324,2753
3150,3326,3326,2754
3151,3327,3327,2755
3152,3328,3328,2756
3153,3329,3329,2757
3155,3331,3331,2758
3156,3332,3332,2759
3157,3333,3333,2760
3158,3334,3334,2761
3159,3335,3335,2762
3160,3336,3336,2763
3161,3337,3337,2764
3162,3338,3338,2765
3163,3339,3339,2766
3164,3340,3340,2767
3166,3342,3342,2768
3167,3344,3344,2770
3168,3345,3345,2771
3170,3347,3347,2772
3171,3348,3348,2773
3172,3349,3349,2774
3173,3350,3350,2775
3175,3352,3352,2776
3177,3354,3354,2777
3178,3355,3355,2778
3179,3356,3356,2779
3180,3357,3357,2780
3181,3358,3358,2781
3182,3359,3359,2782
3183,3360,3360,2783
3184,3361,3361,2784
3185,3365,3365,2787
3186,3366,3366,2788
3188,3368,3368,2789
3189,3369,3369,2790
3190,3370,3370,2791
3192,3372,3372,2792
3193,3373,3373,2793
3195,3375,3375,2794
3196,3376,3376,2795
3198,3378,3378,2796
3200,3380,3380,2797
3201,3381,3381,2798
3202,3382,3382,2799
3204,3384,3384,2800
3205,3385,3385,2801
3206,3386,3386,2802
3207,3387,3387,2803
3208,3388,3388,2804
3209,3389,3389,2805
3210,3390,3390,2806
3211,3391,3391,2807
3212,3392,3392,2808
3213,3393,3393,2809
3214,3394,3394,2810
3215,3395,3395,2811
3216,3396,3396,2812
3217,3397,3397,2813
3219,3399,3399,2814
3220,3402,3402,2816
3222,3404,3404,2817
3223,3405,3405,2818
3225,3407,3407,2819
3227,3409,3409,2820
3228,3410,3410,2821
3229,3412,3412,2823
3231,3414,3414,2824
3232,3415,3415,2825
3233,3416,3416,2826
3235,3418,3418,2827
3236,3420,3420,2829
3237,3421,3421,2830
3238,3422,3422,2831
3239,3423,3423,2832
3240,3424,3424,2833
3241,3425,3425,2834
3242,3426,3426,2835
3243,3427,3427,2836
3245,3429,3429,2837
3246,3430,3430,2838
3247,3431,3431,2839
3248,3432,3432,2840
3249,3433,3433,2841
3251,3435,3435,2842
3252,3436,3436,2843
3254,3438,3438,2844
3255,3439,3439,2845
3256,3440,3440,2846
3257,3441,3441,2847
3258,3443,3443,2849
3259,3444,3444,2850
3260,3445,3445,2851
3261,3446,3446,2852
3262,3447,3447,2853
3263,3448,3448,2854
3264,3449,3449,2855
3265,3450,3450,2856
3266,3451,3451,2857
3268,3453,3453,2858
3269,3454,3454,2859
3271,3456,3456,2860
3272,3457,3457,2861
3273,3458,3458,2862
3274,3459,3459,2863
3276,3461,3461,2864
3278,3463,3463,2865
3279,3464,3464,2866
3280,3465,3465,2867
3281,3466,3466,2868
3283,3468,3468,2869
3284,3469,3469,2870
3285,3470,3470,2871
3286,3471,3471,2872
3287,3472,3472,2873
3289,3474,3474,2874
3290,3475,3475,2875
3291,3476,3476,2876
3292,3477,3477,2877
3293,3478,3478,2878
3295,3480,3480,2879
3297,3482,3482,2880
3298,3483,3483,2881
3299,3484,3484,2882
3300,3485,3485,2883
3301,3486,3486,2884
3302,3487,3487,2885
3303,3488,3488,2886
3304,3489,3489,2887
3305,3490,3490,2888
3307,3492,3492,2889
3308,3493,3493,2890
3309,3494,3494,2891
3310,3495,3495,2892
3312,3497,3497,2893
3313,3498,3498,2894
3314,3499,3499,2895
3315,3500,3500,2896
3316,3501,3501,2897
3317,3502,3502,2898
3319,3504,3504,2899
3320,3505,3505,2900
3321,3506,3506,2901
3322,3507,3507,2902
3323,3508,3508,2903
3325,3510,3510,2904
3326,3511,3511,2905
3327,3512,3512,2906
3328,3513,3513,2907
3330,3515,3515,2908
3331,3516,3516,2909
3332,3517,3517,2910
3333,3518,3518,2911
3334,3519,3519,2912
3335,3520,3520,2913
3336,3521,3521,2914
3337,3522,3522,2915
3338,3523,3523,2916
3339,3524,3524,2917
3340,3525,3525,2918
3342,3527,3527,2919
3343,3528,3528,2920
3344,3529,3529,2921
3345,3530,3530,2922
3346,3531,3531,2923
3347,3532,3532,2924
3348,3533,3533,2925
3349,3534,3534,2926
3350,3535,3535,2927
3351,3536,3536,2928
3352,3537,3537,2929
3353,3538,3538,2930
3354,3539,3539,2931
3355,3540,3540,2932
3357,3542,3542,2933
3359,3544,3544,2934
3360,3545,3545,2935
3361,3546,3546,2936
3362,3547,3547,2937
3363,3548,3548,2938
3364,3549,3549,2939
3365,3550,3550,2940
3366,3552,3552,2942
3367,3554,3554,2944
3369,3556,3556,2945
3371,3558,3558,2946
3372,3559,3559,2947
3374,3562,3562,2949
3376,3564,3564,2950
3377,3565,3565,2951
3378,3566,3566,2952
3379,3567,3567,2953
3380,3568,3568,2954
3381,3569,3569,2955
3382,3570,3570,2956
3383,3571,3571,2957
3384,3572,3572,2958
3385,3573,3573,2959
3386,3574,3574,2960
3387,3575,3575,2961
3388,3576,3576,2962
3389,3577,3577,2963
3390,3578,3578,2964
3392,3580,3580,2965
3393,3581,3581,2966
3394,3582,3582,2967
3395,3583,3583,2968
3397,3585,3585,2969
3398,3586,3586,2970
3400,3588,3588,2971
3401,3589,3589,2972
3402,3590,3590,2973
3403,3591,3591,2974
3405,3594,3594,2976
3406,3595,3595,2977
3407,3596,3596,2978
3408,3597,3597,2979
3409,3598,3598,2980
3411,3600,3600,2981
3412,3601,3601,2982
3414,3603,3603,2983
3415,3605,3605,2985
3416,3606,3606,2986
3417,3607,3607,2987
3418,3608,3608,2988
3420,3610,3610,2989
3421,3611,3611,2990
3422,3612,3612,2991
3424,3614,3614,2992
3425,3615,3615,2993
3426,3616,3616,2994
3427,3617,3617,2995
3428,3618,3618,2996
3429,3619,3619,2997
3430,3620,3620,2998
3431,3621,3621,2999
3433,3623,3623,3000
3434,3624,3624,3001
3435,3627,3627,3003
3436,3628,3628,3004
3437,3629,3629,3005
3438,3630,3630,3006
3440,3632,3632,3007
3441,3633,3633,3008
3442,3634,3634,3009
3444,3636,3636,3010
3445,3637,3637,3011
3446,3638,3638,3012
3447,3639,3639,3013
3448,3640,3640,3014
3450,3642,3642,3015
3451,3643,3643,3016
3452,3644,3644,3017
3453,3645,3645,3018
3454,3646,3646,3019
3456,3648,3648,3020
3457,3649,3649,3021
3458,3650,3650,3022
3459,3651,3651,3023
3460,3652,3652,3024
3462,3654,3654,3025
3463,3655,3655,3026
3464,3656,3656,3027
3466,3658,3658,3028
3467,3659,3659,3029
3468,3660,3660,3030
3469,3661,3661,3031
3470,3662,3662,3032
3471,3663,3663,3033
3473,3667,3667,3035
3475,3669,3669,3036
3476,3670,3670,3037
3477,3671,3671,3038
3479,3673,3673,3039
3480,3674,3674,3040
3481,3675,3675,3041
3482,3676,3676,3042
3484,3678,3678,3043
3485,3679,3679,3044
3487,3681,3681,3045
3489,3683,3683,3046
3490,3684,3684,3047
3491,3685,3685,3048
3492,3686,3686,3049
3493,3687,3687,3050
3495,3689,3689,3051
3496,3690,3690,3052
3497,3691,3691,3053
3498,3693,3693,3055
3500,3695,3695,3056
3502,3697,3697,3057
3503,3698,3698,3058
3504,3699,3699,3059
3506,3701,3701,3060
3507,3702,3702,3061
3508,3703,3703,3062
3509,3704,3704,3063
3510,3705,3705,3064
3511,3707,3707,3066
3512,3708,3708,3067
3514,3710,3710,3068
3515,3711,3711,3069
3516,3712,3712,3070
3517,3713,3713,3071
3518,3714,3714,3072
3519,3716,3716,3074
3520,3717,3717,3075
3522,3719,3719,3076
3524,3721,3721,3077
3525,3722,3722,3078
3526,3723,3723,3079
3527,3724,3724,3080
3528,3727,3727,3082
3529,3728,3728,3083
3531,3730,3730,3084
3532,3732,3732,3085
3533,3733,3733,3086
3534,3734,3734,3087
3535,3735,3735,3088
3537,3737,3737,3089
3538,3738,3738,3090
3539,3739,3739,3091
3540,3740,3740,3092
3541,3741,3741,3093
3542,3742,3742,3094
3544,3745,3745,3096
3545,3746,3746,3097
3546,3747,3747,3098
3547,3748,3748,3099
3548,3749,3749,3100
3549,3750,3750,3101
3550,3751,3751,3102
3552,3753,3753,3103
3553,3754,3754,3104
3554,3755,3755,3105
3555,3756,3756,3106
3556,3757,3757,3107
3557,3758,3758,3108
3559,3760,3760,3109
3560,3761,3761,3110
3561,3762,3762,3111
3562,3763,3763,3112
3564,3765,3765,3113
3565,3766,3766,3114
3566,3767,3767,3115
3568,3769,3769,3116
3569,3770,3770,3117
3570,3771,3771,3118
3572,3773,3773,3119
3573,3774,3774,3120
3574,3775,3775,3121
3575,3776,3776,3122
3577,3779,3779,3124
3578,3780,3780,3125
3579,3781,3781,3126
3580,3782,3782,3127
3581,3783,3783,3128
3583,3785,3785,3129
3584,3786,3786,3130
3585,3787,3787,3131
3586,3788,3788,3132
3587,3789,3789,3133
3588,3790,3790,3134
3589,3791,3791,3135
3590,3792,3792,3136
3591,3793,3793,3137
3592,3794,3794,3138
3593,3795,3795,3139
3594,3796,3796,3140
3596,3798,3798,3141
3597,3799,3799,3142
3598,3800,3800,3143
3600,3802,3802,3144
3601,3803,3803,3145
3603,3805,3805,3146
3604,3806,3806,3147
3605,3807,3807,3148
3606,3808,3808,3149
3607,3811,3811,3151
3608,3812,3812,3152
3609,3813,3813,3153
3610,3814,3814,3154
3611,3815,3815,3155
3612,3816,3816,3156
3613,3817,3817,3157
3614,3818,3818,3158
3616,3821,3821,3160
3617,3822,3822,3161
3618,3823,3823,3162
3619,3824,3824,3163
3621,3826,3826,3164
3623,3829,3829,3166
3624,3830,3830,3167
3625,3831,3831,3168
3627,3833,3833,3169
3628,3834,3834,3170
3629,3835,3835,3171
3630,3836,3836,3172
3631,3837,3837,3173
3632,3838,3838,3174
3634,3840,3840,3175
3635,3841,3841,3176
3636,3842,3842,3177
3637,3843,3843,3178
3638,3844,3844,3179
3639,3845,3845,3180
3640,3846,3846,3181
3641,3847,3847,3182
3642,3848,3848,3183
3643,3849,3849,3184
3644,3850,3850,3185
3646,3852,3852,3186
3647,3853,3853,3187
3648,3854,3854,3188
3649,3855,3855,3189
3650,3856,3856,3190
3651,3857,3857,3191
3652,3858,3858,3192
3654,3860,3860,3193
3655,3861,3861,3194
3656,3862,3862,3195
3657,3863,3863,3196
3659,3865,3865,3197
3661,3868,3868,3199
3662,3869,3869,3200
3663,3870,3870,3201
3665,3872,3872,3202
3666,3873,3873,3203
3667,3874,3874,3204
3668,3875,3875,3205
3670,3877,3877,3206
3671,3880,3880,3208
3672,3881,3881,3209
3674,3883,3883,3210
3675,3884,3884,3211
3676,3885,3885,3212
3677,3886,3886,3213
3678,3887,3887,3214
3680,3890,3890,3216
3681,3891,3891,3217
3682,3892,3892,3218
3683,3893,3893,3219
3684,3894,3894,3220
3686,3896,3896,3221
3687,3897,3897,3222
3688,3898,3898,3223
3689,3899,3899,3224
3690,3900,3900,3225
3692,3902,3902,3226
3693,3903,3903,3227
3694,3904,3904,3228
3696,3906,3906,3229
3697,3907,3907,3230
3698,3908,3908,3231
3700,3910,3910,3232
3701,3911,3911,3233
3702,3912,3912,3234
3703,3913,3913,3235
3704,3914,3914,3236
3705,3915,3915,3237
3706,3916,3916,3238
3708,3918,3918,3239
3709,3919,3919,3240
3710,3920,3920,3241
3711,3921,3921,3242
3712,3922,3922,3243
3714,3924,3924,3244
3715,3925,3925,3245
3716,3926,3926,3246
3717,3927,3927,3247
3718,3928,3928,3248
3719,3929,3929,3249
3720,3930,3930,3250
3722,3932,3932,3251
3724,3934,3934,3252
3725,3935,3935,3253
3726,3936,3936,3254
3728,3938,3938,3255
3729,3939,3939,3256
3730,3942,3942,3258
3731,3943,3943,3259
3732,3944,3944,3260
3734,3946,3946,3261
3735,3947,3947,3262
3736,3948,3948,3263
3738,3950,3950,3264
3740,3952,3952,3265
3741,3953,3953,3266
3742,3954,3954,3267
3744,3956,3956,3268
3746,3958,3958,3269
3747,3959,3959,3270
3748,3960,3960,3271
3749,3961,3961,3272
3750,3962,3962,3273
3751,3963,3963,3274
3752,3964,3964,3275
3753,3965,3965,3276
3755,3967,3967,3277
3757,3969,3969,3278
3758,3970,3970,3279
3759,3971,3971,3280
3760,3972,3972,3281
3761,3973,3973,3282
3762,3974,3974,3283
3763,3975,3975,3284
3764,3976,3976,3285
3765,3977,3977,3286
3766,3978,3978,3287
3767,3979,3979,3288
3768,3980,3980,3289
3769,3981,3981,3290
3770,3982,3982,3291
3771,3983,3983,3292
3772,3984,3984,3293
3773,3985,3985,3294
3774,3987,3987,3296
3775,3988,3988,3297
3777,3990,3990,3298
3778,3991,3991,3299
3779,3992,3992,3300
3780,3993,3993,3301
3781,3994,3994,3302
3782,3995,3995,3303
3783,3996,3996,3304
3784,3997,3997,3305
3785,3998,3998,3306
3786,3999,3999,3307
3787,4000,4000,3308
3788,4001,4001,3309
3789,4002,4002,3310
3790,4003,4003,3311
3791,4004,4004,3312
3792,4006,4006,3314
3793,4007,4007,3315
3795,4009,4009,3316
3796,4010,4010,3317
3797,4011,4011,3318
3798,4012,4012,3319
3799,4013,4013,3320
3800,4014,4014,3321
3801,4015,4015,3322
3802,4016,4016,3323
3804,4018,4018,3324
3805,4019,4019,3325
3806,4020,4020,3326
3807,4021,4021,3327
3808,4022,4022,3328
3810,4024,4024,3329
3812,4026,4026,3330
3813,4027,4027,3331
3815,4029,4029,3332
3816,4030,4030,3333
3817,4031,4031,3334
3818,4032,4032,3335
3819,4033,4033,3336
3820,4034,4034,3337
3822,4036,4036,3338
3823,4037,4037,3339
3824,4040,4040,3342
3826,4042,4042,3343
3827,4043,4043,3344
3828,4044,4044,3345
3829,4046,4046,3346
3831,4048,4048,3347
3832,4049,4049,3348
3833,4050,4050,3349
3834,4051,4051,3350
3836,4053,4053,3351
3837,4054,4054,3352
3838,4055,4055,3353
3839,4056,4056,3354
3840,4057,4057,3355
3841,4059,4059,3357
3842,4060,4060,3358
3843,4061,4061,3359
3844,4062,4062,3360
3845,4063,4063,3361
3847,4065,4065,3362
3848,4066,4066,3363
3849,4067,4067,3364
3850,4068,4068,3365
3851,4069,4069,3366
3853,4071,4071,3367
3855,4073,4073,3368
3857,4075,4075,3369
3858,4076,4076,3370
3859,4077,4077,3371
3860,4078,4078,3372
3861,4079,4079,3373
3862,4080,4080,3374
3863,4081,4081,3375
3864,4082,4082,3376
3865,4083,4083,3377
3866,4084,4084,3378
3868,4086,4086,3379
3869,4087,4087,3380
3870,4088,4088,3381
3872,4090,4090,3382
3873,4091,4091,3383
3874,4092,4092,3384
3875,4093,4093,3385
3876,4094,4094,3386
3877,4095,4095,3387
3879,4098,4098,3389
3880,4099,4099,3390
3881,4100,4100,3391
3882,4101,4101,3392
3883,4102,4102,3393
3885,4104,4104,3394
3886,4105,4105,3395
3887,4106,4106,3396
3888,4107,4107,3397
3889,4108,4108,3398
3890,4109,4109,3399
3891,4112,4112,3401
3892,4113,4113,3402
3893,4114,4114,3403
3894,4115,4115,3404
3895,4116,4116,3405
3896,4117,4117,3406
3897,4118,4118,3407
3898,4119,4119,3408
3900,4121,4121,3409
3901,4122,4122,3410
3903,4124,4124,3411
3904,4125,4125,3412
3905,4126,4126,3413
3907,4129,4129,3415
3908,4131,4131,3417
3909,4132,4132,3418
3911,4134,4134,3419
3912,4136,4136,3421
3913,4137,4137,3422
3914,4138,4138,3423
3915,4139,4139,3424
3916,4140,4140,3425
3917,4141,4141,3426
3918,4142,4142,3427
3919,4143,4143,3428
3921,4145,4145,3429
3922,4146,4146,3430
3923,4147,4147,3431
3925,4149,4149,3432
3927,4151,4151,3433
3929,4153,4153,3434
3931,4155,4155,3435
3932,4156,4156,3436
3933,4157,4157,3437
3934,4158,4158,3438
3936,4160,4160,3439
3937,4161,4161,3440
3938,4163,4163,3442
3939,4164,4164,3443
3940,4165,4165,3444
3941,4166,4166,3445
3942,4167,4167,3446
3943,4169,4169,3448
3945,4171,4171,3449
3946,4172,4172,3450
3947,4173,4173,3451
3948,4174,4174,3452
3949,4175,4175,3453
3950,4176,4176,3454
3951,4177,4177,3455
3952,4178,4178,3456
3953,4179,4179,3457
3954,4180,4180,3458
3955,4181,4181,3459
3956,4182,4182,3460
3958,4184,4184,3461
3959,4185,4185,3462
3960,4186,4186,3463
3961,4187,4187,3464
3962,4188,4188,3465
3963,4189,4189,3466
3964,4190,4190,3467
3965,4191,4191,3468
3966,4192,4192,3469
3967,4193,4193,3470
3968,4194,4194,3471
3970,4196,4196,3472
3971,4198,4198,3474
3973,4201,4201,3476
3975,4203,4203,3477
3977,4205,4205,3478
3978,4206,4206,3479
3979,4207,4207,3480
3980,4209,4209,3482
3981,4210,4210,3483
3982,4211,4211,3484
3983,4212,4212,3485
3984,4213,4213,3486
3986,4215,4215,3487
3987,4217,4217,3489
3988,4218,4218,3490
3989,4219,4219,3491
3990,4220,4220,3492
3991,4221,4221,3493
3992,4222,4222,3494
3993,4223,4223,3495
3994,4224,4224,3496
3995,4225,4225,3497
3996,4226,4226,3498
3997,4227,4227,3499
3998,4229,4229,3501
3999,4230,4230,3502
4000,4231,4231,3503
4001,4232,4232,3504
4002,4233,4233,3505
4003,4234,4234,3506
4004,4235,4235,3507
4005,4236,4236,3508
4006,4237,4237,3509
4007,4238,4238,3510
4008,4239,4239,3511
4009,4240,4240,3512
4010,4241,4241,3513
4012,4243,4243,3514
4013,4244,4244,3515
4015,4246,4246,3516
4016,4247,4247,3517
4017,4248,4248,3518
4018,4249,4249,3519
4019,4250,4250,3520
4020,4251,4251,3521
4022,4253,4253,3522
4023,4254,4254,3523
4024,4255,4255,3524
4025,4256,4256,3525
4026,4257,4257,3526
4027,4258,4258,3527
4028,4259,4259,3528
4029,4260,4260,3529
4030,4261,4261,3530
4031,4262,4262,3531
4032,4263,4263,3532
4033,4264,4264,3533
4034,4265,4265,3534
4035,4266,4266,3535
4036,4267,4267,3536
4038,4269,4269,3537
4039,4270,4270,3538
4041,4272,4272,3539
4042,4273,4273,3540
4043,4274,4274,3541
4044,4275,4275,3542
4045,4276,4276,3543
4047,4278,4278,3544
4048,4279,4279,3545
4049,4280,4280,3546
4050,4281,4281,3547
4051,4282,4282,3548
4052,4283,4283,3549
4053,4284,4284,3550
4055,4286,4286,3551
4056,4287,4287,3552
4057,4288,4288,3553
4058,4289,4289,3554
4059,4290,4290,3555
4060,4291,4291,3556
4061,4292,4292,3557
4062,4293,4293,3558
4064,4295,4295,3559
4065,4296,4296,3560
4067,4298,4298,3561
4068,4299,4299,3562
4069,4300,4300,3563
4070,4301,4301,3564
4071,4302,4302,3565
4072,4303,4303,3566
4073,4304,4304,3567
4074,4305,4305,3568
4076,4307,4307,3569
4077,4308,4308,3570
4078,4309,4309,3571
4079,4310,4310,3572
4080,4311,4311,3573
4081,4312,4312,3574
4082,4313,4313,3575
4083,4314,4314,3576
4084,4315,4315,3577
4085,4316,4316,3578
4086,4317,4317,3579
4087,4318,4318,3580
4089,4320,4320,3581
4090,4321,4321,3582
4092,4323,4323,3583
4094,4325,4325,3584
4095,4326,4326,3585
4097,4328,4328,3586
4098,4329,4329,3587
4099,4330,4330,3588
4100,4331,4331,3589
4101,4332,4332,3590
4102,4333,4333,3591
4104,4335,4335,3592
4105,4336,4336,3593
4106,4337,4337,3594
4107,4338,4338,3595
4108,4339,4339,3596
4109,4340,4340,3597
4110,4341,4341,3598
4111,4342,4342,3599
4112,4343,4343,3600
4113,4344,4344,3601
4114,4345,4345,3602
4115,4346,4346,3603
4116,4347,4347,3604
4117,4348,4348,3605
4118,4349,4349,3606
4120,4352,4352,3608
4121,4353,4353,3609
4123,4355,4355,3610
4124,4358,4358,3612
4125,4359,4359,3613
4126,4360,4360,3614
4127,4361,4361,3615
4128,4362,4362,3616
4130,4364,4364,3617
4131,4365,4365,3618
4132,4367,4367,3620
4133,4368,4368,3621
4134,4369,4369,3622
4135,4370,4370,3623
4136,4371,4371,3624
4137,4372,4372,3625
4138,4373,4373,3626
4139,4376,4376,3628
4140,4377,4377,3629
4141,4380,4380,3631
4142,4381,4381,3632
4143,4382,4382,3633
4144,4383,4383,3634
4145,4384,4384,3635
4146,4385,4385,3636
4147,4386,4386,3637
4148,4387,4387,3638
4149,4388,4388,3639
4150,4389,4389,3640
4151,4390,4390,3641
4152,4393,4393,3643
4153,4394,4394,3644
4154,4395,4395,3645
4155,4396,4396,3646
4157,4398,4398,3647
4158,4399,4399,3648
4159,4400,4400,3649
4160,4401,4401,3650
4161,4402,4402,3651
4162,4403,4403,3652
4163,4404,4404,3653
4164,4405,4405,3654
4165,4406,4406,3655
4166,4407,4407,3656
4167,4408,4408,3657
4169,4410,4410,3658
4170,4411,4411,3659
4172,4413,4413,3660
4173,4414,4414,3661
4174,4415,4415,3662
4175,4416,4416,3663
4176,4417,4417,3664
4177,4418,4418,3665
4178,4420,4420,3667
4179,4421,4421,3668
4180,4422,4422,3669
4181,4423,4423,3670
4182,4424,4424,3671
4184,4426,4426,3672
4185,4427,4427,3673
4186,4428,4428,3674
4187,4429,4429,3675
4189,4431,4431,3676
4190,4432,4432,3677
4191,4433,4433,3678
4192,4434,4434,3679
4194,4436,4436,3680
4195,4437,4437,3681
4197,4439,4439,3682
4198,4440,4440,3683
4200,4442,4442,3684
4201,4444,4444,3686
4203,4446,4446,3687
4205,4448,4448,3688
4206,4449,4449,3689
4207,4450,4450,3690
4208,4451,4451,3691
4209,4452,4452,3692
4210,4453,4453,3693
4212,4455,4455,3694
4213,4456,4456,3695
4214,4457,4457,3696
4215,4458,4458,3697
4216,4459,4459,3698
4218,4461,4461,3699
4219,4462,4462,3700
4220,4463,4463,3701
4221,4464,4464,3702
4222,4465,4465,3703
4223,4466,4466,3704
4224,4467,4467,3705
4226,4469,4469,3706
4227,4471,4471,3708
4228,4472,4472,3709
4229,4473,4473,3710
4230,4474,4474,3711
4231,4476,4476,3712
4232,4477,4477,3713
4234,4479,4479,3714
4235,4480,4480,3715
4236,4481,4481,3716
4237,4482,4482,3717
4238,4483,4483,3718
4239,4484,4484,3719
4240,4485,4485,3720
4242,4487,4487,3721
4244,4489,4489,3722
4246,4491,4491,3723
4247,4492,4492,3724
4248,4493,4493,3725
4249,4494,4494,3726
4250,4495,4495,3727
4251,4496,4496,3728
4253,4498,4498,3729
4255,4500,4500,3730
4256,4501,4501,3731
4257,4502,4502,3732
4259,4504,4504,3733
4261,4506,4506,3734
4262,4507,4507,3735
4263,4508,4508,3736
4265,4510,4510,3737
4266,4511,4511,3738
4267,4512,4512,3739
4268,4514,4514,3741
4269,4515,4515,3742
4270,4516,4516,3743
4271,4518,4518,3745
4272,4519,4519,3746
4273,4520,4520,3747
4274,4521,4521,3748
4275,4522,4522,3749
4277,4524,4524,3750
4279,4526,4526,3751
4280,4527,4527,3752
4281,4528,4528,3753
4282,4529,4529,3754
4284,4531,4531,3755
4285,4532,4532,3756
4286,4533,4533,3757
4287,4534,4534,3758
4288,4535,4535,3759
4289,4536,4536,3760
4290,4539,4539,3763
4291,4540,4540,3764
4292,4541,4541,3765
4293,4542,4542,3766
4294,4543,4543,3767
4295,4544,4544,3768
4296,4545,4545,3769
4297,4546,4546,3770
4298,4547,4547,3771
4299,4548,4548,3772
4300,4549,4549,3773
4301,4550,4550,3774
4302,4551,4551,3775
4304,4553,4553,3776
4305,4554,4554,3777
4306,4555,4555,3778
4307,4556,4556,3779
4308,4557,4557,3780
4310,4559,4559,3781
4311,4560,4560,3782
4312,4561,4561,3783
4313,4562,4562,3784
4314,4563,4563,3785
4316,4565,4565,3786
4317,4567,4567,3787
4318,4568,4568,3788
4319,4569,4569,3789
4320,4570,4570,3790
4321,4571,4571,3791
4322,4572,4572,3792
4323,4573,4573,3793
4324,4574,4574,3794
4325,4575,4575,3795
4326,4576,4576,3796
4327,4577,4577,3797
4328,4578,4578,3798
4329,4579,4579,3799
4330,4580,4580,3800
4331,4581,4581,3801
4332,4582,4582,3802
4333,4583,4583,3803
4334,4584,4584,3804
4335,4585,4585,3805
4337,4587,4587,3806
4338,4588,4588,3807
4339,4589,4589,3808
4340,4590,4590,3809
4341,4591,4591,3810
4342,4592,4592,3811
4343,4593,4593,3812
4344,4594,4594,3813
4346,4596,4596,3814
4347,4597,4597,3815
4348,4598,4598,3816
4350,4600,4600,3817
4351,4601,4601,3818
4353,4603,4603,3819
4354,4604,4604,3820
4355,4605,4605,3821
4356,4606,4606,3822
4357,4607,4607,3823
4358,4608,4608,3824
4359,4609,4609,3825
4360,4610,4610,3826
4361,4611,4611,3827
4362,4612,4612,3828
4363,4615,4615,3830
4364,4617,4617,3832
4366,4619,4619,3833
4367,4620,4620,3834
4369,4622,4622,3835
4370,4623,4623,3836
4371,4624,4624,3837
4373,4626,4626,3838
4374,4627,4627,3839
4376,4629,4629,3840
4378,4631,4631,3841
4379,4632,4632,3842
4380,4633,4633,3843
4381,4634,4634,3844
4383,4636,4636,3845
4384,4637,4637,3846
4385,4638,4638,3847
4386,4639,4639,3848
4387,4640,4640,3849
4388,4641,4641,3850
4390,4643,4643,3851
4391,4644,4644,3852
4392,4647,4647,3854
4393,4648,4648,3855
4394,4649,4649,3856
4395,4650,4650,3857
4396,4651,4651,3858
4397,4652,4652,3859
4398,4653,4653,3860
4399,4654,4654,3861
4401,4656,4656,3862
4402,4657,4657,3863
4403,4658,4658,3864
4404,4659,4659,3865
4405,4660,4660,3866
4406,4661,4661,3867
4407,4662,4662,3868
4408,4663,4663,3869
4409,4664,4664,3870
4410,4665,4665,3871
4412,4667,4667,3872
4414,4670,4670,3874
4416,4672,4672,3875
4417,4673,4673,3876
4418,4674,4674,3877
4419,4675,4675,3878
4420,4677,4677,3880
4421,4678,4678,3881
4422,4679,4679,3882
4423,4680,4680,3883
4424,4681,4681,3884
4426,4683,4683,3885
4427,4684,4684,3886
4428,4685,4685,3887
4429,4686,4686,3888
4430,4687,4687,3889
4432,4689,4689,3890
4433,4690,4690,3891
4435,4692,4692,3892
4436,4693,4693,3893
4438,4695,4695,3894
4440,4697,4697,3895
4441,4698,4698,3896
4442,4699,4699,3897
4443,4700,4700,3898
4444,4701,4701,3899
4445,4704,4704,3901
4446,4705,4705,3902
4447,4706,4706,3903
4449,4708,4708,3904
4450,4709,4709,3905
4451,4710,4710,3906
4453,4712,4712,3907
4454,4713,4713,3908
4456,4715,4715,3909
4457,4716,4716,3910
4458,4717,4717,3911
4459,4718,4718,3912
4460,4719,4719,3913
4461,4720,4720,3914
4462,4721,4721,3915
4463,4722,4722,3916
4464,4723,4723,3917
4465,4724,4724,3918
4466,4725,4725,3919
4468,4727,4727,3920
4470,4729,4729,3921
4471,4730,4730,3922
4472,4731,4731,3923
4473,4732,4732,3924
4474,4733,4733,3925
4475,4734,4734,3926
4477,4736,4736,3927
4478,4737,4737,3928
4479,4739,4739,3930
4480,4740,4740,3931
4481,4741,4741,3932
4482,4742,4742,3933
4484,4744,4744,3934
4485,4745,4745,3935
4486,4746,4746,3936
4487,4747,4747,3937
4489,4749,4749,3938
4490,4750,4750,3939
4491,4751,4751,3940
4492,4752,4752,3941
4494,4754,4754,3942
4495,4755,4755,3943
4496,4756,4756,3944
4498,4758,4758,3945
4500,4760,4760,3946
4502,4762,4762,3947
4503,4763,4763,3948
4504,4764,4764,3949
4505,4765,4765,3950
4506,4766,4766,3951
4507,4767,4767,3952
4508,4768,4768,3953
4509,4769,4769,3954
4511,4771,4771,3955
4512,4772,4772,3956
4513,4773,4773,3957
4514,4774,4774,3958
4516,4776,4776,3959
4517,4777,4777,3960
4519,4779,4779,3961
4520,4780,4780,3962
4521,4781,4781,3963
4522,4782,4782,3964
4523,4783,4783,3965
4524,4784,4784,3966
4526,4786,4786,3967
4527,4787,4787,3968
4528,4788,4788,3969
4529,4789,4789,3970
4530,4790,4790,3971
4531,4791,4791,3972
4532,4792,4792,3973
4533,4793,4793,3974
4534,4794,4794,3975
4535,4795,4795,3976
4536,4796,4796,3977
4537,4797,4797,3978
4538,4798,4798,3979
4539,4799,4799,3980
4541,4801,4801,3981
4542,4802,4802,3982
4543,4803,4803,3983
4544,4804,4804,3984
4545,4805,4805,3985
4546,4806,4806,3986
4547,4807,4807,3987
4548,4808,4808,3988
4549,4809,4809,3989
4551,4811,4811,3990
4552,4812,4812,3991
4553,4813,4813,3992
4554,4814,4814,3993
4555,4815,4815,3994
4557,4817,4817,3995
4558,4818,4818,3996
4559,4819,4819,3997
4560,4820,4820,3998
4561,4821,4821,3999
4563,4823,4823,4000
4564,4824,4824,4001
4565,4826,4826,4003
4566,4831,4831,4008
4567,4832,4832,4009
4568,4833,4833,4010
4569,4836,4836,4013
4570,4837,4837,4014
4571,4853,4853,4026
4572,4861,4861,4033
4573,4862,4862,4034
4574,4863,4863,4035
4575,4877,4877,4047
4576,4882,4882,4052
4577,4886,4886,4055
4578,4892,4892,4059
4579,4901,4901,4066
4580,4904,4904,4069
4581,4906,4906,4071
4583,4915,4915,4078
4584,4916,4916,4079
4585,4918,4918,4081
4586,4919,4919,4082
4587,4923,4923,4086
4588,4925,4925,4088
4589,4927,4927,4090
4590,4928,4928,4091
4591,4929,4929,4092
4592,4930,4930,4093
4593,4937,4937,4099
4594,4941,4941,4102
4595,4942,4942,4103
4596,4944,4944,4105
4597,4949,4949,4109
4598,4956,4956,4116
4599,4959,4959,4119
4600,4961,4961,4121
4601,4968,4968,4127
4602,4969,4969,4128
4603,4972,4972,4130
4604,4974,4974,4131
4606,4976,4976,4132
4607,4979,4979,4134
4608,4989,4989,4140
4609,4992,4992,4143
4610,4993,4993,4144
4612,5002,5002,4150
4613,5010,5010,4156
4614,5012,5012,4158
4615,5013,5013,4159
4616,5016,5016,4161
4617,5028,5028,4171
4618,5030,5030,4173
4619,5046,5046,4186
4620,5050,5050,4190
4621,5056,5056,4195
4622,5067,5067,4204
4623,5072,5072,4208
4624,5081,5081,4214
4625,5093,5093,4225
4626,5107,5107,4237
4628,5111,5111,4240
4629,5117,5117,4245
4630,5126,5126,4253
4631,5127,5127,4254
4632,5128,5128,4255
4633,5132,5132,4258
4634,5133,5133,4259
4635,5134,5134,4260
4636,5137,5137,4263
4637,5138,5138,4264
4638,5141,5141,4266
4639,5143,5143,4268
4641,5145,5145,4269
4642,5149,5149,4273
4643,5152,5152,4276
4644,5159,5159,4283
4645,5163,5163,4286
4646,5164,5164,4287
4647,5171,5171,4293
4648,5175,5175,4296
4649,5180,5180,4301
4650,5189,5189,4309
4651,5200,5200,4318
4653,5203,5203,4320
4654,5204,5204,4321
4655,5212,5212,4328
4656,5213,5213,4329
4657,5214,5214,4330
4659,5217,5217,4332
4660,5223,5223,4336
4661,5224,5224,4337
4662,5232,5232,4342
4663,5233,5233,4343
4664,5236,5236,4346
4665,5237,5237,4347
4666,5240,5240,4349
4667,5241,5241,4350
4668,5243,5243,4352
4669,5245,5245,4354
4670,5246,5246,4355
4671,5247,5247,4356
4672,5249,5249,4358
4673,5253,5253,4361
4675,5263,5263,4368
4676,5273,5273,4375
4677,5275,5275,4377
4678,5277,5277,4379
4679,5281,5281,4383
4680,5283,5283,4385
4681,5284,5284,4386
4682,5287,5287,4389
4683,5308,5308,4405
4684,5312,5312,4408
4686,5318,5318,4413
4688,5320,5320,4414
4690,5322,5322,4415
4691,5323,5323,4416
4692,5325,5325,4418
4694,5333,5333,4423
4695,5334,5334,4424
4696,5337,5337,4427
4698,5347,5347,4434
4699,5352,5352,4437
4700,5353,5353,4438
4701,5354,5354,4439
4702,5358,5358,4442
4703,5362,5362,4445
4704,5364,5364,4447
4706,5366,5366,4448
4708,5374,5374,4454
4709,5376,5376,4456
4710,5379,5379,4458
4711,5384,5384,4462
4712,5385,5385,4463
4713,5389,5389,4467
4714,5392,5392,4470
4715,5393,5393,4471
4716,5395,5395,4473
4717,5397,5397,4475
4719,5399,5399,4476
4720,5402,5402,4478
4721,5404,5404,4480
4722,5409,5409,4484
4723,5413,5413,4488
4724,5420,5420,4493
4725,5433,5433,4503
4726,5441,5441,4511
4727,5445,5445,4514
4728,5450,5450,4519
4729,5460,5460,4526
4730,5461,5461,4527
4732,5468,5468,4533
4733,5469,5469,4534
4734,5472,5472,4537
4735,5473,5473,4538
4736,5478,5478,4543
4737,5487,5487,4550
4738,5517,5517,4576
4739,5521,5521,4580
4740,5526,5526,4585
4742,5530,5530,4588
4743,5531,5531,4589
4744,5539,5539,4596
4745,5563,5563,4616
4746,5565,5565,4618
4747,5574,5574,4626
4748,5579,5579,4631
4750,5606,5606,4650
4751,5617,5617,4659
4752,5618,5618,4660
4753,5642,5642,4681
4754,5684,5684,4715
4755,5699,5699,4725
4756,5701,5701,4727
4757,5704,5704,4729
4758,5722,5722,4743
4759,5727,5727,4746
4760,5736,5736,4753
4761,5753,5753,4768
4762,5760,5760,4774
4764,5774,5774,4784
4766,5788,5788,4794
4767,5801,5801,4803
4768,5826,5826,4825
4770,5858,5858,4851
4772,5860,5860,4852
4773,5866,5866,4858
4774,5873,5873,4863
4775,5911,5911,4894
4776,5928,5928,4907
4777,5965,5965,4937
4778,5977,5977,4948
4779,5978,5978,4949
4780,6001,6001,4969
4781,6015,6015,4981
4782,6033,6033,4994
4783,6034,6034,4995
4784,6039,6039,4999
4786,6042,6042,5001
4787,6052,6052,5011
4788,6067,6067,5024
4789,6077,6077,5033
4790,6112,6112,5063
4791,6114,6114,5065
4792,6115,6115,5066
4793,6122,6122,5072
4794,6144,6144,5092
4795,6175,6175,5118
4796,6178,6178,5120
4797,6183,6183,5125
4798,6185,6185,5126
4800,6191,6191,5129
4801,6196,6196,5133
4802,6235,6235,5164
4803,6255,6255,5180
4805,6257,6257,5181
4806,6272,6272,5194
4807,6275,6275,5196
4808,6299,6299,5213
4809,6301,6301,5215
4810,6317,6317,5228
4812,6342,6342,5250
4813,6349,6349,5256
4814,6359,6359,5263
4815,6363,6363,5267
4816,6366,6366,5269
4817,6367,6367,5270
4818,6383,6383,5283
4819,6391,6391,5290
4820,6408,6408,5305
4821,6417,6417,5313
4822,6422,6422,5317
4823,6452,6452,5343
4824,6468,6468,5357
4825,6469,6469,5358
4826,6473,6473,5362
4828,6478,6478,5366
4829,6481,6481,5369
4830,6485,6485,5372
4831,6499,6499,5385
4832,6501,6501,5387
4833,6511,6511,5395
4834,6544,6544,5422
4836,6546,6546,5423
4837,6551,6551,5428
4838,6552,6552,5429
4839,6567,6567,5442
4840,6571,6571,5445
4841,6604,6604,5472
4842,6610,6610,5477
4843,6616,6616,5481
4844,6619,6619,5483
4845,6644,6644,5505
4846,6691,6691,5541
4847,6698,6698,5546
4848,6729,6729,5572
4849,6731,6731,5574
4850,6749,6749,5591
4852,6753,6753,5593
4853,6764,6764,5602
4854,6789,6789,5622
4855,6798,6798,5628
4856,6803,6803,5632
4858,6827,6827,5648
4859,6829,6829,5650
4860,6844,6844,5661
4861,6886,6886,5692
4862,6892,6892,5698
4864,6895,6895,5700
4865,6906,6906,5708
4866,6922,6922,5724
4867,6924,6924,5726
4868,6936,6936,5735
4869,6944,6944,5740
4870,6946,6946,5742
4871,6967,6967,5758
4872,6978,6978,5767
4873,6987,6987,5774
4874,7010,7010,5794
4876,7043,7043,5817
4877,7065,7065,5837
4878,7100,7100,5868
4879,7102,7102,5870
4880,7112,7112,5878
4881,7127,7127,5891
4882,7150,7150,5912
4883,7166,7166,5927
4884,7186,7186,5944
4885,7195,7195,5952
4886,7234,7234,5984
4887,7241,7241,5991
4888,7286,7286,6030
4889,7291,7291,6034
4890,7299,7299,6040
4891,7311,7311,6051
4892,7324,7324,6061
4893,7325,7325,6062
4894,7327,7327,6064
4895,7339,7339,6075
4896,7348,7348,6083
4897,7366,7366,6097
4898,7390,7390,6118
4899,7411,7411,6138
4901,7422,7422,6148
4903,7434,7434,6157
4904,7435,7435,6158
4905,7521,7521,6226
4906,7567,7567,6265
4907,7576,7576,6273
4908,7586,7586,6281
4909,7594,7594,6289
4910,7614,7614,6306
4911,7632,7632,6321
4912,7672,7672,6353
4913,7678,7678,6358
4914,7683,7683,6363
4915,7723,7723,6397
4917,7727,7727,6400
4918,7753,7753,6425
4919,7765,7765,6434
4920,7772,7772,6440
4921,7787,7787,6453
4922,7796,7796,6461
4924,7800,7800,6463
4925,7814,7814,6472
4926,7815,7815,6473
4927,7843,7843,6495
4928,7855,7855,6505
4929,7862,7862,6510
4930,7863,7863,6511
4931,7864,7864,6512
4932,7914,7914,6555
4933,7959,7959,6592
4934,7970,7970,6602
4935,7980,7980,6609
4936,8013,8013,6636
4937,8030,8030,6649
4938,8064,8064,6678
4939,8074,8074,6686
4940,8076,8076,6688
4941,8089,8089,6699
4942,8091,8091,6701
4943,8096,8096,6706
4944,8105,8105,6715
4945,8130,8130,6738
4946,8200,8200,6792
4947,8217,8217,6806
4948,8276,8276,6856
4949,8287,8287,6866
4950,8295,8295,6872
4951,8327,8327,6897
4952,8333,8333,6902
4953,8342,8342,6910
4954,8356,8356,6922
4955,8359,8359,6924
4956,8362,8362,6927
4957,8366,8366,6930
4958,8392,8392,6950
4960,8432,8432,6985
4962,8463,8463,7011
4963,8489,8489,7033
4964,8502,8502,7045
4965,8506,8506,7049
4966,8510,8510,7052
4967,8548,8548,7082
4968,8568,8568,7099
4969,8571,8571,7101
4970,8598,8598,7123
4971,8610,8610,7133
4973,8615,8615,7136
4974,8636,8636,7156
4975,8661,8661,7176
4976,8666,8666,7180
4977,8667,8667,7181
4978,8670,8670,7184
4979,8677,8677,7190
4981,8692,8692,7203
4982,8726,8726,7231
4983,8737,8737,7240
4985,8764,8764,7262
4986,8777,8777,7274
4987,8865,9173,7401
4989,8888,9196,7418
4990,8894,9202,7424
4991,8909,9217,7437
4992,8918,9226,7445
4993,8923,9231,7449
4994,8928,9236,7454
4995,8942,9250,7465
4996,8965,9273,7485
4998,8968,9276,7487
4999,9005,9313,7520
5000,9008,9316,7523
5001,9032,9340,7542
5002,9038,9346,7546
5003,9054,9362,7559
5004,9058,9366,7562
5005,9062,9370,7565
5006,9095,9403,7594
5007,9109,9417,7606
5008,9110,9418,7607
5010,9119,9427,7614
5012,9125,9433,7618
5013,9142,9450,7632
5015,9148,9456,7636
5016,9149,9457,7637
5018,9197,9505,7674
5019,9238,9546,7713
5020,9247,9555,7721
5021,9261,9569,7733
5022,9274,9582,7745
5023,9285,9593,7753
5024,9298,9606,7765
5025,9303,9611,7769
5026,9308,9616,7774
5027,9333,9641,7795
5029,9355,9663,7815
5031,9362,9670,7819
5032,9367,9675,7824
5033,9372,9680,7828
5034,9394,9702,7844
5035,9407,9715,7857
5036,9409,9717,7859
5038,9413,9721,7861
5039,9447,9755,7890
5040,9452,9760,7894
5041,9467,9775,7907
5043,9490,9798,7926
5044,9512,9820,7944
5045,9525,9833,7957
5047,9536,9844,7965
5049,9538,9846,7966
5050,9564,9872,7990
5051,9572,9880,7997
5052,9606,9914,8026
5053,9607,9915,8027
5054,9621,9929,8038
5055,9622,9930,8039
5056,9625,9933,8041
5057,9637,9945,8051
5059,9665,9973,8073
5060,9679,9987,8085
5061,9687,9995,8092
5062,9689,9997,8094
5063,9715,10023,8114
5064,9732,10040,8127
5066,9735,10043,8129
5067,9738,10046,8132
5068,9758,10066,8149
5069,9762,10070,8153
5070,9767,10075,8158
5071,9768,10076,8159
5073,9782,10090,8169
5074,9787,10095,8173
5076,9837,10145,8212
5077,9851,10159,8225
5078,9890,10198,8260
5080,9892,10200,8261
5082,9901,10209,8268
5083,9961,10269,8316
5084,9965,10273,8320
5086,9967,10275,8321
5088,9974,10282,8327
5089,9979,10287,8330
5091,9995,10303,8341
5092,10042,10350,8377
5094,10047,10355,8381
5095,10074,10382,8405
5096,10081,10389,8411
5097,10151,10459,8475
5098,10167,10475,8489
5100,10171,10479,8492
5101,10184,10492,8505
5102,10202,10510,8519
5104,10209,10517,8523
5105,10220,10528,8533
5106,10235,10543,8547
5107,10247,10555,8558
5108,10255,10563,8564
5110,10258,10566,8566
5111,10328,10636,8625
5112,10331,10639,8628
5113,10346,10654,8639
5114,10354,10662,8645
5115,10394,10702,8680
5117,10406,10714,8688
5118,10438,10746,8713
5119,10469,10777,8742
5121,10490,10798,8759
5122,10505,10813,8772
5123,10510,10818,8776
5124,10520,10828,8784
5125,10604,10912,8856
5126,10652,10960,8896
5127,10655,10963,8899
5128,10679,10987,8919
5130,10689,10997,8926
5132,10696,11004,8931
5133,10700,11008,8934
5134,10726,11034,8957
5135,10742,11050,8972
5136,10755,11063,8982
5138,10775,11083,8998
5139,10785,11093,9006
5140,10797,11105,9017
5141,10806,11114,9024
5142,10813,11121,9030
5144,10815,11123,9031
5145,10818,11126,9034
5146,10822,11130,9037
5148,10828,11136,9041
5149,10839,11147,9051
5150,10841,11149,9052
5151,10887,11195,9093
5152,10900,11208,9104
5153,10942,11250,9138
5154,10944,11252,9140
5155,10958,11266,9153
5157,10963,11271,9156
5158,10966,11274,9159
5160,10978,11286,9167
5161,10996,11304,9179
5162,11006,11314,9188
5163,11011,11319,9192
5164,11019,11327,9199
5165,11021,11329,9201
5166,11023,11331,9203
5167,11029,11337,9208
5168,11051,11359,9225
5170,11054,11362,9227
5171,11063,11371,9235
5172,11064,11372,9236
5173,11071,11379,9241
5175,11073,11381,9242
5176,11097,11405,9263
5178,11101,11409,9265
5179,11153,11461,9307
5180,11183,11491,9333
5181,11189,11497,9337
5182,11208,11516,9353
5184,11237,11545,9377
5185,11266,11574,9403
5186,11288,11596,9422
5187,11290,11598,9424
5188,11301,11609,9433
5189,11329,11637,9455
5191,11354,11662,9472
5192,11368,11676,9484
5193,11375,11683,9491
5194,11377,11685,9493
5195,11378,11686,9494
5197,11393,11701,9504
5198,11401,11709,9510
5200,11405,11713,9513
5202,11424,11732,9528
5203,11446,11754,9548
5204,11447,11755,9549
5205,11460,11768,9560
5206,11486,11794,9583
5208,11496,11804,9591
5209,11543,11851,9627
5210,11547,11855,9631
5211,11549,11857,9633
5212,11552,11860,9635
5213,11558,11866,9640
5215,11565,11873,9645
5216,11566,11874,9646
5218,11578,11886,9656
5219,11598,11906,9673
5221,11603,11911,9677
5222,11635,11943,9703
5223,11639,11947,9707
5224,11668,11976,9730
5226,11670,11978,9731
5228,11695,12003,9750
5229,11742,12050,9790
5231,11771,12079,9814
5232,11784,12092,9826
5233,11787,12095,9828
5234,11794,12102,9833
5235,11825,12133,9859
5236,11836,12144,9869
5238,11855,12163,9883
5239,11873,12181,9897
5240,11912,12220,9928
5242,11995,12303,10001
5243,12000,12308,10005
5244,12016,12324,10018
5245,12017,12325,10019
5246,12020,12328,10022
5247,12036,12344,10036
5248,12050,12358,10049
5250,12068,12376,10063
5251,12070,12378,10065
5252,12074,12382,10068
5254,12088,12396,10079
5256,12108,12416,10093
5258,12124,12432,10105
5259,12156,12464,10131
5260,12160,12468,10134
5261,12177,12485,10148
5262,12182,12490,10152
5263,12239,12547,10202
5264,12253,12561,10215
5265,12260,12568,10220
5266,12269,12577,10227
5267,12278,12586,10233
5268,12291,12599,10243
5269,12308,12616,10257
5270,12317,12625,10266
5271,12335,12643,10280
5272,12354,12662,10297
5273,12387,12695,10320
5274,12418,12726,10343
5275,12421,12729,10345
5277,12430,12738,10351
5279,12442,12750,10361
5280,12446,12754,10364
5282,12448,12756,10365
5283,12494,12802,10404
5284,12502,12810,10411
5285,12532,12840,10436
5286,12535,12843,10439
5287,12536,12844,10440
5288,12542,12850,10445
5290,12551,12859,10451
5291,12582,12890,10478
5292,12600,12908,10493
5293,12635,12943,10520
5294,12678,12986,10558
5295,12683,12991,10562
5296,12736,13044,10607
5297,12743,13051,10613
5298,12763,13071,10630
5299,12781,13089,10644
5300,12782,13090,10645
5301,12787,13095,10650
5302,12790,13098,10652
5303,12794,13102,10656
5304,12805,13113,10663
5305,12815,13123,10670
5306,12826,13134,10679
5307,12843,13151,10694
5308,12863,13171,10710
5309,12864,13172,10711
5310,12882,13190,10728
5311,12893,13201,10738
5312,12923,13231,10762
5313,12938,13246,10774
5314,12952,13260,10788
5315,12953,13261,10789
5317,12968,13276,10799
5318,12977,13285,10807
5319,12982,13290,10812
5321,13038,13346,10857
5322,13072,13380,10884
5323,13096,13404,10904
5324,13097,13405,10905
5325,13098,13406,10906
5326,13104,13412,10911
5327,13109,13417,10915
5328,13139,13447,10940
5330,13143,13451,10942
5331,13160,13468,10954
5333,13172,13480,10963
5334,13182,13490,10973
5335,13231,13539,11013
5336,13240,13548,11021
5337,13248,13556,11027
5338,13268,13576,11042
5339,13280,13588,11053
5340,13282,13590,11054
5341,13295,13603,11065
5342,13300,13608,11069
5343,13312,13620,11079
5344,13332,13640,11096
5345,13349,13657,11111
5347,13365,13673,11123
5348,13379,13687,11135
5349,13382,13690,11138
5350,13386,13694,11141
5351,13442,13750,11186
5353,13495,13803,11231
5354,13512,13820,11244
5355,13537,13845,11265
5356,13544,13852,11271
5357,13578,13886,11295
5358,13604,13912,11317
5359,13607,13915,11320
5360,13613,13921,11325
5361,13615,13923,11327
5362,13616,13924,11328
5363,13623,13931,11333
5364,13647,13955,11349
5366,13660,13968,11359
5367,13663,13971,11362
5368,13690,13998,11382
