,loan_id,loan_amount,loan_duration,loan_payments,loan_status,client_gender,account_frequency,region,ratio of urban inhabitants ,average salary ,criminal growth,unemploymant growth,enterpreuners ratio,age on loan,account age at loan,trans_type_count_credit,trans_type_mean_credit,trans_amount_mean,trans_amount_min,trans_amount_max,trans_amount_std,trans_amount_last,trans_balance_mean,trans_balance_min,trans_balance_max,trans_balance_std,trans_balance_last,negative_balance,months_until_bankrupt,ops_per_month
0,4959,80952,24,3373,1,0,monthly,Prague,1.0,12541,0.01114566294286997,0.14,0.167,48,11,22,0.4074074074074074,515.5685185185185,-22400.0,30354.0,11895.998464916345,138.3,32590.624074074072,1100.0,67529.6,12061.705681876094,27855.2,0,8,4.909090909090909
1,4961,30276,12,2523,-1,1,monthly,south Bohemia,0.67,9104,0.000532187678403824,0.5599999999999998,0.123,57,12,46,0.575,198.18,-18200.0,22708.0,9205.689080326661,15139.0,25197.0925,715.0,58157.5,15039.248404932323,15854.0,0,6,6.666666666666667
2,4973,165960,24,6915,1,1,monthly,south Bohemia,0.569,8427,0.00041519839030777913,0.41999999999999993,0.107,51,19,37,0.296,189.51520000000002,-41400.0,62235.0,20882.029392885444,114.1,52523.2448,700.0,107069.6,20955.646998372446,23703.8,0,3,6.578947368421052
3,4996,88440,12,7370,1,1,after-transaction,north Bohemia,0.853,9317,-0.0006010084453394527,0.5800000000000001,0.097,51,6,16,0.5161290322580645,2545.4129032258065,-35100.0,47976.0,21020.897593232345,282.6,62778.09032258065,200.0,103239.0,21638.258869671175,79007.6,0,10,5.166666666666667
4,5002,104808,12,8734,1,0,monthly,south Moravia,0.483,8512,-0.0011443829868395957,0.6100000000000003,0.102,54,6,12,0.4,933.8466666666667,-16400.0,25970.0,10052.730130005115,-3900.0,38709.829999999994,500.0,57865.3,11517.175248212317,28015.4,0,3,5.0
5,5032,123696,48,2577,1,0,monthly,south Moravia,0.46,8772,0.002439709481963003,0.29000000000000004,0.126,54,11,22,0.36065573770491804,412.90491803278684,-32100.0,48476.0,15349.418522400405,-14.6,49084.381967213114,300.0,89822.2,20572.457529737083,25187.2,0,9,5.545454545454546
6,5044,100980,60,1683,1,0,monthly,south Moravia,1.0,9897,-6.450447661067678e-05,0.3599999999999999,0.14,29,12,27,0.38571428571428573,673.3971428571429,-22900.0,20922.0,8168.072604859274,-4739.0,35614.74428571429,600.0,53376.7,9576.327716908689,48637.7,0,28,5.833333333333333
7,5045,187224,24,7801,-1,0,monthly,Prague,1.0,12541,0.01114566294286997,0.14,0.167,47,17,38,0.4318181818181818,577.6386363636364,-51900.0,46293.0,17258.630286253032,-14.6,42084.31136363636,-243.3,92571.3,22038.48158908669,50832.1,1,6,5.176470588235294
8,5060,252060,60,4201,-1,1,monthly,south Moravia,0.519,8441,0.0033712028777238504,1.0300000000000002,0.115,28,8,26,0.4262295081967213,1149.122950819672,-41700.0,49937.0,16589.841841132715,-13990.0,57340.50819672131,900.0,106259.6,21418.913855883657,70096.5,0,16,7.625
9,5082,262980,60,4383,1,1,monthly,central Bohemia,0.413,8598,0.005155690732738636,0.48999999999999977,0.123,30,12,24,0.42857142857142855,1358.5964285714285,-22300.0,44022.0,13169.319978136018,43444.0,41729.61607142857,900.0,78574.3,16330.173222315432,76081.3,0,17,4.666666666666667
10,5088,91152,24,3798,1,0,monthly,north Bohemia,0.81,9272,0.0015705610234346742,0.4200000000000004,0.118,53,15,31,0.4025974025974026,511.4116883116883,-26700.0,34184.0,14032.198318519318,-3800.0,44829.54415584415,400.0,72327.7,13400.064096640634,39378.8,0,10,5.133333333333334
11,5125,73056,48,1522,1,0,monthly,north Bohemia,0.899,10446,-0.0017014888027023646,2.0600000000000005,0.09,24,9,23,0.45098039215686275,422.46470588235286,-7100.0,8538.0,3462.2725634371154,5692.0,23255.149019607845,500.0,33555.4,6550.595429955129,21545.7,0,14,5.666666666666667
12,5126,208128,48,4336,-1,0,monthly,south Moravia,1.0,9897,-6.450447661067678e-05,0.3599999999999999,0.14,42,14,29,0.453125,1273.040625,-36500.0,47493.0,15857.719330202128,38929.0,36369.975,-1069.7,96064.0,22812.186440376034,81474.6,1,18,4.571428571428571
13,5128,215616,48,4492,-1,0,monthly,north Moravia,0.484,8173,-0.08155614743872595,3.890657894736842,0.124,39,10,30,0.4918032786885246,141.65081967213115,-18700.0,23130.0,8348.462244442044,-3400.0,21447.624590163938,-3424.6,50124.8,13056.987306542755,8640.6,1,1,6.1
14,5130,24312,12,2026,1,1,monthly,south Bohemia,0.569,8427,0.00041519839030777913,0.41999999999999993,0.107,38,15,37,0.47435897435897434,364.89487179487185,-24322.0,18231.0,7820.337301472649,-6600.0,29380.839743589742,1100.0,48277.9,7695.862800862465,28461.9,0,14,5.2
15,5131,48624,24,2026,1,0,monthly,north Bohemia,0.853,9317,-0.0006010084453394527,0.5800000000000001,0.097,33,17,49,0.4188034188034188,410.2034188034189,-52900.0,41561.0,18414.312454830513,-4514.0,63857.236752136756,200.0,134187.4,25825.858181660515,47993.6,0,23,6.882352941176471
16,5132,538500,60,8975,1,0,monthly,central Bohemia,0.514,9307,0.004434404283801874,0.5799999999999996,0.118,34,11,22,0.3793103448275862,401.2241379310345,-23800.0,32082.0,12446.443589887402,-4605.0,33687.85862068966,200.0,69775.9,13408.02036465337,23271.0,0,2,5.2727272727272725
17,5136,187104,24,7796,1,1,monthly,north Moravia,0.626,8994,-0.0020519896339144354,0.9900000000000002,0.11,19,4,16,0.64,3475.1119999999996,-49500.0,43502.0,26189.536798171266,43502.0,66292.372,300.0,137193.5,34581.40134837078,133377.7,0,17,6.25
18,5138,87216,48,1817,1,1,monthly,Prague,1.0,12541,0.01114566294286997,0.14,0.167,41,20,41,0.27702702702702703,181.04932432432435,-9900.0,15608.0,4828.212336527692,-2400.0,30847.14932432432,700.0,43787.3,6554.760512834303,29638.3,0,16,7.4
19,5145,309552,48,6449,1,0,monthly,north Moravia,0.626,8994,-0.0020519896339144354,0.9900000000000002,0.11,60,8,16,0.45714285714285713,1479.9857142857143,-50600.0,58041.0,24657.712996189184,-16300.0,56105.5,700.0,121713.2,21979.384405419012,51799.4,0,8,4.375
20,5148,284280,60,4738,1,1,monthly,north Bohemia,0.623,9065,0.00016665789519849832,0.9299999999999997,0.123,37,18,36,0.3829787234042553,1006.568085106383,-56800.0,56756.0,22383.063761266145,-4600.0,64182.6414893617,300.0,109361.9,20167.802429516258,94617.3,0,19,5.222222222222222
21,5151,189060,60,3151,1,1,after-transaction,central Bohemia,0.674,9753,0.004323083799777174,0.41000000000000014,0.109,36,6,14,0.4666666666666667,2298.1833333333334,-40300.0,60016.0,25706.572244561994,-3400.0,72242.89666666667,200.0,101793.6,24683.06321415813,68945.6,0,21,5.0
22,5160,204000,60,3400,1,0,monthly,east Bohemia,0.535,8390,0.0005390351271224508,0.6100000000000003,0.132,51,12,25,0.38461538461538464,584.5046153846155,-16100.0,30604.0,11314.380759892345,-4500.0,37809.39846153846,400.0,68172.8,12656.782825432134,45077.7,0,13,5.416666666666667
23,5161,98184,24,4091,1,1,monthly,south Moravia,0.43700000000000006,8403,0.0049124343257443085,-0.020000000000000462,0.105,49,3,11,0.7857142857142857,4925.442857142858,-18200.0,24545.0,13942.285612575772,24545.0,41660.392857142855,500.0,68956.1,19672.650902026955,68956.1,0,16,4.666666666666667
24,5170,253200,60,4220,1,1,weekly,east Bohemia,0.619,8363,0.0016905015394354445,0.9700000000000002,0.108,43,8,21,0.5121951219512195,1979.2853658536587,-42600.0,46304.0,18722.099418689144,12950.0,47302.546341463414,800.0,104417.9,26552.739504598183,81150.6,0,19,5.125
25,5176,192552,24,8023,-1,1,weekly,south Bohemia,0.584,8547,-0.00029725674489709255,0.9900000000000002,0.12,30,15,26,0.5098039215686274,435.79215686274506,-18000.0,23844.0,8933.309713915512,-30.0,23979.011764705883,800.0,49563.0,13015.026674865436,22225.5,0,2,3.4
26,5189,149040,48,3105,1,1,monthly,central Bohemia,0.365,9622,0.0007139363010166982,0.13999999999999996,0.154,25,10,20,0.37037037037037035,352.47407407407394,-15900.0,27946.0,10176.811224139317,126.7,36845.58888888889,200.0,62441.6,12658.246764300018,19048.1,0,6,5.4
27,5208,99696,48,2077,-1,1,monthly,south Moravia,0.43700000000000006,8403,0.0049124343257443085,-0.020000000000000462,0.105,23,21,45,0.4166666666666667,305.24999999999994,-55900.0,49327.0,18451.812213648747,-2000.0,46341.29351851852,-974.6,127684.9,28762.206936050658,32966.8,1,15,5.142857142857143
28,5209,182640,48,3805,1,1,monthly,south Moravia,0.40700000000000003,8544,0.0012835648783702158,0.5700000000000001,0.109,54,8,17,0.425,597.46,-23900.0,34246.0,13537.6138604166,900.0,37802.229999999996,600.0,64411.8,14199.381522847558,23898.3,0,6,5.0
29,5212,71064,36,1974,1,1,monthly,north Bohemia,0.598,8965,0.001968503937007874,1.1500000000000004,0.104,48,13,29,0.3372093023255814,365.0802325581395,-13600.0,22908.0,7683.024506776111,-3000.0,34577.3023255814,700.0,55373.3,9923.171541124484,31397.0,0,15,6.615384615384615
30,5237,45336,24,1889,1,0,monthly,south Bohemia,0.527,8402,0.0019444660496227735,0.8500000000000001,0.12,38,16,33,0.36666666666666664,442.6633333333333,-19900.0,30436.0,11383.029268904229,-11900.0,48152.95333333333,800.0,71486.0,11574.102240004077,40939.5,0,21,5.625
31,5269,164052,36,4557,-1,1,after-transaction,west Bohemia,0.5920000000000001,8930,0.0024165416171340595,0.6800000000000002,0.108,19,12,28,0.4307692307692308,320.1738461538462,-41400.0,48181.0,18364.06408593354,10800.0,41752.161538461536,-2564.7,112045.6,30609.38988808058,20811.2,1,4,5.416666666666667
32,5282,388512,48,8094,-1,1,after-transaction,north Moravia,0.484,8173,-0.08155614743872595,3.890657894736842,0.124,27,21,54,0.45,322.47666666666663,-44700.0,40855.0,11945.175136843793,-35300.0,21371.32,-2838.8,84743.5,21196.682131732654,38697.3,1,4,5.714285714285714
33,5285,78936,12,6578,1,1,monthly,west Bohemia,0.5920000000000001,8930,0.0024165416171340595,0.6800000000000002,0.108,37,9,24,0.47058823529411764,482.37254901960785,-6300.0,11416.0,4574.925270649935,-1187.0,25900.31960784314,900.0,40560.3,7684.869705311071,24601.0,0,3,5.666666666666667
34,5301,141948,36,3943,1,1,monthly,north Moravia,0.5720000000000001,9893,0.00115360413899182,0.6299999999999999,0.096,45,4,7,0.7,4723.98,-16200.0,28840.0,13474.868539766909,176.6,32592.68,800.0,63263.1,17970.97897715462,47239.7,0,11,2.5
35,5310,248148,36,6893,1,1,monthly,west Bohemia,0.369,8594,-0.0007581919190526737,0.3899999999999997,0.112,54,16,37,0.30833333333333335,342.57166666666666,-28960.0,28362.0,9010.165891189434,-6100.0,36063.78833333333,600.0,67486.0,10761.578895609015,41108.6,0,5,7.5
36,5311,30060,60,501,1,0,monthly,west Bohemia,0.369,8594,-0.0007581919190526737,0.3899999999999997,0.112,44,21,45,0.24193548387096775,260.8795698924731,-20000.0,29412.0,8808.490245599618,29412.0,37213.40752688172,500.0,69382.9,11270.503745870139,48523.3,0,96,8.857142857142858
37,5312,202788,36,5633,1,1,weekly,west Bohemia,0.5920000000000001,8930,0.0024165416171340595,0.6800000000000002,0.108,42,13,26,0.3291139240506329,1033.2113924050632,-45200.0,72298.0,24885.420719183476,-11994.0,57124.26835443038,1100.0,139880.9,23297.66357464454,81623.6,0,14,6.076923076923077
38,5314,96396,12,8033,-1,1,weekly,west Bohemia,0.818,9650,-0.0019090410496561618,0.29000000000000004,0.1,45,4,4,1.0,5025.0,1100.0,9900.0,3774.8068383251966,3300.0,12250.0,1100.0,20100.0,8330.8663014919,20100.0,0,2,1.0
39,5316,165960,36,4610,1,0,monthly,east Bohemia,0.735,8369,-0.0020938877995546053,0.52,0.117,24,5,17,0.4594594594594595,1411.0513513513515,-54300.0,36574.0,17882.99905901663,-3419.0,52083.85945945946,700.0,120512.8,29122.05945394563,52208.9,0,11,7.4
40,5319,239460,60,3991,1,1,monthly,north Moravia,0.5720000000000001,9893,0.00115360413899182,0.6299999999999999,0.096,51,9,18,0.391304347826087,787.8369565217391,-23200.0,35918.0,14366.69601417511,-7400.0,40061.580434782605,300.0,74408.8,16062.53213841481,36240.6,0,9,5.111111111111111
41,5325,105804,36,2939,1,1,monthly,south Bohemia,0.748,10045,-0.0017390227705052733,0.29000000000000004,0.135,53,7,13,0.52,1371.704,-15600.0,26448.0,11376.124631125487,-14.6,41297.48,1000.0,65898.5,14151.260443037105,34292.7,0,11,3.5714285714285716
42,5329,396120,60,6602,1,1,weekly,south Bohemia,0.527,8402,0.0019444660496227735,0.8500000000000001,0.12,46,18,36,0.37894736842105264,932.7399999999999,-37300.0,59415.0,23071.99069204264,39610.0,58855.27789473684,500.0,104859.1,20275.14198096615,88610.1,0,13,5.277777777777778
43,5337,162468,36,4513,1,1,monthly,north Bohemia,0.81,9272,0.0015705610234346742,0.4200000000000004,0.118,38,4,10,0.6666666666666666,4975.92,-34500.0,40614.0,20976.229950323705,-1800.0,51279.55333333334,700.0,83862.8,24180.888923925817,74638.8,0,16,3.75
44,5350,249312,48,5194,1,0,weekly,west Bohemia,1.0,10787,0.0012907086577216645,0.44999999999999973,0.131,40,14,30,0.5,923.7783333333333,-32100.0,47112.0,15757.60533495602,-5300.0,35914.854999999996,900.0,88597.4,23021.04106123776,55426.5,0,10,4.285714285714286
45,5351,205200,36,5700,1,1,weekly,Prague,1.0,12541,0.01114566294286997,0.14,0.167,31,18,36,0.27906976744186046,423.1480620155039,-31200.0,51303.0,15181.225295158476,-12400.0,58336.31162790698,900.0,93928.5,17204.070909560676,54586.0,0,9,7.166666666666667
46,5352,68400,12,5700,-1,1,monthly,north Moravia,0.5720000000000001,9893,0.00115360413899182,0.6299999999999999,0.096,18,6,9,0.6428571428571429,1710.4428571428573,-15800.0,31037.0,11837.386810032427,147.7,31793.735714285714,800.0,51242.2,12297.15509867766,23946.1,0,4,2.3333333333333335
47,5366,86184,12,7182,1,1,monthly,north Moravia,0.899,10177,0.0008059231850084271,1.12,0.081,55,7,16,0.38095238095238093,944.3095238095239,-50500.0,64642.0,24820.578617052288,-18346.0,60273.67857142857,300.0,128146.0,25642.077157191914,39660.8,0,5,6.0
48,5375,101520,12,8460,1,1,monthly,Prague,1.0,12541,0.01114566294286997,0.14,0.167,19,8,18,0.47368421052631576,440.0210526315789,-10000.0,18513.0,7559.930255260935,-14.6,26449.092105263157,400.0,43218.7,10352.391968575044,16720.8,0,1,4.75
49,5385,71460,36,1985,1,1,monthly,Prague,1.0,12541,0.01114566294286997,0.14,0.167,16,8,16,0.5161290322580645,1601.5774193548389,-26600.0,33669.0,14548.728832117022,-14.6,49220.9806451613,700.0,76403.1,16380.59460647302,49648.9,0,25,3.875
50,5388,61560,12,5130,1,0,weekly,west Bohemia,0.5920000000000001,8930,0.0024165416171340595,0.6800000000000002,0.108,53,10,22,0.30985915492957744,282.4112676056338,-30200.0,46166.0,15201.640624067517,-10303.0,32967.71267605634,200.0,73559.9,17762.224670277326,20051.1,0,3,7.1
51,5390,170256,24,7094,1,1,monthly,south Bohemia,0.569,8427,0.00041519839030777913,0.41999999999999993,0.107,29,14,31,0.4025974025974026,562.3753246753247,-29300.0,36552.0,13573.222844990716,-3720.0,40091.18311688312,200.0,79869.8,13589.38398884065,43302.8,0,6,5.5
52,5395,299088,36,8308,-1,1,monthly,north Moravia,0.631,8110,-0.0015558111905255812,0.7800000000000002,0.109,27,13,46,0.36507936507936506,154.35476190476183,-59400.0,47189.0,19417.910063887335,14198.0,51992.85476190476,500.0,193909.9,33855.698025767204,19448.5,0,2,9.692307692307692
53,5409,182040,60,3034,1,1,monthly,south Bohemia,0.527,8402,0.0019444660496227735,0.8500000000000001,0.12,44,12,24,0.4067796610169492,656.7389830508473,-53500.0,61557.0,26231.609295302205,-3000.0,67475.90169491526,600.0,110447.5,21927.679528674224,38747.5,0,12,4.916666666666667
54,5413,92976,24,3874,1,1,weekly,west Bohemia,0.5920000000000001,8930,0.0024165416171340595,0.6800000000000002,0.108,25,19,50,0.45871559633027525,197.54036697247713,-45500.0,48996.0,17278.426735303314,-13386.0,50436.46605504587,300.0,122342.1,26490.316135252076,21531.8,0,5,5.7368421052631575
55,5414,185952,48,3874,1,0,monthly,north Bohemia,0.877,9675,-0.0010619949535277395,1.25,0.1,50,12,20,0.5882352941176471,2423.0911764705884,-57400.0,46725.0,20039.547224416445,35092.0,50113.194117647065,700.0,145318.2,31588.379961912357,82385.2,0,21,2.8333333333333335
56,5415,139464,36,3874,-1,0,monthly,north Moravia,0.564,8746,0.0004285078587242552,0.41000000000000014,0.09,38,13,19,0.6129032258064516,1343.974193548387,-23400.0,36854.0,14163.238445849118,-23400.0,31532.748387096777,300.0,65062.8,12989.781215090346,41662.8,0,10,2.3846153846153846
57,5418,347952,48,7249,1,1,monthly,west Bohemia,0.556,8843,0.0015312595703723148,0.7800000000000002,0.113,30,22,50,0.4166666666666667,479.55500000000006,-54600.0,49271.0,19447.141625048156,-5800.0,54157.19416666667,300.0,123013.2,23422.026500661654,57546.3,0,7,5.454545454545454
58,5429,20196,36,561,1,0,monthly,Prague,1.0,12541,0.01114566294286997,0.14,0.167,25,17,34,0.3541666666666667,684.2145833333333,-24500.0,35469.0,13424.179678797036,-5742.0,52636.598958333336,200.0,77158.8,15288.688964738765,65684.6,0,117,5.647058823529412
59,5445,46320,24,1930,1,0,monthly,north Bohemia,0.847,8705,0.001562301441951905,1.8600000000000003,0.116,17,17,48,0.2696629213483146,132.3196629213483,-61600.0,49053.0,15515.980277787308,-11352.0,43657.81348314606,900.0,119892.5,20752.088935048898,26652.7,0,13,10.470588235294118
60,5449,99336,24,4139,1,1,monthly,north Moravia,0.5720000000000001,9893,0.00115360413899182,0.6299999999999999,0.096,15,11,24,0.46153846153846156,592.7730769230769,-11900.0,16866.0,6291.603155221278,130.2,27019.571153846155,300.0,46568.0,7892.721828749214,30838.7,0,7,4.7272727272727275
61,5450,199680,60,3328,1,0,monthly,east Bohemia,0.619,8363,0.0016905015394354445,0.9700000000000002,0.108,45,14,28,0.3783783783783784,269.24594594594606,-22637.0,29954.0,11145.596511039737,137.0,33658.61756756757,500.0,62238.8,11909.168772706618,19938.6,0,5,5.285714285714286
62,5452,49440,60,824,1,1,monthly,north Moravia,0.899,10177,0.0008059231850084271,1.12,0.081,29,15,31,0.2818181818181818,409.2881818181818,-20000.0,30378.0,9690.502464384619,-8000.0,47798.865454545456,300.0,74419.8,12804.463916870107,45021.6,0,54,7.333333333333333
63,5453,156672,36,4352,1,1,monthly,west Bohemia,0.369,8594,-0.0007581919190526737,0.3899999999999997,0.112,38,14,37,0.49333333333333335,310.2866666666667,-9000.0,10380.0,4448.2020854872735,80.2,22927.502666666667,500.0,41876.9,6686.145590252044,23286.1,0,5,5.357142857142857
64,5464,95808,12,7984,1,0,monthly,east Bohemia,0.763,9425,-0.0011986110939488676,0.78,0.125,54,14,40,0.4444444444444444,805.5611111111111,-57700.0,49008.0,22066.45907735857,26373.0,59701.78666666667,900.0,122452.2,24705.82136034003,72500.4,0,9,6.428571428571429
65,5470,200976,48,4187,1,0,monthly,south Moravia,0.43700000000000006,8403,0.0049124343257443085,-0.020000000000000462,0.105,41,7,17,0.4857142857142857,1355.1857142857143,-26600.0,37686.0,15562.094747213838,25124.0,47938.065714285716,600.0,83553.5,18916.939576271827,47431.4,0,11,5.0
66,5479,24516,12,2043,1,0,monthly,Prague,1.0,12541,0.01114566294286997,0.14,0.167,35,11,31,0.4246575342465753,1077.482191780822,-59200.0,49536.0,24002.833071439152,290.4,55582.22602739726,200.0,125254.2,29534.218113303323,78670.8,0,38,6.636363636363637
67,5482,165120,60,2752,1,1,monthly,east Bohemia,0.705,8541,0.0028126973193272485,0.4600000000000004,0.131,45,20,50,0.43103448275862066,196.08103448275864,-6300.0,11210.0,4432.9949332136675,-1080.0,24377.37155172414,1100.0,37946.3,6878.836566414742,22745.4,0,8,5.8
68,5494,360000,48,7500,1,1,after-transaction,south Moravia,0.747,9624,-0.0011111167484360652,0.71,0.145,23,19,57,0.41911764705882354,476.21691176470586,-59500.0,73228.0,24743.35957066148,-34500.0,51149.655147058824,600.0,126072.0,26193.21138092937,64765.2,0,8,7.157894736842105
69,5495,89340,60,1489,1,1,monthly,south Moravia,0.519,8441,0.0033712028777238504,1.0300000000000002,0.115,24,9,20,0.45454545454545453,943.6954545454545,-8200.0,17313.0,6747.272780011627,-14.6,39644.76363636364,500.0,54020.1,10748.387757632041,41522.6,0,27,4.888888888888889
70,5519,91632,12,7636,1,1,monthly,east Bohemia,0.619,8363,0.0016905015394354445,0.9700000000000002,0.108,31,12,27,0.38571428571428573,472.3114285714286,-18300.0,26378.0,9484.374323408698,-6100.0,40976.94285714286,700.0,64577.8,10641.422753595749,33061.9,0,4,5.833333333333333
71,5523,93888,36,2608,1,1,after-transaction,south Moravia,0.505,8288,-0.0011790135586559245,0.7299999999999995,0.11,43,5,12,0.631578947368421,1827.1789473684212,-15500.0,15649.0,9929.780911121125,-12000.0,37510.494736842105,600.0,52378.2,14598.865783434976,34716.3,0,13,3.8
72,5533,111384,24,4641,1,0,monthly,central Bohemia,0.365,9622,0.0007139363010166982,0.13999999999999996,0.154,27,16,55,0.3618421052631579,344.2026315789474,-61700.0,49388.0,20818.629661712035,31759.0,65097.22434210526,500.0,141386.0,26285.863067554485,52318.9,0,11,9.5
73,5549,50460,60,841,1,1,monthly,central Bohemia,0.365,9622,0.0007139363010166982,0.13999999999999996,0.154,46,9,19,0.4418604651162791,965.8372093023256,-15000.0,22927.5,9363.894257275637,-600.0,37570.62790697674,800.0,51971.4,10371.123781863109,41531.0,0,49,4.777777777777778
74,5563,380160,60,6336,1,0,monthly,north Moravia,1.0,10673,-0.0013431315033809862,0.6900000000000004,0.1,46,19,47,0.43119266055045874,225.22660550458716,-62500.0,48887.0,23113.020728863998,-6100.0,64777.0752293578,1100.0,147375.1,27227.866078850297,24549.6,0,3,5.7368421052631575
75,5568,272520,60,4542,1,0,monthly,central Bohemia,0.467,10124,0.005494982841753182,-0.020000000000000018,0.141,54,11,34,0.40476190476190477,357.26428571428573,-56700.0,42400.0,16988.15057378243,1300.0,44602.64166666666,1100.0,121891.4,24196.754530887032,30009.9,0,6,7.636363636363637
76,5576,31248,12,2604,1,1,monthly,Prague,1.0,12541,0.01114566294286997,0.14,0.167,55,19,51,0.425,449.3550000000001,-64100.0,47033.0,20724.01817110469,6268.0,64493.09916666667,1000.0,144715.3,28994.626431825105,53922.3,0,20,6.315789473684211
77,5586,48744,36,1354,1,1,monthly,north Moravia,0.535,8909,0.0008751556767309569,1.5499999999999998,0.113,32,4,11,0.7857142857142857,4492.2357142857145,-18600.0,28603.5,14694.440290364513,19069.0,42930.20714285714,900.0,62891.3,19512.790972253762,62891.3,0,46,3.5
78,5591,155616,48,3242,1,1,monthly,central Bohemia,0.467,10124,0.005494982841753182,-0.020000000000000018,0.141,37,8,16,0.5333333333333333,814.8999999999997,-21800.0,29176.0,13037.779913720768,-7500.0,39426.07,300.0,62153.6,13711.094458293303,24447.1,0,7,3.75
79,5593,277884,36,7719,-1,1,monthly,east Bohemia,0.53,8254,0.0015055962729390376,0.9699999999999998,0.097,15,23,46,0.39316239316239315,99.2649572649572,-53200.0,47031.0,16757.672993480737,8000.0,46487.002564102564,1000.0,129394.2,28041.875079726327,11614.0,0,1,5.086956521739131
80,5595,82896,12,6908,1,0,monthly,east Bohemia,0.608,8208,0.006117460527185043,0.3699999999999999,0.155,22,16,34,0.2698412698412698,381.6349206349206,-38600.0,62168.0,18620.095964755146,299.9,57141.73095238096,900.0,107680.9,24685.92139144404,64300.6,0,9,7.875
81,5599,15420,12,1285,1,1,monthly,Prague,1.0,12541,0.01114566294286997,0.14,0.167,29,22,53,0.3509933774834437,211.04238410596028,-11840.0,13881.0,4745.065686801214,-800.0,24577.2,1000.0,41137.4,7049.350987979909,31867.2,0,24,6.863636363636363
82,5606,253512,36,7042,-1,1,weekly,south Moravia,0.621,8444,-0.0026637029144583957,0.22999999999999998,0.106,51,7,14,0.4827586206896552,459.25862068965506,-30200.0,40419.0,16876.95217746289,8900.0,37095.84482758621,300.0,111044.2,24704.38501837544,13318.4,0,1,4.142857142857143
83,5610,123216,48,2567,1,1,monthly,north Bohemia,0.598,8965,0.001968503937007874,1.1500000000000004,0.104,18,18,48,0.375,606.10078125,-59200.0,48959.0,19763.543127582816,-3400.0,70622.83359375,700.0,138433.7,28089.524636349874,77580.8,0,30,7.111111111111111
84,5611,321180,60,5353,1,0,monthly,south Bohemia,0.748,10045,-0.0017390227705052733,0.29000000000000004,0.135,60,8,17,0.4473684210526316,978.5131578947369,-34000.0,48180.0,19459.252277018073,-14723.0,40524.46315789474,700.0,90257.3,21716.75025029622,37183.5,0,6,4.75
85,5624,177744,48,3703,-1,0,monthly,south Moravia,0.621,8444,-0.0026637029144583957,0.22999999999999998,0.106,22,17,36,0.37894736842105264,149.79578947368424,-26000.0,45056.0,10974.649715933025,11400.0,26746.525263157895,-2485.5,89733.5,21147.08070284783,14230.7,1,3,5.588235294117647
86,5625,222180,60,3703,-1,0,monthly,west Bohemia,0.556,8843,0.0015312595703723148,0.7800000000000002,0.113,57,13,28,0.4745762711864407,1009.8135593220338,-52600.0,44352.0,18212.754146736515,-6900.0,55230.44406779661,800.0,130659.1,26510.559286203963,59578.8,0,16,4.538461538461538
87,5635,77184,36,2144,1,1,monthly,Prague,1.0,12541,0.01114566294286997,0.14,0.167,41,19,36,0.4675324675324675,291.5064935064934,-63600.0,48447.0,23733.68396052293,-600.0,50722.27012987013,200.0,142917.9,30287.214667670312,22446.0,0,10,4.052631578947368
88,5657,4980,12,415,1,1,monthly,south Moravia,0.505,8288,-0.0011790135586559245,0.7299999999999995,0.11,41,8,19,0.41304347826086957,489.13913043478254,-16000.0,15528.0,6254.1181477124255,800.0,30533.371739130438,800.0,41106.2,8705.183539928967,22500.3,0,54,5.75
89,5693,44088,24,1837,1,1,monthly,central Bohemia,0.5529999999999999,8899,-0.006146734854445318,0.5800000000000001,0.149,44,8,17,0.53125,1386.515625,-18000.0,24304.5,9992.09503580639,-14.6,36548.81875,1000.0,55576.8,11906.808161813045,44368.6,0,24,4.0
90,5706,161496,36,4486,1,0,weekly,north Moravia,0.626,8994,-0.0020519896339144354,0.9900000000000002,0.11,24,21,52,0.4,225.93461538461537,-64900.0,42094.0,12757.963094364417,1600.0,33219.9,500.0,113865.5,19260.546243938243,29371.5,0,6,6.190476190476191
91,5713,158760,60,2646,1,0,monthly,east Bohemia,0.59,9060,0.0007852574251155721,0.6599999999999999,0.124,17,22,55,0.3313253012048193,115.5566265060241,-17200.0,23810.0,7537.530722815004,-2900.0,24908.761445783133,900.0,59898.4,8944.715311238842,19182.3,0,7,7.545454545454546
92,5723,23628,12,1969,1,0,monthly,north Bohemia,0.598,8965,0.001968503937007874,1.1500000000000004,0.104,40,18,49,0.44545454545454544,582.6945454545455,-35200.0,43694.0,14969.32153670113,-35200.0,47420.84181818181,1000.0,140228.7,27950.21068970953,64096.3,0,32,6.111111111111111
93,5724,316140,60,5269,-1,0,monthly,Prague,1.0,12541,0.01114566294286997,0.14,0.167,26,23,60,0.4316546762589928,92.17194244604318,-9500.0,13352.0,5291.983178753222,66.8,18632.93381294964,800.0,39616.2,6901.260790646524,12826.4,0,2,6.043478260869565
94,5725,444864,48,9268,1,0,monthly,south Moravia,0.747,9624,-0.0011111167484360652,0.71,0.145,32,11,27,0.421875,652.2515625,-16300.0,25862.0,9438.321870917793,-10500.0,32404.7734375,800.0,62903.5,11798.830196336487,41743.9,0,4,5.818181818181818
95,5739,76380,12,6365,1,1,monthly,Prague,1.0,12541,0.01114566294286997,0.14,0.167,37,8,20,0.4444444444444444,514.5955555555555,-8700.0,12861.0,5137.9118173346515,-14.6,26122.84888888889,1100.0,41703.3,8289.780093711837,23156.6,0,3,5.625
96,5740,18564,12,1547,1,1,monthly,Prague,1.0,12541,0.01114566294286997,0.14,0.167,32,5,9,0.6923076923076923,3328.1307692307696,-13400.0,25603.5,12195.359397217768,167.3,35538.04615384615,200.0,56498.4,14265.870341694039,43265.7,0,27,2.6
97,5741,68544,24,2856,1,0,weekly,north Bohemia,0.623,9065,0.00016665789519849832,0.9299999999999997,0.123,20,9,17,0.3148148148148148,439.4425925925927,-34800.0,44342.0,15178.069612059662,-30.0,44948.625925925924,900.0,94207.7,20196.07407074487,23729.8,0,8,6.0
98,5750,63252,12,5271,1,1,monthly,central Bohemia,0.634,9920,0.005880179466877804,0.6100000000000003,0.13,46,22,48,0.2926829268292683,303.10426829268295,-31800.0,47436.0,15446.491918276866,31624.0,49291.82256097561,13097.7,86343.2,18482.29894648273,49709.2,0,9,7.454545454545454
99,5754,23052,12,1921,1,1,monthly,south Moravia,1.0,9897,-6.450447661067678e-05,0.3599999999999999,0.14,53,20,48,0.2807017543859649,166.85263157894735,-24000.0,20812.0,6190.289905957705,-5520.0,23771.966081871346,700.0,54321.8,8912.019358254425,28531.7,0,14,8.55
100,5804,158976,48,3312,1,0,monthly,east Bohemia,0.619,8363,0.0016905015394354445,0.9700000000000002,0.108,56,17,52,0.3333333333333333,121.02307692307694,-37300.0,48358.0,14000.167284580504,74.4,49916.09102564103,600.0,130293.2,23319.33818504641,18894.0,0,5,9.176470588235293
101,5805,137904,24,5746,-1,0,monthly,central Bohemia,0.365,9622,0.0007139363010166982,0.13999999999999996,0.154,27,4,9,0.75,2929.9833333333336,-9000.0,11878.0,7835.438063617623,-8100.0,26886.191666666666,600.0,43259.7,11982.10175488715,35159.7,0,6,3.0
102,5836,79632,24,3318,1,1,monthly,south Moravia,0.483,8512,-0.0011443829868395957,0.6100000000000003,0.102,35,4,10,0.625,5609.15625,-64300.0,66165.0,34383.04703385025,44110.0,63494.2,900.0,119373.5,29061.53705517541,99262.5,0,29,4.0
103,5837,244560,60,4076,1,1,monthly,south Moravia,0.636,8757,0.002372577040049833,0.5700000000000003,0.096,26,8,18,0.42857142857142855,507.76428571428585,-24600.0,36680.0,15097.74726351861,-4107.0,38426.728571428575,1000.0,72512.5,15757.722747155978,21326.1,0,5,5.25
104,5861,51408,24,2142,1,0,monthly,west Bohemia,0.556,8843,0.0015312595703723148,0.7800000000000002,0.113,45,13,31,0.484375,768.7328124999999,-57700.0,49907.0,20490.082507096853,-14.6,52299.2859375,900.0,137087.2,27533.493654127193,49198.8,0,22,4.923076923076923
105,5876,221280,48,4610,1,0,weekly,north Moravia,1.0,10673,-0.0013431315033809862,0.6900000000000004,0.1,26,13,25,0.352112676056338,441.050704225352,-32300.0,50178.0,17996.94083959726,-30.0,37596.9323943662,1100.0,106144.8,18388.528003099997,31314.7,0,6,5.461538461538462
106,5877,97224,24,4051,1,1,monthly,south Bohemia,0.614,8114,0.0024033917528557157,0.2400000000000002,0.119,43,17,42,0.375,173.92499999999998,-11700.0,16257.0,5670.881536481856,-3600.0,22360.536607142858,1000.0,43393.0,7476.937792262856,19479.6,0,4,6.588235294117647
107,5880,73836,36,2051,1,1,monthly,north Bohemia,0.899,10446,-0.0017014888027023646,2.0600000000000005,0.09,28,6,14,0.7368421052631579,3550.163157894737,-37000.0,44281.0,23125.7389687626,22321.0,55315.16842105263,900.0,129607.8,32965.14577809675,67453.1,0,32,3.1666666666666665
108,5882,87816,12,7318,1,0,monthly,Prague,1.0,12541,0.01114566294286997,0.14,0.167,33,15,41,0.4880952380952381,186.49523809523808,-10300.0,14886.0,6095.9040407632665,-5000.0,25533.214285714286,800.0,43442.2,6896.753585410004,15665.6,0,2,5.6
109,5886,192744,36,5354,1,0,monthly,south Moravia,0.40700000000000003,8544,0.0012835648783702158,0.5700000000000001,0.109,32,4,13,0.5,1069.1961538461542,-34100.0,49871.0,21524.24566298165,-8400.0,62590.42307692308,200.0,128778.8,28733.343188251627,27799.1,0,5,6.5
110,5887,192744,36,5354,1,1,monthly,south Moravia,0.519,8441,0.0033712028777238504,1.0300000000000002,0.115,23,16,33,0.4342105263157895,381.8302631578949,-47700.0,41064.0,13279.627496603152,-14.6,37265.65526315789,700.0,121508.1,16917.161794126067,29019.1,0,5,4.75
111,5892,66480,24,2770,-1,0,weekly,north Moravia,0.564,8746,0.0004285078587242552,0.41000000000000014,0.09,60,5,7,0.7,3489.12,-28000.0,49631.0,21506.03919108408,206.5,34798.28,900.0,77551.0,21490.62646296442,34891.2,0,12,2.0
112,5897,15192,24,633,1,1,monthly,west Bohemia,0.8,8991,0.0006117305449295695,0.6199999999999999,0.128,23,22,47,0.2781065088757396,102.67455621301775,-14000.0,21513.0,6713.042568708262,-4080.0,29941.905325443786,500.0,48157.1,7237.180988793552,17351.9,0,27,7.681818181818182
113,5900,135360,48,2820,1,0,monthly,east Bohemia,0.52,8187,0.00010720307185529534,0.6200000000000001,0.094,20,12,32,0.4155844155844156,712.5844155844156,-46400.0,48633.0,21907.25808941114,300.8,64881.31428571429,200.0,146479.5,30587.603643206054,54883.5,0,19,6.416666666666667
114,5918,300204,36,8339,1,0,monthly,south Moravia,0.48,8720,-0.00048161823727725157,0.77,0.116,30,12,27,0.38028169014084506,477.92676056338024,-18300.0,28365.0,9961.408186424214,135.7,34084.460563380286,300.0,57676.7,11447.547499735838,33947.4,0,4,5.916666666666667
115,5922,20220,12,1685,1,1,monthly,central Bohemia,0.5529999999999999,8899,-0.006146734854445318,0.5800000000000001,0.149,22,12,23,0.45098039215686275,613.7921568627451,-48100.0,49397.0,15994.266476395134,109.9,41077.635294117645,500.0,122906.7,25420.727566030233,31317.9,0,18,4.25
116,5923,64656,48,1347,1,0,monthly,west Bohemia,0.43799999999999994,8561,0.0014562096941959641,0.64,0.11,49,4,9,0.75,3729.0750000000003,-5700.0,13609.0,7928.79262425302,13609.0,25896.466666666664,200.0,44749.0,11814.971181770212,44749.0,0,33,3.0
117,5938,402000,60,6700,1,0,monthly,central Bohemia,0.674,9753,0.004323083799777174,0.41000000000000014,0.109,16,10,29,0.5370370370370371,319.1111111111111,-9100.0,9500.0,4128.500821997339,-2828.0,21568.935185185186,200.0,35650.8,7900.831741722059,17232.1,0,2,5.4
118,5959,107640,24,4485,1,1,monthly,central Bohemia,0.467,8507,0.005794068673777058,0.18000000000000016,0.132,35,6,12,0.5217391304347826,2840.2391304347825,-46900.0,53613.0,24954.115758577584,35742.0,50214.50434782609,600.0,107783.7,22727.670225229824,65325.4,0,14,3.8333333333333335
119,5970,465072,48,9689,1,0,monthly,south Moravia,0.483,8512,-0.0011443829868395957,0.6100000000000003,0.102,47,18,38,0.36893203883495146,360.7038834951457,-42880.0,35163.0,13109.178331783216,-10200.0,27778.74563106796,300.0,79557.6,13613.100566191757,37152.4,0,3,5.722222222222222
120,5980,21396,12,1783,1,0,monthly,south Bohemia,0.519,9045,0.0005782706306551466,0.4700000000000002,0.124,26,14,34,0.4358974358974359,317.71923076923076,-14075.0,16048.0,6719.2148696235945,-14075.0,30812.94615384615,1000.0,46848.9,7990.971151238132,24782.0,0,13,5.571428571428571
121,5988,141648,24,5902,1,0,monthly,east Bohemia,0.619,8363,0.0016905015394354445,0.9700000000000002,0.108,44,6,13,0.7222222222222222,4928.344444444444,-34600.0,42127.0,20748.506295215913,-34600.0,45100.42222222222,200.0,123310.1,32279.92216277436,88710.1,0,15,3.0
122,5989,213300,36,5925,1,0,monthly,east Bohemia,0.728,9538,-0.004114897281338418,0.30000000000000004,0.111,31,11,27,0.4576271186440678,463.16440677966096,-8160.0,13600.0,5061.0841403917675,106.1,27951.91355932203,400.0,42443.7,7864.495893274421,27341.3,0,4,5.363636363636363
123,5997,117024,24,4876,1,0,monthly,south Bohemia,0.748,10045,-0.0017390227705052733,0.29000000000000004,0.135,58,5,9,0.6923076923076923,4091.8076923076924,-24000.0,29255.0,19509.74139421388,208.3,44131.16923076923,800.0,76985.2,19844.247591152816,53193.5,0,10,2.6
124,5999,98832,48,2059,1,1,monthly,east Bohemia,0.591,8388,0.00010426767597777013,0.5299999999999998,0.087,25,23,50,0.2824858757062147,153.5022598870057,-22240.0,23282.0,7402.133118498487,139.5,31814.268361581922,500.0,63095.4,12078.55101973188,27184.4,0,13,7.695652173913044
125,6004,143904,24,5996,1,0,monthly,east Bohemia,0.52,8187,0.00010720307185529534,0.6200000000000001,0.094,43,17,47,0.3381294964028777,275.80071942446034,-60500.0,46108.0,15694.80077317444,-8800.0,49727.45611510792,700.0,134571.2,23416.563215441554,38336.2,0,6,8.176470588235293
126,6006,359760,60,5996,1,0,monthly,east Bohemia,0.763,9425,-0.0011986110939488676,0.78,0.125,17,16,25,0.5208333333333334,832.4895833333334,-51700.0,37346.0,14255.403903592842,-4710.0,32434.693750000002,900.0,127807.6,24143.874396857613,39959.4,0,6,3.0
127,6011,179328,48,3736,1,0,monthly,south Moravia,1.0,9897,-6.450447661067678e-05,0.3599999999999999,0.14,23,10,21,0.40384615384615385,693.7461538461539,-23040.0,34960.0,13297.549423542427,-15700.0,44093.971153846156,200.0,81614.7,14278.225737036766,36074.7,0,9,5.2
128,6012,258444,36,7179,1,0,weekly,Prague,1.0,12541,0.01114566294286997,0.14,0.167,30,7,12,0.75,3368.25625,-14600.0,31830.0,12093.412861938175,206.4,40688.1375,600.0,61790.4,17230.159617750694,53892.1,0,7,2.2857142857142856
129,6013,128988,36,3583,-1,0,weekly,south Bohemia,0.584,8547,-0.00029725674489709255,0.9900000000000002,0.12,56,18,35,0.4268292682926829,118.05365853658544,-27600.0,42530.0,12272.167259131436,-30.0,34740.70243902439,-36.1,78192.9,17311.11971554469,9680.2,1,2,4.555555555555555
130,6015,110112,24,4588,1,0,monthly,south Moravia,0.509,8240,0.00049114548099823,1.0300000000000002,0.099,33,11,37,0.45121951219512196,1303.1499999999999,-52500.0,45549.0,22818.60210797403,33425.0,76232.70000000001,700.0,135658.1,28391.569085736075,135658.1,0,29,7.454545454545454
131,6019,11400,12,950,1,1,monthly,south Moravia,1.0,9897,-6.450447661067678e-05,0.3599999999999999,0.14,16,11,29,0.37662337662337664,361.30389610389614,-6700.0,10734.0,3661.7528542906434,-2200.0,27533.66363636364,300.0,39514.1,6234.415407995346,27820.2,0,29,7.0
132,6027,61656,24,2569,-1,1,weekly,central Bohemia,0.413,8598,0.005155690732738636,0.48999999999999977,0.123,42,6,9,0.75,4974.625,-31400.0,47337.0,23294.773171801477,15200.0,44763.458333333336,400.0,89256.9,24849.149080234965,59695.5,0,23,2.0
133,6038,323472,48,6739,1,1,monthly,Prague,1.0,12541,0.01114566294286997,0.14,0.167,53,14,28,0.49122807017543857,1213.6789473684212,-33900.0,44802.0,18150.672608421988,230.0,45414.07368421053,200.0,119934.1,26516.428001628443,72386.4,0,10,4.071428571428571
134,6043,20352,48,424,1,1,monthly,south Moravia,0.636,8757,0.002372577040049833,0.5700000000000003,0.096,47,9,22,0.4583333333333333,443.3666666666666,-9600.0,12549.0,5243.28973277693,-3000.0,31814.41458333333,400.0,44427.9,9092.645216549368,21281.5,0,50,5.333333333333333
135,6063,320976,48,6687,-1,0,monthly,Prague,1.0,12541,0.01114566294286997,0.14,0.167,59,8,23,0.46,929.2460000000001,-49700.0,70071.0,24296.38046283396,-9100.0,49482.968,1000.0,130775.0,27435.703120029266,46462.2,0,6,6.25
136,6064,14628,12,1219,1,1,monthly,south Moravia,0.33899999999999997,8743,0.001496414971790986,0.5500000000000003,0.111,45,13,29,0.28431372549019607,342.1843137254902,-14100.0,23230.5,7116.803667290632,160.7,32788.14215686275,200.0,52184.7,9015.76816505543,34917.4,0,28,7.846153846153846
137,6066,173808,24,7242,1,1,after-transaction,north Moravia,0.535,8909,0.0008751556767309569,1.5499999999999998,0.113,37,13,26,0.3466666666666667,1259.0919999999999,-38200.0,74522.0,26445.166083619242,49681.0,61218.65866666667,1000.0,134416.6,24967.390839870233,94431.9,0,13,5.769230769230769
138,6072,193968,36,5388,1,0,after-transaction,north Moravia,0.626,8994,-0.0020519896339144354,0.9900000000000002,0.11,21,7,20,0.6896551724137931,2785.5172413793102,-54200.0,41783.0,23715.50147849456,19181.0,63579.21724137931,800.0,120567.3,30034.313435862332,80780.0,0,14,4.142857142857143
139,6073,276300,60,4605,1,0,monthly,south Moravia,0.747,9624,-0.0011111167484360652,0.71,0.145,20,16,45,0.4891304347826087,299.76304347826084,-5760.0,8888.0,3941.6829481420946,-3950.0,25997.563043478258,500.0,40755.0,6720.217505796418,27578.1,0,5,5.75
140,6077,79608,24,3317,1,0,monthly,east Bohemia,0.53,8254,0.0015055962729390376,0.9699999999999998,0.097,23,10,22,0.41509433962264153,1957.4679245283016,-51700.0,67124.0,26077.862408931138,-3100.0,69954.5716981132,800.0,125825.7,24870.23292768019,103745.7,0,31,5.3
141,6087,300660,60,5011,1,0,monthly,north Bohemia,0.853,9317,-0.0006010084453394527,0.5800000000000001,0.097,44,10,24,0.36363636363636365,513.9242424242424,-48900.0,44519.0,17285.908796465144,-9800.0,45854.89090909091,800.0,135175.2,30520.960807281426,33918.9,0,6,6.6
142,6103,149340,60,2489,1,0,weekly,east Bohemia,0.53,8254,0.0015055962729390376,0.9699999999999998,0.097,31,11,23,0.4107142857142857,420.3267857142858,-13200.0,22404.0,8513.67877149347,92.4,29069.116071428572,500.0,53214.0,10432.344642413836,23568.3,0,9,5.090909090909091
143,6109,368880,60,6148,1,0,monthly,south Moravia,0.483,8512,-0.0011443829868395957,0.6100000000000003,0.102,21,20,58,0.31868131868131866,580.839010989011,-64500.0,49781.0,18793.020479054165,299.4,60030.743406593414,1100.0,151062.3,28681.80838333561,105727.0,0,17,9.1
144,6111,174744,24,7281,-1,1,monthly,west Bohemia,0.8,8991,0.0006117305449295695,0.6199999999999999,0.128,45,5,16,0.5,1816.9,-52600.0,47436.0,18855.75071096861,40175.0,37485.45625,1000.0,105628.0,28302.653142986743,58140.9,0,7,6.4
145,6112,174744,24,7281,-1,1,monthly,central Bohemia,0.514,9307,0.004434404283801874,0.5799999999999996,0.118,15,15,38,0.3220338983050847,58.73644067796611,-37500.0,46739.0,12614.128150397219,8300.0,26252.81440677966,-1369.2,96659.4,23430.521918399387,6930.8,1,0,7.866666666666666
146,6120,209184,48,4358,1,0,monthly,Prague,1.0,12541,0.01114566294286997,0.14,0.167,41,13,26,0.38235294117647056,650.8058823529414,-61800.0,54645.0,21705.699409477493,-14500.0,46230.339705882354,1000.0,110583.8,19403.334950613862,44254.7,0,10,5.230769230769231
147,6130,32640,48,680,1,0,monthly,east Bohemia,0.763,9425,-0.0011986110939488676,0.78,0.125,53,16,39,0.3644859813084112,175.70186915887848,-20700.0,11200.0,4414.736988447476,-4100.0,25906.40934579439,300.0,43206.0,7545.466318441954,18800.0,0,27,6.6875
148,6137,44628,12,3719,1,0,weekly,central Bohemia,0.413,8598,0.005155690732738636,0.48999999999999977,0.123,52,21,43,0.2945205479452055,550.9575342465755,-59000.0,71565.0,22910.533347878514,47710.0,49477.32123287671,900.0,112689.5,22661.883780456672,80439.7,0,21,6.9523809523809526
149,6144,44376,12,3698,1,0,monthly,south Bohemia,0.519,9045,0.0005782706306551466,0.4700000000000002,0.124,34,6,18,0.46153846153846156,1749.7820512820513,-54100.0,49412.0,21657.228439032977,-14463.0,53505.21538461538,800.0,124090.0,28278.24506461626,68241.5,0,18,6.5
150,6150,83016,12,6918,1,0,monthly,south Moravia,0.48,8720,-0.00048161823727725157,0.77,0.116,15,21,67,0.34183673469387754,343.90561224489795,-64400.0,48883.0,20004.60798525459,302.5,67891.93520408163,700.0,136436.6,25921.044106424713,93620.2,0,13,9.333333333333334
151,6151,225420,60,3757,1,1,monthly,south Moravia,0.5379999999999999,8814,-0.00044954494177120704,0.9800000000000004,0.107,46,10,22,0.43137254901960786,635.3627450980392,-14800.0,20727.0,7892.115364285061,-6800.0,31185.156862745098,200.0,53271.6,9614.3623318295,32403.4,0,8,5.1
152,6153,285600,60,4760,1,1,weekly,central Bohemia,0.514,9307,0.004434404283801874,0.5799999999999996,0.118,14,8,24,0.4897959183673469,575.3938775510203,-33600.0,42729.0,15706.11022393578,4200.0,49651.8918367347,1100.0,126077.1,26473.42182373544,28194.4,0,5,6.125
153,6157,98592,24,4108,1,1,after-transaction,central Bohemia,0.467,10124,0.005494982841753182,-0.020000000000000018,0.141,31,6,13,0.5,1687.380769230769,-24500.0,36975.0,15740.18703617004,-2700.0,54128.56538461538,900.0,78713.7,19656.29438137193,62671.9,0,15,4.333333333333333
154,6169,103680,60,1728,-1,0,monthly,east Bohemia,0.591,8388,0.00010426767597777013,0.5299999999999998,0.087,23,20,44,0.4036697247706422,277.31834862385324,-13920.0,14422.5,5844.976840957274,-6200.0,28250.109174311925,500.0,46520.1,9371.387579711678,30227.6,0,17,5.45
155,6175,290700,60,4845,-1,1,monthly,east Bohemia,0.619,8363,0.0016905015394354445,0.9700000000000002,0.108,36,13,42,0.42,115.74900000000004,-56400.0,49763.0,20815.30469658845,14400.0,59647.424000000006,-2825.2,129626.3,31590.330595889613,11574.8,1,2,7.6923076923076925
156,6178,232560,48,4845,1,1,after-transaction,north Moravia,1.0,10673,-0.0013431315033809862,0.6900000000000004,0.1,25,5,14,0.5185185185185185,1527.540740740741,-37300.0,39741.0,19095.755186795977,-11564.0,63188.63333333333,600.0,102665.9,26204.030675466118,41243.5,0,8,5.4
157,6185,31176,24,1299,1,0,monthly,Prague,1.0,12541,0.01114566294286997,0.14,0.167,27,5,12,0.5217391304347826,2202.0478260869563,-16900.0,29418.0,12849.710191244483,-1600.0,46304.15217391304,700.0,65769.6,15340.950971615734,50647.1,0,38,4.6
158,6190,123600,60,2060,1,0,monthly,north Moravia,0.899,10177,0.0008059231850084271,1.12,0.081,28,10,20,0.40816326530612246,316.4408163265305,-43300.0,47109.0,15765.43962695668,-14.6,39514.67755102041,300.0,105255.7,23277.873093332153,15505.6,0,7,4.9
159,6202,65184,12,5432,1,0,monthly,central Bohemia,0.41700000000000004,8980,-0.00014621437686091024,0.26,0.111,36,15,30,0.36585365853658536,829.2134146341464,-39900.0,48891.0,18176.255524503395,-7100.0,47426.55,900.0,102410.3,18172.768250468802,67995.4,0,12,5.466666666666667
160,6210,87216,48,1817,-1,0,monthly,south Bohemia,0.519,9045,0.0005782706306551466,0.4700000000000002,0.124,30,7,21,0.6363636363636364,657.3060606060606,-12600.0,16356.0,6304.685894086011,126.8,28362.248484848486,200.0,41410.0,8425.332672368242,21705.9,0,11,4.714285714285714
161,6216,141240,24,5885,1,0,monthly,east Bohemia,0.52,8187,0.00010720307185529534,0.6200000000000001,0.094,32,12,27,0.2647058823529412,449.7225490196078,-43500.0,52968.0,16080.692150131732,-4900.0,57219.57450980392,1000.0,107784.1,19476.293991224597,45871.6,0,7,8.5
162,6223,61056,48,1272,1,1,monthly,south Moravia,0.48,8720,-0.00048161823727725157,0.77,0.116,37,12,23,0.359375,523.8328125,-13500.0,24372.0,8838.6079033715,-14.6,36039.0515625,900.0,55816.0,9064.78033824496,33525.3,0,26,5.333333333333333
163,6227,28248,24,1177,1,1,monthly,east Bohemia,0.728,9538,-0.004114897281338418,0.30000000000000004,0.111,25,19,38,0.40425531914893614,358.82127659574473,-23400.0,30055.5,12577.335037621231,-14.6,45582.448936170214,400.0,69893.0,11726.617607165179,33729.1,0,28,4.947368421052632
164,6228,464520,60,7742,-1,1,weekly,north Moravia,0.535,8909,0.0008751556767309569,1.5499999999999998,0.113,52,9,31,0.45588235294117646,1284.8573529411765,-41000.0,47757.0,18515.433732174413,290.7,51760.01617647059,200.0,125943.1,27848.686707573845,101797.3,0,13,7.555555555555555
165,6229,11736,24,489,1,0,monthly,Prague,1.0,12541,0.01114566294286997,0.14,0.167,56,18,36,0.2706766917293233,202.89172932330825,-22500.0,33098.0,10292.575569812925,-2200.0,42224.43909774436,1100.0,70826.8,11703.03977104676,26984.4,0,55,7.388888888888889
166,6232,276660,36,7685,-1,0,monthly,south Moravia,0.46,8772,0.002439709481963003,0.29000000000000004,0.126,45,11,30,0.5172413793103449,341.0931034482759,-9800.0,11600.0,4661.409938004492,4987.0,19256.894827586206,500.0,32720.4,6029.338312664938,19783.2,0,2,5.2727272727272725
167,6244,270648,36,7518,-1,0,weekly,Prague,1.0,12541,0.01114566294286997,0.14,0.167,57,10,36,0.5,708.286111111111,-52700.0,47433.0,20562.96641988107,-25800.0,60819.976388888885,200.0,134501.4,29717.34457286979,50996.5,0,6,7.2
168,6253,59760,24,2490,1,0,monthly,north Moravia,1.0,10673,-0.0013431315033809862,0.6900000000000004,0.1,35,11,22,0.4074074074074074,761.7259259259258,-21440.0,34557.0,12619.737173177173,-14.6,40204.46481481482,300.0,69643.1,12827.193914171468,41133.1,0,16,4.909090909090909
169,6272,398640,60,6644,1,1,weekly,north Moravia,1.0,10673,-0.0013431315033809862,0.6900000000000004,0.1,34,17,34,0.3953488372093023,689.7302325581396,-48100.0,59793.0,24531.737124012707,-30800.0,63383.57558139535,400.0,121689.5,21947.881092045613,59316.9,0,8,5.0588235294117645
170,6279,87360,24,3640,1,0,monthly,north Bohemia,0.598,8965,0.001968503937007874,1.1500000000000004,0.104,31,11,16,0.5333333333333333,968.6,-22800.0,49341.0,14770.064504820271,-14.6,36783.95,200.0,69174.6,13552.449489852383,29057.9,0,7,2.727272727272727
171,6283,85632,48,1784,1,1,monthly,south Moravia,0.747,9624,-0.0011111167484360652,0.71,0.145,47,16,38,0.4470588235294118,1175.7517647058824,-60800.0,49917.0,23579.22481372821,-17300.0,65066.73529411765,800.0,156504.1,26945.910380677462,99938.7,0,56,5.3125
172,6294,79920,60,1332,1,0,monthly,west Bohemia,1.0,10787,0.0012907086577216645,0.44999999999999973,0.131,41,15,29,0.30526315789473685,329.17473684210523,-24300.0,36634.5,12738.082800263792,-5984.0,43846.97789473684,700.0,74199.5,11483.013284673825,31271.6,0,23,6.333333333333333
173,6296,270384,48,5633,1,0,monthly,central Bohemia,0.41700000000000004,8980,-0.00014621437686091024,0.26,0.111,34,15,32,0.367816091954023,664.771264367816,-30800.0,50696.0,18371.692077442156,33797.0,47654.244827586204,700.0,91294.4,18202.53979303858,57835.1,0,10,5.8
174,6297,17508,12,1459,1,0,monthly,central Bohemia,0.58,8754,0.0005933067581347919,0.47999999999999954,0.137,48,14,31,0.4305555555555556,667.0430555555556,-13300.0,17580.0,7200.266425798861,-720.0,39290.618055555555,900.0,54432.3,9324.209981583175,48027.0,0,32,5.142857142857143
175,6302,181020,60,3017,1,1,monthly,east Bohemia,0.59,9060,0.0007852574251155721,0.6599999999999999,0.124,30,18,37,0.3978494623655914,457.26881720430094,-19900.0,27150.0,10749.054975033838,18100.0,34005.9064516129,500.0,60475.3,9801.680644529757,45526.0,0,15,5.166666666666667
176,6303,72408,24,3017,-1,1,after-transaction,west Bohemia,0.5920000000000001,8930,0.0024165416171340595,0.6800000000000002,0.108,37,4,9,0.6923076923076923,2797.223076923077,-32700.0,49634.0,20971.946825150095,-14000.0,45099.26153846154,700.0,83619.5,19929.621714110985,36363.9,0,12,3.25
177,6306,36684,12,3057,1,1,monthly,north Moravia,0.899,10177,0.0008059231850084271,1.12,0.081,16,21,50,0.4,280.74559999999997,-24480.0,18552.0,7018.160422794658,-5700.0,30229.797599999998,700.0,50774.2,7937.353315967115,35093.0,0,11,5.9523809523809526
178,6309,110136,24,4589,1,1,monthly,Prague,1.0,12541,0.01114566294286997,0.14,0.167,38,18,29,0.4603174603174603,646.7714285714288,-60700.0,45640.0,18815.813955214242,-4891.0,50815.804761904765,400.0,140542.8,29147.98491700158,40746.5,0,8,3.5
179,6315,43164,12,3597,1,1,monthly,south Moravia,0.5379999999999999,8814,-0.00044954494177120704,0.9800000000000004,0.107,19,12,26,0.37681159420289856,454.3492753623188,-43700.0,57680.0,21714.197967456435,900.0,68377.06376811593,800.0,120071.4,22291.65403318662,31349.9,0,8,5.75
180,6316,76908,12,6409,-1,1,monthly,central Bohemia,0.674,9753,0.004323083799777174,0.41000000000000014,0.109,48,16,42,0.4117647058823529,145.9656862745098,-52200.0,47434.0,19010.291202198227,7000.0,52890.40392156863,1100.0,126002.8,23250.780434566495,14888.6,0,2,6.375
181,6336,212400,36,5900,1,1,weekly,north Bohemia,0.598,8965,0.001968503937007874,1.1500000000000004,0.104,27,12,31,0.43661971830985913,904.5239436619718,-42900.0,48828.0,18249.048697769467,-33500.0,51034.361971830986,300.0,133215.2,27309.501085647138,64221.1,0,10,5.916666666666667
182,6342,60156,36,1671,-1,0,monthly,south Bohemia,0.569,8427,0.00041519839030777913,0.41999999999999993,0.107,19,8,26,0.4642857142857143,1191.3017857142856,-53600.0,49767.0,23126.58779759381,-53600.0,72667.63571428572,400.0,159712.8,34206.987415175485,106112.8,0,63,7.0
183,6354,22968,36,638,1,1,monthly,south Bohemia,0.569,8427,0.00041519839030777913,0.41999999999999993,0.107,46,4,10,0.9090909090909091,3530.090909090909,-3600.0,8200.0,4586.05344592811,8155.0,23324.936363636363,1000.0,38831.0,11195.573958245528,38831.0,0,60,2.75
184,6356,95400,36,2650,1,0,weekly,central Bohemia,0.514,9307,0.004434404283801874,0.5799999999999996,0.118,22,9,22,0.46808510638297873,588.6595744680852,-33500.0,35760.0,16204.181715138946,-30.0,41562.323404255316,200.0,92354.8,23576.743344256894,27667.0,0,10,5.222222222222222
185,6358,137880,60,2298,-1,0,weekly,north Moravia,0.626,8994,-0.0020519896339144354,0.9900000000000002,0.11,31,16,38,0.42696629213483145,224.34719101123596,-20848.0,20684.0,8580.77908274293,-5100.0,24523.073033707864,200.0,52658.4,11727.066048624869,19966.8,0,8,5.5625
186,6362,37908,12,3159,1,1,monthly,south Moravia,0.40700000000000003,8544,0.0012835648783702158,0.5700000000000001,0.109,19,15,31,0.40789473684210525,606.7592105263158,-22479.0,28431.0,11087.586234682192,-12300.0,42164.027631578945,800.0,69530.4,12938.940496291016,46113.5,0,14,5.066666666666666
187,6403,194880,48,4060,1,0,monthly,north Moravia,1.0,10673,-0.0013431315033809862,0.6900000000000004,0.1,15,18,37,0.3274336283185841,274.3982300884956,-23532.0,36536.0,12633.435844494606,-14.6,36421.425663716815,300.0,71138.8,13195.884796079004,31007.0,0,7,6.277777777777778
188,6407,25944,24,1081,1,1,monthly,north Bohemia,0.856,9832,-0.008209018120522545,1.1600000000000006,0.114,34,8,19,0.5135135135135135,1875.6486486486488,-29900.0,36289.5,15950.623795423275,24193.0,56927.45405405405,600.0,80155.2,17426.036797826957,69398.9,0,64,4.625
189,6421,96768,36,2688,1,1,monthly,north Bohemia,0.598,8965,0.001968503937007874,1.1500000000000004,0.104,28,12,28,0.42424242424242425,566.6136363636364,-64100.0,48172.0,20526.20937210155,-5200.0,51611.34242424242,900.0,117830.9,22929.24381405384,37396.4,0,13,5.5
190,6456,47016,12,3918,1,1,after-transaction,east Bohemia,0.735,8369,-0.0020938877995546053,0.52,0.117,35,8,22,0.5238095238095238,1399.3666666666668,-51800.0,47705.0,18411.845320199693,-14581.0,60382.08571428571,200.0,112901.6,23888.321559448163,58773.2,0,15,5.25
191,6460,48672,36,1352,1,1,monthly,south Moravia,0.33899999999999997,8743,0.001496414971790986,0.5500000000000003,0.111,46,14,34,0.35051546391752575,238.24845360824742,-5880.0,12100.0,2648.5272061056794,-14.6,23050.189690721647,300.0,33484.4,5423.587576531727,23110.0,0,17,6.928571428571429
192,6461,74124,36,2059,1,1,weekly,central Bohemia,0.58,8754,0.0005933067581347919,0.47999999999999954,0.137,57,17,39,0.319672131147541,210.31393442622942,-43200.0,49816.0,15987.369531185042,-1080.0,54371.29918032787,400.0,159765.9,30062.389743314227,25658.0,0,12,7.176470588235294
193,6471,155640,24,6485,1,1,monthly,central Bohemia,0.514,9307,0.004434404283801874,0.5799999999999996,0.118,53,14,27,0.2571428571428571,385.66285714285715,-21700.0,34486.0,10223.163061469557,-14.6,45183.34952380953,500.0,72838.9,13513.4703010347,40494.6,0,6,7.5
194,6474,63360,60,1056,1,0,monthly,east Bohemia,0.608,8208,0.006117460527185043,0.3699999999999999,0.155,39,21,49,0.4117647058823529,215.4235294117647,-7300.0,12138.0,4587.227469071161,-14.6,29108.363865546216,700.0,40733.8,6107.706916241164,25635.0,0,24,5.666666666666667
195,6499,80952,24,3373,1,0,monthly,Prague,1.0,12541,0.01114566294286997,0.14,0.167,48,11,22,0.4074074074074074,532.3944444444444,-22400.0,30354.0,11890.461827732386,150.2,33312.53888888889,1100.0,67529.6,12270.895742079612,28763.7,0,8,4.909090909090909
196,6501,30276,12,2523,-1,1,monthly,south Bohemia,0.67,9104,0.000532187678403824,0.5599999999999998,0.123,57,12,58,0.6304347826086957,270.98478260869564,-18500.0,22708.0,8435.087354732237,-18500.0,31318.872826086954,1000.0,58621.4,12216.3463270595,24930.3,0,9,7.666666666666667
197,6509,55368,24,2307,1,1,monthly,south Moravia,0.747,9624,-0.0011111167484360652,0.71,0.145,54,12,47,0.47959183673469385,126.67959183673467,-34100.0,48139.0,13447.74775955936,10100.0,46061.3193877551,200.0,113350.7,24131.83891162098,12414.4,0,5,8.166666666666666
198,6512,63312,48,1319,1,1,monthly,west Bohemia,0.5920000000000001,8930,0.0024165416171340595,0.6800000000000002,0.108,38,13,35,0.4268292682926829,348.21219512195125,-4600.0,10500.0,2812.955489695835,900.0,22551.77926829268,500.0,31462.9,5522.432869014776,28553.5,0,21,6.3076923076923075
199,6520,91200,24,3800,1,1,monthly,north Bohemia,0.899,10446,-0.0017014888027023646,2.0600000000000005,0.09,38,8,18,0.5,908.7555555555554,-22100.0,34198.0,14394.25999025692,22799.0,32558.533333333333,700.0,76736.9,15743.433555304437,32715.3,0,8,4.5
200,6526,288468,36,8013,1,1,monthly,south Moravia,0.505,8288,-0.0011790135586559245,0.7299999999999995,0.11,36,5,14,0.8235294117647058,2872.970588235294,-23300.0,30950.0,13521.186598712626,26.1,36999.52352941177,600.0,71939.2,16205.72181108147,48665.3,0,6,3.4
201,6535,41952,12,3496,1,0,monthly,east Bohemia,0.763,9425,-0.0011986110939488676,0.78,0.125,22,14,31,0.29523809523809524,234.9790476190476,-25400.0,31462.0,9988.010979859182,134.4,41502.025714285715,500.0,71527.0,13263.348751707794,24687.4,0,7,7.5
202,6540,309600,48,6450,1,0,weekly,north Moravia,0.626,8994,-0.0020519896339144354,0.9900000000000002,0.11,20,11,22,0.39285714285714285,633.7142857142857,-34700.0,58052.0,23275.074268014916,-22389.0,58185.58928571428,400.0,112363.1,20963.728475446504,35488.1,0,5,5.090909090909091
203,6545,191880,60,3198,1,0,monthly,south Bohemia,0.67,9104,0.000532187678403824,0.5599999999999998,0.123,46,9,35,0.40229885057471265,902.541379310345,-59200.0,46829.0,18802.118055294854,12269.0,53685.786206896555,400.0,128539.4,26747.651934377307,78521.0,0,24,9.666666666666666
204,6546,31728,24,1322,1,0,monthly,Prague,1.0,12541,0.01114566294286997,0.14,0.167,44,18,41,0.3504273504273504,280.3666666666667,-19680.0,22267.5,7906.576424876559,-3240.0,31139.747863247863,600.0,56122.8,9913.02291629028,32802.7,0,24,6.5
205,6550,320592,48,6679,1,1,monthly,south Moravia,0.40700000000000003,8544,0.0012835648783702158,0.5700000000000001,0.109,25,15,30,0.3409090909090909,785.7806818181817,-46600.0,60108.0,21262.713062908962,-5800.0,60781.306818181816,500.0,117827.8,21161.10823723557,69148.6,0,10,5.866666666666666
206,6577,51696,24,2154,1,1,monthly,north Moravia,1.0,10673,-0.0013431315033809862,0.6900000000000004,0.1,26,13,44,0.43137254901960786,374.5323529411764,-59600.0,46889.0,21241.171900965554,-9500.0,58226.50490196078,600.0,124339.4,26115.030058226144,38202.2,0,17,7.846153846153846
207,6578,27984,12,2332,1,0,weekly,east Bohemia,0.619,8363,0.0016905015394354445,0.9700000000000002,0.108,46,17,30,0.39473684210526316,241.8473684210526,-25700.0,47513.0,12496.861912693374,-8217.0,30639.86315789474,500.0,82352.4,16237.333801572568,18380.5,0,7,4.470588235294118
208,6580,196080,48,4085,1,0,monthly,west Bohemia,0.855,8624,0.003649092302588682,0.8700000000000001,0.102,35,7,20,0.425531914893617,1848.0297872340425,-35700.0,46888.0,16576.270274321494,-4900.0,49143.96595744681,900.0,97457.4,23182.39661204049,86857.4,0,21,6.714285714285714
209,6585,372120,60,6202,1,0,monthly,south Moravia,0.747,9624,-0.0011111167484360652,0.71,0.145,51,21,71,0.4127906976744186,270.8174418604651,-63300.0,48768.0,21258.89169377205,-12800.0,64044.04593023256,500.0,128495.4,25895.9123556906,46580.5,0,7,8.19047619047619
210,6589,189696,24,7904,1,0,weekly,south Bohemia,0.527,8402,0.0019444660496227735,0.8500000000000001,0.12,50,9,30,0.33707865168539325,995.867415730337,-57600.0,49775.0,19185.851320864356,210.9,54137.10561797753,700.0,125386.9,23400.63444036177,88662.1,0,11,9.88888888888889
211,6591,20832,48,434,1,0,monthly,north Bohemia,0.598,8965,0.001968503937007874,1.1500000000000004,0.104,46,18,47,0.31125827814569534,118.36092715231788,-19700.0,13251.0,4276.905237419124,68.5,21368.909933774834,500.0,41997.9,5923.774708486194,17887.1,0,41,8.38888888888889
212,6594,189696,24,7904,-1,1,monthly,south Moravia,0.519,8441,0.0033712028777238504,1.0300000000000002,0.115,24,4,5,1.0,4500.0,600.0,11500.0,4623.310502226733,2200.0,14900.0,600.0,22500.0,8889.038193190532,22500.0,0,2,1.25
213,6596,91584,24,3816,1,1,monthly,north Bohemia,0.847,8705,0.001562301441951905,1.8600000000000003,0.116,42,7,14,0.45161290322580644,1607.8387096774193,-30600.0,47906.0,21422.380148412976,-27900.0,50765.41612903226,1000.0,83039.4,18234.74108903289,49842.9,0,13,4.428571428571429
214,6598,68112,12,5676,1,1,monthly,north Bohemia,0.805,8867,0.0026586157173756307,0.18999999999999995,0.13,17,17,37,0.25170068027210885,268.1380952380952,-42100.0,57164.0,17044.76002469667,-7500.0,47220.13401360544,300.0,111588.8,19532.468493474174,39416.1,0,6,8.647058823529411
215,6599,72120,12,6010,1,1,monthly,east Bohemia,0.619,8363,0.0016905015394354445,0.9700000000000002,0.108,44,20,40,0.39215686274509803,966.9794117647058,-50700.0,54092.0,21452.914456134986,-7000.0,75686.06568627451,1000.0,109338.9,20598.00230804139,98631.7,0,16,5.1
216,6600,21852,36,607,1,0,monthly,north Bohemia,0.877,9675,-0.0010619949535277395,1.25,0.1,40,6,12,0.6666666666666666,2383.2944444444443,-18100.0,27736.5,13297.319828113626,-26.0,38509.05,700.0,60863.2,15001.855573002804,42899.4,0,70,3.0
217,6613,84120,24,3505,1,1,weekly,north Moravia,0.484,8173,-0.08155614743872595,3.890657894736842,0.124,46,3,12,0.631578947368421,3365.942105263158,-36300.0,47952.0,21047.20841107532,13484.0,56910.689473684215,900.0,89570.9,24271.624057983947,45528.9,0,12,6.333333333333333
218,6624,71460,12,5955,1,0,monthly,south Moravia,0.33899999999999997,8743,0.001496414971790986,0.5500000000000003,0.111,49,10,20,0.46511627906976744,1784.211627906977,-24300.0,48487.0,15446.517466147652,34197.0,47991.53023255814,200.0,82549.0,19235.72960061234,53022.0,0,8,4.3
219,6642,77640,12,6470,1,0,weekly,west Bohemia,0.43799999999999994,8561,0.0014562096941959641,0.64,0.11,26,11,22,0.36666666666666664,513.765,-35000.0,58227.0,20304.337007709768,-6000.0,55570.305,700.0,117489.5,23174.95183686821,30825.8,0,4,5.454545454545454
220,6644,93600,24,3900,1,0,monthly,central Bohemia,0.5529999999999999,8899,-0.006146734854445318,0.5800000000000001,0.149,24,10,21,0.38181818181818183,477.0163636363637,-42900.0,45287.0,14785.065939027592,-3231.0,40078.70727272727,900.0,96108.3,21469.630340267242,26235.8,0,6,5.5
221,6645,140400,36,3900,1,0,monthly,north Moravia,1.0,10673,-0.0013431315033809862,0.6900000000000004,0.1,53,13,22,0.4888888888888889,628.2599999999999,-63200.0,44739.0,19380.17457458899,-5100.0,43563.619999999995,400.0,115000.2,18981.79097613385,28271.8,0,7,3.4615384615384617
222,6647,208320,48,4340,1,1,weekly,west Bohemia,0.5920000000000001,8930,0.0024165416171340595,0.6800000000000002,0.108,26,16,33,0.38823529411764707,519.8023529411765,-29700.0,39060.0,14500.177189565788,-30.0,43944.88941176471,200.0,82981.9,16039.860835602089,44183.1,0,10,5.3125
223,6650,49320,12,4110,-1,1,after-transaction,west Bohemia,0.8,8991,0.0006117305449295695,0.6199999999999999,0.128,48,5,17,0.3469387755102041,319.869387755102,-62700.0,45628.0,17673.643380683712,-11567.0,46576.27755102041,900.0,126833.0,24439.877180919786,15673.6,0,3,9.8
224,6659,56100,60,935,1,0,monthly,south Moravia,1.0,9897,-6.450447661067678e-05,0.3599999999999999,0.14,37,13,28,0.4117647058823529,226.57794117647063,-10700.0,13986.0,5610.398800145166,-6216.0,20158.001470588235,1000.0,45346.1,8426.832211799325,15407.2,0,16,5.230769230769231
225,6667,155880,24,6495,1,1,monthly,north Bohemia,0.623,9065,0.00016665789519849832,0.9299999999999997,0.123,27,21,51,0.3591549295774648,313.8366197183098,-60700.0,49818.0,18418.33745229831,-8305.0,63263.1471830986,1000.0,164648.6,26666.145799399845,44564.6,0,6,6.761904761904762
226,6668,74736,36,2076,1,0,monthly,east Bohemia,0.535,8390,0.0005390351271224508,0.6100000000000003,0.132,28,13,26,0.3880597014925373,496.17761194029845,-20000.0,30918.0,12019.83329243066,-10200.0,37912.99850746268,700.0,62084.0,10605.68811295336,33243.7,0,16,5.153846153846154
227,6676,29784,24,1241,1,1,monthly,west Bohemia,1.0,10787,0.0012907086577216645,0.44999999999999973,0.131,25,4,9,0.75,3160.0166666666664,-11300.0,17241.0,8783.15395710689,-11300.0,27626.083333333332,200.0,49220.3,13131.977125726578,37920.3,0,30,3.0
228,6678,80340,12,6695,1,1,monthly,Prague,1.0,12541,0.01114566294286997,0.14,0.167,18,10,22,0.4230769230769231,1718.1288461538463,-39200.0,61260.0,22922.615188792603,40840.0,61531.59038461539,1100.0,122523.5,26678.258714234544,89342.6,0,13,5.2
229,6686,224604,36,6239,1,0,monthly,west Bohemia,0.5920000000000001,8930,0.0024165416171340595,0.6800000000000002,0.108,18,17,34,0.3655913978494624,433.19677419354844,-40000.0,56152.0,21609.29235832832,-17300.0,57496.98924731183,200.0,109178.4,21234.856010411902,40287.4,0,6,5.470588235294118
230,6687,87840,24,3660,1,1,monthly,central Bohemia,0.413,8598,0.005155690732738636,0.48999999999999977,0.123,13,4,14,0.8235294117647058,2579.2823529411767,-22000.0,32938.0,15010.214805518079,-22000.0,46318.55294117647,500.0,65847.8,20670.97738216307,43847.8,0,11,4.25
231,6694,134784,24,5616,1,1,monthly,north Moravia,0.899,10177,0.0008059231850084271,1.12,0.081,54,9,30,0.5454545454545454,294.8854545454546,-58800.0,43785.0,16638.728676287676,-4900.0,44005.112727272724,900.0,112839.2,25288.200975246633,16218.7,0,2,6.111111111111111
232,6696,89040,60,1484,1,1,monthly,north Moravia,0.535,8909,0.0008751556767309569,1.5499999999999998,0.113,24,13,44,0.5057471264367817,336.85057471264366,-11400.0,15843.0,5561.914755559467,-800.0,30045.399999999998,800.0,46550.2,8832.079278613892,29305.8,0,19,6.6923076923076925
233,6698,247728,48,5161,1,0,weekly,Prague,1.0,12541,0.01114566294286997,0.14,0.167,16,7,23,0.46,1051.0360000000003,-57900.0,48620.0,20129.462529537774,-2539.0,60054.734000000004,200.0,108390.1,23168.339445014884,52551.7,0,10,7.142857142857143
234,6699,7656,24,319,1,1,monthly,east Bohemia,0.59,9060,0.0007852574251155721,0.6599999999999999,0.124,31,12,36,0.4444444444444444,448.8024691358025,-21700.0,31677.0,10984.030000618799,-12800.0,46444.63950617284,600.0,73069.1,12923.560345495733,36353.1,0,113,6.75
235,6704,417060,60,6951,1,1,monthly,west Bohemia,0.556,8843,0.0015312595703723148,0.7800000000000002,0.113,33,19,41,0.5540540540540541,1094.3067567567568,-52700.0,43656.0,16945.540746153332,-14.6,58445.02702702703,200.0,127508.6,25817.73541355227,80978.7,0,11,3.8947368421052633
236,6712,266220,60,4437,1,1,monthly,south Bohemia,0.584,8547,-0.00029725674489709255,0.9900000000000002,0.12,30,17,53,0.3680555555555556,265.00069444444443,-23840.0,33190.0,9870.65015534237,-5200.0,34922.881250000006,900.0,66744.4,11836.447603426754,38159.6,0,8,8.470588235294118
237,6715,220620,60,3677,1,1,monthly,south Bohemia,0.584,8547,-0.00029725674489709255,0.9900000000000002,0.12,52,17,54,0.421875,206.47812500000003,-20500.0,33096.0,10469.033567696924,-14.6,36907.45625,1100.0,70272.7,14352.078379313041,26428.9,0,7,7.529411764705882
238,6721,21072,24,878,1,1,monthly,south Bohemia,0.614,8114,0.0024033917528557157,0.2400000000000002,0.119,29,4,13,0.8666666666666667,2057.806666666667,-5700.0,9738.0,4342.030503687461,-2600.0,21575.686666666665,1100.0,33467.0,9070.837344626276,30867.0,0,35,3.75
239,6725,265320,36,7370,1,1,monthly,east Bohemia,0.705,8541,0.0028126973193272485,0.4600000000000004,0.131,46,21,64,0.43243243243243246,238.44797297297293,-17700.0,26409.0,8594.650650793175,-7000.0,35566.88108108108,700.0,61993.3,9992.57311449955,35289.8,0,4,7.0476190476190474
240,6726,85860,60,1431,1,1,monthly,central Bohemia,0.467,8507,0.005794068673777058,0.18000000000000016,0.132,39,15,47,0.4895833333333333,410.0729166666667,-10300.0,16713.0,5437.715083890895,-14.6,30461.404166666664,1000.0,44713.5,7824.866629042196,39366.8,0,27,6.4
241,6729,74688,12,6224,1,1,monthly,west Bohemia,0.855,8624,0.003649092302588682,0.8700000000000001,0.102,49,16,49,0.4375,258.33214285714297,-38400.0,56019.0,18708.853799686833,-13711.0,48484.62410714286,1100.0,104902.4,20930.650934412955,28933.3,0,4,7.0
242,6732,174048,48,3626,1,1,monthly,east Bohemia,0.728,9538,-0.004114897281338418,0.30000000000000004,0.111,44,11,38,0.5507246376811594,784.6449275362319,-46800.0,49461.0,20505.94743237374,-10800.0,72968.38115942029,600.0,127067.6,23455.92726432901,54140.4,0,14,6.2727272727272725
243,6734,173016,36,4806,1,1,weekly,south Bohemia,0.748,10045,-0.0017390227705052733,0.29000000000000004,0.135,51,10,47,0.5,939.7010638297871,-62700.0,49769.0,20611.488169243366,-25600.0,61799.24361702128,300.0,123928.2,26512.878935391018,88331.6,0,18,9.4
244,6736,288360,60,4806,1,0,after-transaction,Prague,1.0,12541,0.01114566294286997,0.14,0.167,58,4,8,0.8,4345.04,-15200.0,27116.0,13347.710764788262,137.1,33211.759999999995,800.0,58495.8,16686.231188764257,43450.3,0,9,2.5
245,6737,76680,24,3195,1,0,monthly,north Moravia,0.5720000000000001,9893,0.00115360413899182,0.6299999999999999,0.096,46,18,53,0.3706293706293706,190.15034965034968,-38700.0,57554.0,17120.749837575084,-5483.0,62933.474825174824,1000.0,104676.1,21005.680291887616,27191.2,0,8,7.944444444444445
246,6738,230220,36,6395,-1,1,monthly,north Moravia,1.0,10673,-0.0013431315033809862,0.6900000000000004,0.1,51,11,38,0.4634146341463415,77.14268292682928,-59800.0,47953.0,13931.684027646495,-8894.0,27658.48780487805,-2719.7,130801.0,29524.489997327957,6325.5,1,0,7.454545454545454
247,6745,47304,24,1971,1,0,monthly,south Moravia,0.747,9624,-0.0011111167484360652,0.71,0.145,23,17,76,0.4550898203592814,374.00239520958087,-59900.0,49060.0,21120.817481329475,-29500.0,68740.02335329342,400.0,148093.0,30916.763221258978,62458.3,0,31,9.823529411764707
248,6751,85716,36,2381,1,0,monthly,south Bohemia,0.614,8114,0.0024033917528557157,0.2400000000000002,0.119,58,5,15,0.7894736842105263,1921.9473684210527,-15900.0,21430.0,10332.341174969248,-15900.0,31337.257894736842,800.0,52782.7,12288.06300721313,36516.9,0,15,3.8
249,6764,33984,48,708,1,0,monthly,south Moravia,0.747,9624,-0.0011111167484360652,0.71,0.145,23,12,36,0.5142857142857142,635.2242857142857,-14700.0,20196.0,7694.641657945109,-10300.0,38587.76,600.0,55077.5,9896.492445941623,44465.4,0,62,5.833333333333333
250,6785,125340,60,2089,1,0,weekly,Prague,1.0,12541,0.01114566294286997,0.14,0.167,51,15,57,0.44881889763779526,149.66456692913385,-45200.0,49974.0,15744.00196153084,-3713.0,51145.515748031496,500.0,110933.4,22705.18278242659,19007.0,0,9,8.466666666666667
251,6805,45024,48,938,1,1,monthly,north Moravia,0.899,10177,0.0008059231850084271,1.12,0.081,39,7,20,0.5128205128205128,984.2153846153844,-22100.0,31636.5,12758.414420079553,-17800.0,41994.90769230769,800.0,63659.3,13151.510254347311,38384.3,0,40,5.571428571428571
252,6808,227880,36,6330,1,1,monthly,south Moravia,0.747,9624,-0.0011111167484360652,0.71,0.145,38,13,45,0.5421686746987951,647.189156626506,-64600.0,49115.0,15147.828589699904,-8552.0,45134.72168674698,1100.0,153213.7,29551.483054320095,53716.6,0,8,6.384615384615385
253,6810,186384,48,3883,1,0,weekly,north Bohemia,0.853,9317,-0.0006010084453394527,0.5800000000000001,0.097,37,21,82,0.43157894736842106,110.54736842105261,-60600.0,49424.0,19156.863900204855,73.1,61578.30157894737,700.0,129557.3,27339.88746857486,21033.8,0,5,9.047619047619047
254,6816,100224,48,2088,-1,1,monthly,north Moravia,0.899,10177,0.0008059231850084271,1.12,0.081,39,4,15,0.8333333333333334,1743.7277777777776,-15100.0,18792.0,8029.859466267547,-15100.0,28124.933333333334,700.0,46487.1,9838.648370404879,31387.1,0,15,4.5
255,6817,70656,48,1472,1,0,monthly,Prague,1.0,12541,0.01114566294286997,0.14,0.167,44,9,29,0.5471698113207547,424.07547169811323,-26080.0,22317.0,8568.99648632534,-7100.0,32646.850943396224,600.0,55343.2,12948.761537492877,22476.1,0,15,5.888888888888889
256,6818,155616,48,3242,1,1,monthly,north Moravia,0.626,8994,-0.0020519896339144354,0.9900000000000002,0.11,25,23,70,0.4069767441860465,352.8720930232558,-36960.0,26388.0,8611.713428013858,-14600.0,44197.50988372093,200.0,75294.1,11044.494392196431,60694.1,0,18,7.478260869565218
257,6820,38148,12,3179,1,1,monthly,Prague,1.0,12541,0.01114566294286997,0.14,0.167,28,6,18,0.6206896551724138,1645.7206896551722,-20600.0,32706.0,12844.874772157718,-9115.0,37462.09310344827,900.0,62324.6,13293.431805243708,47725.8,0,15,4.833333333333333
258,6836,189300,60,3155,1,0,monthly,south Moravia,0.636,8757,0.002372577040049833,0.5700000000000003,0.096,40,14,42,0.4117647058823529,240.70588235294122,-24960.0,28413.0,8979.907273174736,-14.6,32354.031372549023,800.0,61043.3,12250.079572479322,24552.0,0,7,7.285714285714286
259,6841,172080,48,3585,1,1,monthly,central Bohemia,0.467,10124,0.005494982841753182,-0.020000000000000018,0.141,37,7,25,0.5952380952380952,1385.940476190476,-40100.0,45518.0,17350.244249226984,-14.6,60743.95714285715,200.0,119138.8,21110.31187474146,58209.4,0,16,6.0
260,6863,127080,60,2118,1,0,monthly,east Bohemia,0.535,8390,0.0005390351271224508,0.6100000000000003,0.132,57,5,15,0.625,844.7083333333334,-14800.0,19065.0,8272.421582632085,-12000.0,30060.954166666666,800.0,49590.4,11520.18445104369,20272.8,0,9,4.8
261,6865,29448,12,2454,-1,0,monthly,north Moravia,0.626,8994,-0.0020519896339144354,0.9900000000000002,0.11,48,4,9,0.8181818181818182,3980.9636363636364,-13900.0,22090.0,11190.444367966156,14727.0,28977.436363636363,800.0,43790.6,11482.495155433136,43790.6,0,17,2.75
262,6876,86616,12,7218,1,0,monthly,central Bohemia,0.365,9622,0.0007139363010166982,0.13999999999999996,0.154,32,4,12,0.8,2483.5466666666666,-11100.0,17859.0,7832.35875991998,-11100.0,25714.04666666667,800.0,48353.1,11715.975172745155,37253.1,0,5,3.75
263,6888,39576,12,3298,1,1,monthly,north Bohemia,0.81,9272,0.0015705610234346742,0.4200000000000004,0.118,14,17,53,0.4608695652173913,207.83652173913046,-38400.0,49603.0,14696.09301011625,-9493.0,48944.827826086956,300.0,103467.2,26896.8541402657,23901.1,0,7,6.764705882352941
264,6895,41904,12,3492,1,0,monthly,north Moravia,0.899,10177,0.0008059231850084271,1.12,0.081,20,20,63,0.4405594405594406,274.15944055944055,-51700.0,48546.0,12988.770347779553,-3500.0,36080.38671328671,900.0,129123.0,20303.817120135827,39204.7,0,11,7.15
265,6903,52128,24,2172,1,1,monthly,central Bohemia,0.365,9622,0.0007139363010166982,0.13999999999999996,0.154,34,9,39,0.5492957746478874,828.8014084507042,-27300.0,44473.0,11893.404419130713,-14.6,33459.68028169014,144.2,59944.2,20087.36502977943,58844.8,0,27,7.888888888888889
266,6919,120888,36,3358,1,1,weekly,Prague,1.0,12541,0.01114566294286997,0.14,0.167,50,17,36,0.375,541.81875,-49200.0,48618.0,15871.895928293889,-11100.0,40838.755208333336,600.0,116468.4,21557.464543439626,52014.4,0,15,5.647058823529412
267,6921,86184,12,7182,1,1,monthly,north Moravia,0.899,10177,0.0008059231850084271,1.12,0.081,55,7,16,0.38095238095238093,1027.564285714286,-50500.0,64642.0,24794.068260862376,-18346.0,59935.271428571425,300.0,128146.0,24799.97403787278,43157.5,0,6,6.0
268,6929,36396,12,3033,1,0,weekly,north Moravia,0.512,8369,-0.007293768499399383,1.1499999999999995,0.107,23,22,56,0.35443037974683544,287.8525316455697,-51700.0,48143.0,18416.540680797727,-5119.0,57977.034810126584,800.0,125887.5,25051.25763785537,45480.6,0,14,7.181818181818182
269,6933,188688,48,3931,1,1,monthly,south Moravia,0.747,9624,-0.0011111167484360652,0.71,0.145,30,5,12,0.5454545454545454,1071.809090909091,-24500.0,35378.0,16076.411550968205,-3592.0,42203.17272727273,400.0,71255.7,20050.27841673887,23579.7,0,5,4.4
270,6940,228276,36,6341,1,0,monthly,Prague,1.0,12541,0.01114566294286997,0.14,0.167,35,5,13,0.65,2685.4,-9100.0,22288.0,9740.218800201024,14859.0,41402.134999999995,500.0,60236.6,14856.81419017355,53707.9,0,8,4.0
271,6944,46176,48,962,1,0,monthly,south Moravia,0.40700000000000003,8544,0.0012835648783702158,0.5700000000000001,0.109,30,5,11,0.6470588235294118,2277.94705882353,-13400.0,18109.0,11531.204466312141,-700.0,33613.105882352946,1000.0,54705.1,13279.637852717908,38725.1,0,40,3.4
272,6949,104712,24,4363,1,1,weekly,west Bohemia,0.5920000000000001,8930,0.0024165416171340595,0.6800000000000002,0.108,25,19,50,0.46296296296296297,278.84537037037035,-44800.0,48996.0,17185.714118251748,-13386.0,52379.128703703704,300.0,119752.3,25655.51365409269,30115.3,0,6,5.684210526315789
273,6950,104712,24,4363,1,0,monthly,north Moravia,1.0,10673,-0.0013431315033809862,0.6900000000000004,0.1,50,23,72,0.3769633507853403,114.1429319371728,-56400.0,49831.0,18724.49067730168,200.0,57357.84345549738,400.0,147603.2,27075.74205832393,25947.2,0,5,8.304347826086957
274,6955,244368,48,5091,1,0,after-transaction,south Moravia,0.43700000000000006,8403,0.0049124343257443085,-0.020000000000000462,0.105,25,16,64,0.4444444444444444,598.5715277777778,-57200.0,49769.0,24416.12085606832,-5700.0,75924.24097222222,200.0,143453.3,25561.827684429158,86194.1,0,16,9.0
275,6960,76416,24,3184,1,0,monthly,Prague,1.0,12541,0.01114566294286997,0.14,0.167,57,22,57,0.37254901960784315,80.1503267973856,-21400.0,28659.0,9723.059727518119,-4087.0,31375.160784313724,8686.4,64494.1,11990.873356406239,12262.9,0,3,6.954545454545454
276,6961,176148,36,4893,1,1,monthly,north Bohemia,0.598,8965,0.001968503937007874,1.1500000000000004,0.104,32,5,9,0.6923076923076923,4122.515384615385,-30400.0,34881.0,24061.429211805844,209.3,47154.5,1100.0,83783.4,21431.237856261745,53592.6,0,10,2.6
277,6965,139536,24,5814,1,1,monthly,south Moravia,0.5379999999999999,8814,-0.00044954494177120704,0.9800000000000004,0.107,53,19,67,0.40606060606060607,221.04848484848486,-53200.0,49193.0,20673.367248672585,-7400.0,63889.87393939393,800.0,151546.9,30644.157075754654,36472.9,0,6,8.68421052631579
278,6985,113796,36,3161,1,0,after-transaction,south Moravia,1.0,9897,-6.450447661067678e-05,0.3599999999999999,0.14,24,11,25,0.3472222222222222,472.9736111111112,-21074.0,28446.0,10100.653199432667,-3500.0,36840.57361111111,500.0,58022.1,11410.835423144199,34054.0,0,10,6.545454545454546
279,6986,151728,48,3161,-1,0,monthly,north Moravia,1.0,10673,-0.0013431315033809862,0.6900000000000004,0.1,18,9,28,0.49122807017543857,464.7105263157895,-27000.0,48906.0,13894.854885772387,2300.0,30491.098245614037,-669.7,82784.6,24000.12499806356,26488.7,1,8,6.333333333333333
280,6992,133968,48,2791,1,0,monthly,east Bohemia,0.619,8363,0.0016905015394354445,0.9700000000000002,0.108,53,8,23,0.2911392405063291,439.6151898734178,-60800.0,49512.0,17192.9872368186,-993.0,46772.315189873414,200.0,117458.5,22590.104308053575,34729.5,0,12,9.875
281,6995,96168,12,8014,1,1,weekly,south Moravia,0.747,9624,-0.0011111167484360652,0.71,0.145,24,20,84,0.5637583892617449,24.226174496644347,-53500.0,46253.0,14642.147519863054,-14700.0,50492.688590604026,600.0,138010.1,21691.134254741817,3609.3,0,0,7.45
282,6996,126600,24,5275,1,0,monthly,east Bohemia,0.728,9538,-0.004114897281338418,0.30000000000000004,0.111,56,23,46,0.3484848484848485,369.0969696969697,-32400.0,47472.0,17524.98914247332,-21000.0,47118.99318181818,400.0,94043.3,17179.81146303782,48720.6,0,9,5.739130434782608
283,6998,97632,12,8136,1,1,monthly,south Bohemia,0.67,9104,0.000532187678403824,0.5599999999999998,0.123,25,10,20,0.3076923076923077,635.8492307692305,-54700.0,73224.0,24327.111847324286,-16800.0,53379.12769230769,1100.0,119900.1,22871.826586869844,41330.1,0,5,6.5
284,7004,331560,60,5526,1,0,monthly,central Bohemia,0.467,8507,0.005794068673777058,0.18000000000000016,0.132,14,19,40,0.33613445378151263,403.29411764705884,-24700.0,33276.0,11307.3571524592,-12400.0,36941.99831932773,900.0,71924.6,11038.409511529931,47992.1,0,8,6.2631578947368425
285,7008,36168,12,3014,1,0,monthly,Prague,1.0,12541,0.01114566294286997,0.14,0.167,34,6,15,0.4166666666666667,809.388888888889,-18500.0,27122.0,10278.817064561963,-3000.0,39063.76666666666,300.0,63738.0,14039.273386590507,29138.1,0,9,6.0
286,7013,89340,60,1489,1,1,monthly,south Moravia,0.519,8441,0.0033712028777238504,1.0300000000000002,0.115,24,9,20,0.45454545454545453,959.7159090909091,-8200.0,17313.0,6740.323602780963,-14.6,40005.48181818182,500.0,54628.1,10876.871704682686,42227.6,0,28,4.888888888888889
287,7034,19044,36,529,1,1,monthly,west Bohemia,0.8,8991,0.0006117305449295695,0.6199999999999999,0.128,22,14,29,0.42028985507246375,727.0666666666667,-22300.0,24126.0,10352.311006963708,16084.0,43121.75507246377,600.0,64981.1,10532.784888113652,50167.6,0,94,4.928571428571429
288,7036,194940,36,5415,1,0,monthly,central Bohemia,0.6940000000000001,11277,-0.001713291393387766,0.18999999999999995,0.127,31,15,38,0.4175824175824176,375.9615384615386,-58700.0,48883.0,19412.339293636975,-4700.0,56669.787912087915,600.0,138172.6,35314.5278448429,34212.3,0,6,6.066666666666666
289,7055,167100,60,2785,1,1,monthly,south Moravia,0.40700000000000003,8544,0.0012835648783702158,0.5700000000000001,0.109,24,11,33,0.4177215189873418,497.59746835443053,-49200.0,49980.0,21140.798468255125,-12300.0,63707.626582278484,1100.0,143605.7,26493.59158887542,39310.2,0,14,7.181818181818182
290,7057,231696,36,6436,1,0,weekly,Prague,1.0,12541,0.01114566294286997,0.14,0.167,22,15,34,0.2698412698412698,316.4674603174603,-36000.0,60566.0,17919.22786486886,-7300.0,45873.61666666667,800.0,108575.3,20926.369442514395,39874.7,0,6,8.4
291,7061,121896,24,5079,1,0,monthly,south Moravia,0.33899999999999997,8743,0.001496414971790986,0.5500000000000003,0.111,29,16,39,0.41935483870967744,450.72258064516126,-64900.0,49558.0,19840.92023234639,-15500.0,54422.596774193546,600.0,133454.9,21910.827556377593,41917.2,0,8,5.8125
292,7066,215388,36,5983,-1,0,monthly,north Bohemia,0.899,10446,-0.0017014888027023646,2.0600000000000005,0.09,34,6,10,0.6666666666666666,2044.1933333333334,-11400.0,49757.0,14013.082635088169,139.3,32702.726666666666,1000.0,50757.0,10504.310470160513,30662.8,0,5,2.5
293,7097,75624,24,3151,-1,0,monthly,south Moravia,1.0,9897,-6.450447661067678e-05,0.3599999999999999,0.14,35,6,15,0.6521739130434783,1824.1304347826087,-31100.0,49887.0,21502.123350506463,-13500.0,50009.90869565217,400.0,89754.8,20688.41804888367,41954.8,0,13,3.8333333333333335
294,7101,421008,48,8771,1,0,monthly,south Bohemia,0.748,10045,-0.0017390227705052733,0.29000000000000004,0.135,43,10,22,0.44,623.362,-19100.0,31540.0,12060.342532768718,-4800.0,37436.422,600.0,72330.4,12359.209052004047,31168.0,0,3,5.0
295,7104,259740,60,4329,1,0,monthly,north Moravia,0.5720000000000001,9893,0.00115360413899182,0.6299999999999999,0.096,14,5,10,0.5882352941176471,3954.0882352941176,-21500.0,38960.0,17813.828361026244,-12414.0,45198.15294117647,800.0,79633.5,19487.23966632132,67219.5,0,15,3.4
296,7121,21924,36,609,1,0,monthly,south Moravia,0.33899999999999997,8743,0.001496414971790986,0.5500000000000003,0.111,33,10,21,0.4666666666666667,1090.7444444444445,-17200.0,21739.5,8683.950065430414,14493.0,34272.21333333333,1100.0,60432.4,10171.031845987452,49083.3,0,80,4.5
297,7130,123408,24,5142,1,0,after-transaction,north Bohemia,0.899,10446,-0.0017014888027023646,2.0600000000000005,0.09,32,13,25,0.38461538461538464,128.57230769230767,-27400.0,46000.0,10247.261895356909,-1807.0,28359.255384615386,700.0,85626.9,17185.36385469143,8357.1,0,1,5.0
298,7136,54396,36,1511,1,0,monthly,south Moravia,0.519,8441,0.0033712028777238504,1.0300000000000002,0.115,57,6,14,0.6086956521739131,1574.2956521739131,-5400.0,11244.0,5049.990324786255,-1500.0,30293.708695652174,800.0,42308.8,10625.946392927808,36208.8,0,23,3.8333333333333335
299,7137,151560,24,6315,1,0,monthly,south Moravia,0.483,8512,-0.0011443829868395957,0.6100000000000003,0.102,41,7,13,0.4642857142857143,761.5392857142855,-37200.0,56835.0,24009.473320743848,-15993.0,53976.29285714286,300.0,97912.7,22844.00616457968,21323.2,0,3,4.0
300,7138,60000,60,1000,1,0,monthly,east Bohemia,0.535,8390,0.0005390351271224508,0.6100000000000003,0.132,48,22,48,0.35036496350364965,123.19927007299269,-7000.0,11049.0,3846.772247621764,82.9,24643.283941605838,400.0,39393.9,5853.928886719555,16893.2,0,16,6.2272727272727275
301,7142,482940,60,8049,-1,1,monthly,Prague,1.0,12541,0.01114566294286997,0.14,0.167,18,16,56,0.4307692307692308,141.84076923076924,-15800.0,21056.0,6602.824811293651,-4653.0,26358.754615384616,900.0,57707.2,9885.477724726501,18439.4,0,2,8.125
302,7154,417600,60,6960,1,0,after-transaction,south Moravia,0.33899999999999997,8743,0.001496414971790986,0.5500000000000003,0.111,26,14,21,0.6176470588235294,1724.6764705882354,-31700.0,36305.0,14680.063637527388,-4500.0,43196.74411764706,200.0,87052.1,18631.358322644723,58638.6,0,8,2.4285714285714284
303,7166,198240,24,8260,1,0,monthly,north Bohemia,0.856,9832,-0.008209018120522545,1.1600000000000006,0.114,39,5,11,0.6875,2209.0125,-13000.0,19455.0,9816.57269762891,-9300.0,30953.14375,300.0,51947.2,13022.421614480605,35344.2,0,4,3.2
304,7176,260028,36,7223,1,0,monthly,central Bohemia,0.365,9622,0.0007139363010166982,0.13999999999999996,0.154,18,22,47,0.2919254658385093,433.8577639751553,-51700.0,65008.0,19972.231296226146,-4782.0,50676.8198757764,200.0,124900.7,20993.62804538802,69850.9,0,9,7.318181818181818
305,7189,154656,48,3222,1,0,monthly,north Moravia,0.6970000000000001,8678,-0.002387937504264174,-0.35999999999999943,0.102,39,15,32,0.3595505617977528,417.76067415730336,-17585.0,28994.0,10088.733992988258,-4500.0,31791.328089887644,1000.0,61782.0,10868.943277490947,37180.5,0,11,5.933333333333334
306,7192,115992,36,3222,1,0,weekly,west Bohemia,0.5920000000000001,8930,0.0024165416171340595,0.6800000000000002,0.108,57,20,46,0.36220472440944884,76.13779527559049,-60600.0,46194.0,11567.789078551777,-8042.0,25666.407086614174,200.0,107692.0,17591.055950194852,9669.5,0,3,6.35
307,7194,68832,36,1912,1,0,monthly,Prague,1.0,12541,0.01114566294286997,0.14,0.167,37,11,24,0.4528301886792453,972.4679245283018,-24000.0,28353.0,11799.703118067351,-1500.0,37557.05471698113,700.0,61939.6,12288.790411270784,51540.7,0,26,4.818181818181818
308,7198,45768,12,3814,1,1,weekly,north Moravia,0.626,8994,-0.0020519896339144354,0.9900000000000002,0.11,17,9,22,0.8148148148148148,2015.837037037037,-23900.0,36574.0,10501.205228710587,-23900.0,32555.818518518518,800.0,78327.5,14361.643030576995,54427.5,0,14,3.0
309,7213,113544,36,3154,1,0,monthly,south Moravia,0.43700000000000006,8403,0.0049124343257443085,-0.020000000000000462,0.105,53,12,26,0.36619718309859156,188.54788732394363,-20900.0,28386.0,10083.019945161826,-4408.0,33990.41971830986,700.0,68048.1,12325.831191185674,13386.8,0,4,5.916666666666667
310,7220,131292,36,3647,1,0,weekly,Prague,1.0,12541,0.01114566294286997,0.14,0.167,40,14,29,0.3493975903614458,377.8481927710842,-24000.0,32823.0,11984.19240096131,-3500.0,36635.115662650605,1000.0,70288.4,12494.312333486101,31361.3,0,8,5.928571428571429
311,7226,197748,36,5493,1,1,monthly,central Bohemia,0.413,8598,0.005155690732738636,0.48999999999999977,0.123,23,5,11,0.6875,2705.9125,-25100.0,36216.0,19254.869815776477,-5700.0,44735.43125,300.0,74413.6,19635.357674451083,43294.5,0,7,3.2
312,7227,314520,60,5242,1,1,weekly,east Bohemia,0.53,8254,0.0015055962729390376,0.9699999999999998,0.097,39,16,56,0.4307692307692308,388.3623076923076,-56700.0,49457.0,21790.34825362607,309.5,63527.42,500.0,128119.4,28698.379826165863,50517.0,0,9,8.125
313,7233,115812,36,3217,1,0,monthly,south Bohemia,0.569,8427,0.00041519839030777913,0.41999999999999993,0.107,43,19,51,0.4112903225806452,337.72661290322566,-50800.0,49887.0,19850.96819333255,-3100.0,56646.51612903226,1100.0,119527.2,21971.162852105062,41878.1,0,13,6.526315789473684
314,7235,154416,48,3217,1,1,weekly,south Bohemia,0.653,8968,0.002404560177654564,0.52,0.131,24,6,16,0.5,1668.8374999999999,-19200.0,39098.0,14354.290498364997,-2600.0,46715.8,8897.0,81723.5,20286.965558464442,53402.7,0,16,5.333333333333333
315,7240,274740,60,4579,1,0,weekly,south Moravia,0.505,8288,-0.0011790135586559245,0.7299999999999995,0.11,14,7,13,0.48148148148148145,1522.7074074074076,-36700.0,63366.0,27294.178010421165,182.8,57188.21111111111,600.0,122893.1,25256.6658167142,41142.9,0,8,3.857142857142857
316,7241,168984,24,7041,-1,0,monthly,Prague,1.0,12541,0.01114566294286997,0.14,0.167,18,19,74,0.4625,151.90187500000005,-55200.0,49960.0,18218.816178852052,14200.0,56053.9975,-517.7,120806.4,28355.36015800731,24304.3,1,3,8.421052631578947
317,7243,217152,36,6032,1,0,monthly,north Moravia,0.626,8994,-0.0020519896339144354,0.9900000000000002,0.11,21,11,21,0.3684210526315789,741.7438596491227,-34200.0,54286.0,19111.47447848522,226.2,49107.066666666666,400.0,109774.3,18394.513784863888,42293.9,0,7,5.181818181818182
318,7246,148920,60,2482,1,0,weekly,south Moravia,0.621,8444,-0.0026637029144583957,0.22999999999999998,0.106,19,6,16,0.5161290322580645,492.85806451612893,-22780.0,22338.0,10721.958332188333,-2900.0,32435.31935483871,400.0,63289.9,15220.65126336407,15278.6,0,6,5.166666666666667
319,7249,69360,48,1445,1,0,monthly,east Bohemia,0.735,8369,-0.0020938877995546053,0.52,0.117,52,15,31,0.3974358974358974,495.70641025641027,-13700.0,17782.0,7155.811498597825,-13700.0,33857.106410256405,1100.0,52365.0,9598.252851868401,38665.0,0,26,5.2
320,7259,108144,36,3004,1,1,monthly,south Moravia,0.621,8444,-0.0026637029144583957,0.22999999999999998,0.106,30,8,23,0.41818181818181815,398.570909090909,-60600.0,45740.0,21829.602141423507,-3500.0,54652.89818181818,900.0,123863.4,25585.472260311017,21921.3,0,7,6.875
321,7262,182628,36,5073,1,0,monthly,north Moravia,0.6459999999999999,8819,0.003202156021792048,0.28000000000000025,0.099,34,5,10,0.7692307692307693,3512.3769230769226,-12600.0,23204.0,11034.077886193742,183.5,33229.10769230769,500.0,52246.0,14579.421766566596,45660.9,0,9,2.6
322,7263,89880,24,3745,1,0,weekly,north Moravia,0.899,10177,0.0008059231850084271,1.12,0.081,32,5,13,0.4482758620689655,1347.5689655172414,-47100.0,46981.0,21086.368820962165,-12300.0,62571.28275862069,800.0,116004.2,27471.97500043153,39079.5,0,10,5.8
323,7271,392460,60,6541,1,1,monthly,central Bohemia,0.58,8754,0.0005933067581347919,0.47999999999999954,0.137,15,23,46,0.32167832167832167,372.34405594405587,-35300.0,58870.0,19837.442359764755,216.2,57131.740559440565,900.0,115913.4,20293.363479654072,53259.7,0,8,6.217391304347826
324,7284,52788,12,4399,1,0,monthly,south Bohemia,0.519,9045,0.0005782706306551466,0.4700000000000002,0.124,20,8,21,0.4883720930232558,489.04651162790697,-17920.0,11427.0,5366.660290576611,1900.0,22198.17906976744,1000.0,41469.1,6652.642956340849,21029.0,0,4,5.375
325,7304,419880,60,6998,1,1,weekly,Prague,1.0,12541,0.01114566294286997,0.14,0.167,49,5,11,0.6111111111111112,1372.4722222222222,-64800.0,62982.0,33871.42166678545,300.0,59352.833333333336,200.0,104039.9,27879.396856671145,24704.4,0,3,3.6
326,7305,54024,12,4502,1,0,monthly,south Moravia,0.5379999999999999,8814,-0.00044954494177120704,0.9800000000000004,0.107,28,22,45,0.30612244897959184,174.71156462585037,-30100.0,40521.0,13999.218036784796,109.6,36480.18503401361,1000.0,81705.8,15469.988112964207,25697.2,0,5,6.681818181818182
327,7308,129408,24,5392,1,1,monthly,north Moravia,0.631,8110,-0.0015558111905255812,0.7800000000000002,0.109,34,14,29,0.27102803738317754,226.1644859813084,-16100.0,24212.0,7745.727553476762,-4780.0,30869.781308411217,1000.0,56055.6,11709.142374755249,24199.5,0,4,7.642857142857143
