client_id;client_district_id;birth_year;client_age;client_gender
1;18;1970;51;0
2;1;1945;77;1
3;1;1940;82;0
4;5;1956;66;1
5;5;1960;62;0
6;12;1919;103;1
7;15;1929;93;1
8;51;1938;84;0
9;60;1935;87;1
10;57;1943;79;1
11;57;1950;72;0
12;40;1981;41;1
13;54;1974;48;0
14;76;1942;80;0
15;21;1918;104;0
16;21;1919;103;1
17;76;1934;88;1
18;76;1931;91;0
19;47;1942;79;1
20;46;1979;43;1
21;12;1952;70;0
22;1;1969;53;0
23;1;1973;49;1
24;43;1939;83;0
25;21;1939;83;0
26;74;1969;53;0
27;54;1966;56;0
28;1;1945;77;1
29;30;1951;71;0
30;74;1957;65;0
31;68;1962;60;1
32;52;1980;42;1
33;73;1948;74;0
36;7;1978;44;0
37;7;1970;52;1
38;36;1973;49;0
39;68;1968;54;1
40;5;1957;65;0
41;22;1968;54;1
42;68;1935;87;1
43;75;1920;102;1
44;38;1977;45;0
45;20;1952;70;1
46;19;1940;82;0
47;76;1934;88;1
48;16;1940;82;1
49;72;1959;63;0
50;39;1978;44;0
51;36;1979;43;0
52;32;1924;98;1
53;64;1977;45;1
55;45;1948;74;0
56;21;1960;62;1
57;21;1961;60;0
58;1;1927;95;0
59;1;1957;65;1
60;67;1980;42;1
61;16;1948;74;0
62;77;1932;90;1
63;4;1959;63;1
64;20;1926;96;1
65;50;1943;79;0
66;1;1951;71;0
67;29;1932;90;0
68;43;1946;76;1
70;70;1925;96;1
71;70;1927;95;0
72;47;1923;99;1
73;22;1924;98;1
74;22;1925;97;0
75;64;1977;45;0
76;36;1967;55;0
77;1;1956;66;0
78;16;1944;78;0
79;37;1969;53;0
80;64;1979;43;0
81;8;1976;46;1
82;8;1979;42;0
83;1;1978;43;0
84;1;1979;43;1
85;1;1961;61;1
86;1;1969;53;0
87;72;1946;76;0
89;1;1951;71;0
90;52;1975;47;1
91;63;1940;82;1
92;74;1966;56;0
93;3;1925;97;1
94;43;1947;75;1
95;43;1952;70;0
96;74;1972;50;1
97;26;1965;57;1
98;33;1973;49;0
99;33;1973;49;1
100;44;1942;80;0
101;68;1943;79;1
102;74;1958;64;0
103;74;1955;67;1
105;31;1980;42;1
106;68;1968;53;0
107;1;1972;50;1
108;17;1963;59;1
110;2;1967;55;0
112;1;1935;87;1
113;1;1940;82;0
114;74;1969;53;0
115;74;1969;52;1
116;74;1942;80;1
117;74;1936;86;0
118;55;1922;100;1
119;55;1922;100;0
120;1;1976;46;1
121;41;1978;44;0
122;35;1963;59;0
123;11;1969;53;1
124;44;1967;55;1
125;37;1936;86;1
126;37;1929;93;0
127;21;1950;71;0
128;63;1973;49;0
129;64;1947;75;0
130;53;1942;80;1
131;53;1977;45;0
132;36;1953;69;1
134;6;1932;90;1
135;6;1938;84;0
136;55;1921;101;0
137;60;1923;99;1
138;54;1972;50;0
139;8;1959;63;0
140;8;1961;61;1
141;31;1925;97;1
142;68;1937;85;1
143;27;1978;44;1
144;65;1958;64;1
145;55;1978;44;1
146;31;1961;60;0
147;21;1933;89;0
148;21;1940;81;1
149;55;1948;74;1
150;2;1980;42;0
151;51;1971;51;0
152;29;1945;77;0
153;13;1981;41;0
154;74;1933;89;1
155;74;1939;83;0
156;54;1930;92;0
157;52;1943;79;0
158;40;1945;77;0
159;40;1938;84;1
160;64;1942;80;0
161;34;1943;79;0
162;65;1941;81;1
163;74;1933;89;1
164;70;1962;60;0
165;22;1968;54;1
166;22;1961;61;0
167;38;1978;44;0
168;24;1976;46;0
169;38;1953;69;1
170;38;1946;76;0
171;51;1929;93;1
172;51;1935;87;0
173;21;1918;104;0
174;10;1978;44;1
175;31;1960;62;1
176;4;1929;93;1
178;8;1960;61;1
179;43;1980;41;1
180;73;1982;40;1
181;76;1967;55;1
182;76;1959;63;0
183;1;1978;44;0
184;1;1972;50;1
185;77;1954;68;1
186;46;1961;61;0
187;58;1942;80;1
188;64;1960;62;1
189;11;1919;103;1
190;37;1947;75;0
191;37;1954;68;1
192;70;1971;51;1
193;1;1962;60;1
194;28;1924;97;0
195;74;1919;103;1
196;74;1927;95;0
197;30;1933;89;1
198;60;1976;46;1
199;29;1923;99;1
200;29;1928;94;0
201;17;1930;92;0
202;29;1976;46;0
203;31;1962;60;1
204;31;1967;55;0
205;4;1942;80;0
206;59;1963;59;0
207;46;1932;90;1
208;13;1940;82;0
209;13;1935;87;1
210;66;1939;83;1
211;66;1945;77;0
212;52;1975;47;1
215;71;1967;55;1
216;1;1960;62;1
217;59;1974;47;0
218;1;1980;42;0
219;60;1964;58;0
221;21;1977;45;0
222;47;1972;50;0
223;43;1952;70;0
224;77;1955;67;1
225;32;1936;86;1
226;1;1942;80;1
227;52;1926;96;0
228;48;1956;66;0
229;76;1969;53;1
230;74;1967;55;0
231;41;1941;81;1
232;55;1921;101;0
233;69;1958;64;0
234;69;1955;67;1
235;44;1943;79;0
236;70;1961;61;1
237;70;1969;53;0
238;6;1961;61;0
239;1;1974;48;0
240;34;1929;93;0
241;70;1959;63;1
242;17;1961;61;0
243;63;1954;68;1
246;67;1970;51;0
247;1;1957;65;1
248;61;1969;52;0
249;61;1970;52;1
250;8;1979;43;0
251;54;1976;46;0
252;37;1969;53;0
253;48;1947;75;0
254;28;1963;59;1
255;27;1951;71;0
256;73;1963;59;0
257;22;1942;80;0
258;22;1937;85;1
259;31;1966;56;1
260;31;1962;60;0
261;38;1937;85;0
262;77;1945;77;1
263;68;1962;60;1
264;28;1978;44;1
265;72;1933;89;0
266;19;1967;55;0
267;37;1967;55;1
268;39;1982;40;0
269;15;1923;99;0
270;46;1947;75;1
271;46;1945;77;0
272;70;1944;78;0
273;27;1972;50;0
274;17;1970;52;0
275;1;1918;104;0
276;1;1957;65;1
277;1;1961;61;0
278;22;1972;49;0
279;22;1970;52;1
280;45;1969;52;0
282;73;1938;84;0
283;73;1933;89;1
284;10;1974;48;1
285;72;1954;68;1
286;72;1952;70;0
287;50;1980;42;1
288;6;1962;60;1
289;54;1958;64;1
290;72;1959;63;1
291;72;1955;67;0
292;15;1958;64;0
293;69;1943;79;1
294;58;1968;54;1
295;12;1939;83;1
296;65;1974;48;1
297;65;1924;98;0
298;65;1921;101;1
300;1;1957;65;0
301;28;1942;80;1
302;56;1971;51;1
303;74;1946;76;1
304;19;1934;88;0
305;46;1938;84;1
308;68;1976;46;0
309;37;1969;52;0
310;11;1950;72;1
311;64;1930;92;0
312;2;1924;98;1
313;24;1942;80;0
314;24;1945;77;1
315;54;1967;55;1
316;75;1955;67;1
317;64;1957;65;0
318;15;1943;79;0
319;19;1929;93;0
320;19;1934;88;1
321;47;1943;79;0
322;38;1933;89;1
323;38;1938;84;0
324;3;1960;62;1
325;3;1960;62;1
326;27;1967;55;0
327;27;1968;54;1
328;1;1918;104;0
329;11;1964;58;1
330;65;1944;78;0
331;1;1942;80;1
332;29;1978;44;1
333;38;1971;51;1
334;32;1969;53;1
335;73;1967;55;0
336;39;1964;58;0
337;39;1957;65;1
338;8;1951;71;0
339;1;1966;56;1
340;1;1970;52;0
341;69;1977;45;1
342;69;1972;50;0
343;44;1919;103;1
344;54;1963;59;0
345;17;1953;69;1
346;17;1960;62;0
347;71;1959;62;1
348;71;1953;69;0
349;39;1927;95;0
350;25;1925;97;0
351;1;1973;49;1
352;56;1940;82;1
353;7;1965;57;1
354;49;1922;100;0
355;49;1930;92;1
356;1;1979;42;0
357;1;1979;43;1
358;7;1959;63;0
359;66;1970;52;1
360;49;1943;79;1
361;74;1977;45;0
362;35;1950;72;0
363;35;1942;80;1
364;54;1942;80;0
365;1;1930;92;1
366;1;1936;86;0
367;60;1963;59;0
368;60;1968;54;1
369;7;1930;92;0
370;71;1956;66;0
371;4;1942;80;1
372;34;1932;90;1
373;16;1936;86;1
374;26;1967;55;1
375;61;1969;53;0
376;14;1973;49;0
378;50;1978;44;1
379;50;1983;39;0
380;41;1973;49;1
381;73;1977;45;0
382;73;1978;44;1
383;15;1939;83;0
384;15;1935;87;1
385;45;1948;74;1
386;62;1980;42;1
387;76;1927;95;1
388;36;1950;72;0
389;47;1974;48;0
390;47;1977;45;0
391;47;1933;89;0
392;74;1950;72;0
393;74;1956;66;1
394;52;1924;98;0
395;52;1919;103;1
396;1;1920;102;1
397;75;1930;92;1
398;61;1925;97;0
399;45;1952;70;1
400;1;1933;88;1
401;1;1928;94;0
402;3;1943;78;1
403;42;1973;49;0
404;42;1967;55;1
405;65;1934;88;0
406;36;1977;45;1
407;73;1975;47;0
408;35;1978;44;0
409;74;1925;97;1
410;62;1962;59;1
411;17;1941;81;0
412;17;1944;78;1
413;49;1972;50;0
414;46;1947;75;0
415;46;1945;77;1
416;1;1932;90;0
417;1;1930;92;1
418;28;1966;56;1
419;64;1970;52;0
420;18;1978;44;1
421;54;1965;57;1
422;69;1946;76;1
423;37;1957;65;1
424;1;1947;75;1
425;25;1948;74;1
426;72;1937;85;1
427;72;1941;81;0
428;47;1919;103;0
429;50;1981;41;0
430;39;1920;102;1
431;24;1927;95;0
432;59;1952;70;0
433;62;1955;67;1
434;70;1943;79;0
435;20;1967;55;1
436;2;1955;67;1
437;11;1920;102;0
438;32;1938;84;1
439;51;1968;54;0
440;15;1970;52;0
441;1;1959;63;1
442;1;1971;50;0
443;1;1971;50;1
444;74;1960;62;0
445;1;1947;75;0
446;1;1952;70;1
447;23;1946;76;1
448;77;1970;52;0
450;25;1953;69;1
451;12;1979;43;1
452;55;1953;69;0
453;67;1969;53;1
454;38;1949;73;0
455;68;1920;102;1
456;25;1940;82;1
457;70;1950;72;1
458;68;1961;61;1
459;32;1967;55;0
461;68;1970;52;0
462;14;1970;51;1
463;38;1944;78;1
464;24;1959;63;0
465;5;1952;70;1
466;1;1947;75;0
467;1;1950;72;1
468;72;1959;63;1
469;59;1970;52;0
470;30;1954;68;0
471;44;1977;45;1
472;36;1981;40;1
473;1;1939;83;0
474;46;1949;73;1
476;1;1947;75;0
477;1;1954;68;1
478;21;1978;44;1
479;11;1947;75;1
480;11;1946;76;0
481;69;1927;95;1
482;69;1934;88;0
483;1;1944;78;1
484;28;1959;63;0
485;32;1978;44;1
486;68;1944;78;1
487;1;1922;100;0
488;1;1917;105;1
489;41;1940;82;1
490;55;1950;72;1
491;63;1966;56;1
492;72;1935;87;1
493;41;1942;80;0
494;1;1980;42;1
495;49;1937;85;0
496;70;1951;71;0
497;74;1953;69;1
498;74;1948;74;0
499;18;1935;87;0
500;1;1971;51;1
501;62;1937;85;1
502;6;1919;103;1
503;73;1959;63;1
504;36;1979;43;1
505;13;1977;44;1
506;75;1946;76;1
507;75;1954;68;1
508;53;1971;51;1
509;73;1980;42;1
510;12;1976;46;1
511;9;1959;63;1
512;60;1965;57;0
513;8;1974;48;0
514;8;1968;54;1
515;1;1932;90;1
516;1;1930;92;0
517;63;1965;57;1
518;54;1979;43;0
519;18;1980;42;1
520;46;1947;75;0
521;69;1975;46;1
522;1;1956;66;0
523;38;1922;100;1
524;30;1963;59;0
525;30;1969;53;1
526;43;1964;58;1
527;43;1966;56;0
528;37;1977;45;1
529;69;1978;44;1
530;29;1957;65;0
531;27;1976;46;1
532;27;1980;42;0
533;54;1941;81;0
534;74;1957;65;1
535;26;1937;85;1
536;47;1939;83;1
537;1;1935;87;1
538;5;1948;74;0
540;19;1921;101;1
541;19;1927;95;0
542;59;1921;101;0
543;11;1958;64;0
544;63;1948;74;1
545;75;1973;49;0
546;7;1953;69;1
547;54;1949;73;1
548;49;1937;85;1
550;7;1961;61;1
551;47;1976;46;0
552;1;1934;88;0
553;1;1941;81;1
554;30;1925;97;0
555;30;1926;96;1
556;29;1946;76;1
557;51;1939;83;1
558;43;1920;102;0
559;32;1972;50;0
560;71;1967;54;0
561;74;1962;60;0
562;49;1975;47;0
563;72;1961;61;0
564;72;1955;67;1
565;64;1959;63;0
566;47;1946;76;0
567;47;1950;72;1
568;8;1960;62;0
569;73;1962;60;1
570;61;1941;81;0
571;3;1924;98;1
572;3;1920;102;0
573;69;1967;55;1
574;1;1972;49;1
575;58;1970;52;1
576;58;1974;48;0
577;1;1963;59;0
578;23;1977;45;0
579;72;1933;89;0
581;70;1949;73;0
582;1;1950;72;1
583;75;1965;57;0
584;33;1976;46;0
585;40;1942;80;0
586;40;1947;75;1
587;25;1945;77;0
588;61;1960;62;0
589;45;1961;61;1
590;44;1949;73;1
591;65;1974;48;0
592;26;1965;57;1
593;60;1954;68;0
596;69;1948;74;1
597;55;1943;79;1
598;1;1970;51;1
599;1;1977;45;0
601;56;1966;56;1
602;56;1965;57;0
603;13;1966;56;0
604;1;1965;57;0
605;1;1970;52;0
606;10;1949;73;0
607;64;1964;58;1
608;67;1972;50;1
609;52;1962;60;1
610;74;1979;43;0
611;36;1952;70;1
612;36;1960;62;0
613;1;1977;45;0
614;14;1947;75;0
615;68;1949;73;0
616;58;1975;47;1
617;70;1974;48;1
618;57;1932;90;0
619;6;1920;102;1
620;6;1918;104;0
621;54;1939;83;1
622;74;1931;91;0
623;24;1925;97;1
624;24;1932;90;0
625;60;1978;44;0
626;9;1980;42;1
627;17;1972;50;1
628;17;1970;52;0
629;16;1976;46;1
630;61;1952;70;1
631;70;1956;66;0
632;67;1946;76;1
633;67;1938;84;0
635;17;1927;95;0
636;17;1935;87;1
637;39;1970;51;0
638;54;1961;61;0
639;31;1978;44;1
640;26;1979;43;1
641;40;1962;60;0
642;40;1963;59;1
643;1;1949;73;0
644;35;1961;61;0
645;14;1925;96;1
646;34;1922;100;0
647;34;1929;93;1
648;70;1935;87;0
649;13;1978;44;0
651;54;1976;46;0
652;61;1938;84;1
653;1;1930;92;0
654;64;1942;80;0
655;32;1942;80;1
656;1;1956;66;1
657;8;1926;96;0
658;8;1926;95;1
659;24;1965;57;1
660;16;1923;99;1
661;16;1919;103;0
662;5;1945;77;1
663;24;1923;99;1
664;77;1980;42;0
665;62;1932;90;0
666;26;1982;40;1
667;26;1981;41;0
668;1;1942;79;0
669;12;1956;65;0
670;1;1959;63;1
671;10;1971;51;0
672;46;1929;93;0
673;36;1939;83;1
674;11;1927;95;0
675;50;1975;47;1
676;70;1953;69;1
677;5;1963;59;1
678;39;1933;89;0
679;8;1940;82;1
680;8;1940;82;0
681;15;1977;45;1
682;18;1979;43;1
683;76;1945;77;0
684;3;1976;46;0
685;72;1930;92;0
686;32;1971;51;0
687;32;1975;47;1
688;1;1954;68;1
689;70;1964;58;1
690;38;1942;80;1
691;38;1944;78;0
692;74;1936;86;0
693;74;1935;87;1
694;29;1936;86;1
695;28;1955;67;1
696;28;1952;70;0
697;1;1974;48;1
698;75;1954;68;1
699;26;1922;100;0
700;12;1929;93;1
702;31;1968;54;0
703;4;1959;63;1
704;54;1975;47;1
705;19;1938;84;1
706;1;1948;74;1
707;1;1941;81;1
708;50;1977;45;0
709;1;1934;87;1
710;23;1925;97;1
711;48;1963;59;0
712;54;1962;60;1
713;20;1980;42;0
714;31;1970;52;1
715;1;1952;70;0
716;1;1954;68;0
717;54;1968;54;1
718;54;1960;62;0
719;46;1974;48;1
720;29;1954;68;1
721;43;1940;82;1
722;62;1970;52;0
723;12;1957;65;0
724;65;1953;69;0
725;75;1956;66;1
726;16;1935;87;1
727;32;1930;92;0
728;32;1932;90;1
729;63;1969;53;0
730;63;1973;49;1
731;74;1979;43;0
732;74;1978;44;1
733;46;1978;44;1
734;46;1985;37;0
735;1;1973;49;1
736;1;1977;45;0
737;74;1952;70;1
738;25;1920;102;1
739;72;1942;80;1
740;55;1923;99;1
741;74;1941;81;1
742;1;1951;71;0
743;1;1941;81;1
744;26;1940;82;1
745;52;1966;56;0
746;52;1962;60;1
747;24;1953;69;0
748;25;1936;86;1
749;25;1933;89;0
750;70;1956;66;0
751;70;1959;63;1
752;72;1944;77;1
753;72;1940;82;0
754;63;1947;75;0
755;72;1947;75;1
756;31;1920;102;1
757;71;1970;51;0
758;68;1961;61;0
759;29;1955;67;1
760;57;1936;86;0
762;21;1937;85;1
763;75;1927;95;0
764;49;1955;67;0
765;65;1969;52;1
766;1;1926;96;0
767;1;1923;99;1
768;32;1931;91;0
769;40;1977;44;1
772;64;1944;78;1
773;4;1935;87;1
774;70;1973;49;1
775;51;1940;82;0
776;1;1953;69;0
777;1;1961;61;1
778;13;1940;82;1
779;69;1944;78;0
780;3;1924;98;1
781;72;1945;77;1
782;5;1963;59;0
783;27;1971;51;0
784;27;1964;57;1
785;63;1934;88;1
786;53;1978;44;1
787;3;1947;75;1
788;47;1974;48;1
789;4;1931;91;1
790;63;1967;55;0
791;68;1950;72;0
793;21;1978;44;1
794;21;1979;43;0
796;1;1919;103;1
797;8;1948;74;1
798;27;1940;82;0
799;27;1936;86;1
803;35;1951;71;1
804;35;1956;66;0
806;60;1980;42;1
807;53;1969;53;0
808;31;1963;59;1
809;49;1919;103;1
810;58;1945;77;0
811;58;1940;82;1
812;39;1940;82;1
813;70;1964;58;1
814;19;1959;63;1
815;22;1964;58;0
816;17;1958;64;0
818;54;1966;56;1
819;74;1958;64;1
820;74;1960;62;0
821;49;1948;74;1
822;37;1959;63;0
823;41;1956;66;1
824;27;1952;70;1
825;74;1977;45;1
826;1;1978;44;1
827;10;1965;57;0
828;10;1958;64;1
829;24;1957;65;1
830;69;1948;74;1
831;2;1948;74;1
832;67;1923;98;0
833;5;1960;62;1
834;54;1922;100;1
835;28;1943;79;0
836;28;1948;74;1
837;71;1974;48;1
838;71;1968;54;0
839;47;1955;67;0
840;20;1937;85;1
841;69;1981;41;1
842;12;1933;89;0
843;54;1957;65;0
844;22;1945;77;1
845;22;1953;69;0
846;35;1949;73;1
847;49;1979;42;1
849;26;1939;83;0
850;19;1969;53;1
851;25;1919;103;1
852;25;1916;106;0
853;70;1949;73;1
854;72;1941;81;0
855;58;1930;92;1
856;23;1919;103;1
857;32;1948;74;1
858;47;1959;63;0
859;1;1968;54;0
860;1;1967;55;1
861;1;1956;66;0
862;30;1952;70;1
863;54;1968;54;0
864;11;1953;69;1
865;11;1946;76;0
866;38;1975;47;0
870;70;1957;65;1
871;76;1974;48;1
872;35;1963;59;1
873;60;1944;78;1
874;14;1952;70;0
875;14;1956;66;1
876;1;1960;62;1
877;5;1927;95;0
878;5;1920;102;1
879;38;1943;79;0
880;49;1960;62;1
881;5;1975;47;0
882;70;1933;89;0
883;75;1920;102;0
884;75;1918;104;1
885;34;1923;99;1
886;34;1948;74;1
887;66;1973;49;0
888;28;1973;49;1
889;54;1981;41;0
890;77;1919;103;1
891;33;1931;91;1
892;42;1922;100;0
893;43;1935;87;0
894;75;1934;88;1
895;39;1970;52;1
896;36;1973;49;0
897;36;1981;41;1
898;38;1943;79;0
899;38;1944;78;1
900;73;1977;45;1
901;39;1919;103;1
902;23;1950;72;1
903;31;1934;88;1
904;1;1932;90;1
905;38;1940;82;1
906;65;1978;44;1
907;51;1948;74;1
908;51;1961;61;0
909;23;1975;47;1
910;1;1961;61;1
911;43;1939;83;1
912;76;1920;102;1
913;1;1938;84;1
914;1;1921;101;0
915;12;1975;47;1
916;3;1958;64;1
917;25;1973;49;0
918;26;1964;57;1
921;7;1954;68;0
922;22;1972;50;0
923;22;1978;44;1
924;1;1953;69;1
925;54;1959;63;1
926;1;1981;41;1
927;1;1974;48;1
928;66;1951;71;0
929;30;1935;87;1
930;68;1959;63;0
931;16;1968;54;1
932;3;1947;75;1
933;33;1978;44;0
934;33;1982;40;1
935;42;1946;76;0
936;42;1943;79;1
937;1;1931;91;1
938;59;1944;78;0
939;21;1952;70;1
940;53;1960;62;1
941;10;1935;87;1
942;12;1931;91;0
943;12;1936;86;1
944;39;1970;51;1
945;39;1977;45;0
946;54;1951;71;1
948;49;1924;98;1
949;3;1976;46;1
950;76;1965;57;0
951;76;1960;62;1
952;63;1951;71;0
953;25;1937;85;1
954;1;1942;80;0
955;57;1970;52;1
956;1;1966;56;1
957;56;1941;80;0
958;56;1942;80;1
959;11;1962;60;0
960;16;1957;65;0
961;15;1931;91;0
962;19;1966;56;1
963;64;1966;55;0
964;10;1953;69;0
965;13;1972;50;0
966;13;1978;44;1
967;76;1979;43;1
968;69;1957;65;1
970;36;1957;65;1
971;46;1919;103;0
972;46;1917;105;1
973;14;1970;52;0
974;14;1963;59;1
975;1;1959;63;0
976;16;1955;67;0
977;76;1926;96;0
978;56;1968;54;0
979;56;1966;56;1
980;40;1961;61;1
981;5;1960;62;1
984;20;1949;73;1
985;20;1947;75;0
986;74;1955;67;1
987;60;1952;70;1
988;40;1939;83;0
989;40;1933;89;1
990;71;1961;60;1
991;32;1941;81;1
992;19;1948;74;1
993;44;1969;53;0
994;36;1971;51;1
995;36;1973;49;0
996;1;1980;42;0
997;59;1950;72;1
998;59;1953;69;0
999;74;1966;56;0
1000;74;1961;61;1
1001;44;1947;75;1
1002;42;1944;78;0
1003;31;1937;85;0
1004;3;1957;65;1
1006;46;1942;80;0
1007;46;1938;84;1
1008;6;1956;66;1
1009;33;1962;60;0
1010;33;1955;67;1
1011;16;1939;83;1
1012;70;1966;56;0
1013;70;1973;49;1
1014;1;1931;91;1
1015;62;1934;88;1
1016;62;1940;82;0
1017;6;1943;79;0
1018;53;1945;77;1
1019;14;1946;75;0
1020;72;1977;45;0
1021;2;1977;45;1
1022;31;1940;82;1
1023;1;1938;83;1
1024;25;1956;66;1
1025;15;1964;58;1
1026;57;1979;43;1
1027;1;1940;82;0
1028;1;1934;88;1
1029;1;1954;68;0
1030;1;1947;75;1
1031;2;1968;53;0
1032;1;1938;84;0
1033;1;1937;85;1
1034;52;1974;48;0
1035;13;1971;51;0
1036;13;1976;46;1
1037;1;1965;57;0
1038;69;1961;61;0
1039;70;1980;42;0
1040;1;1960;62;1
1041;72;1961;61;1
1042;17;1966;56;0
1043;17;1963;59;1
1044;9;1971;51;0
1045;60;1947;74;0
1046;1;1975;47;1
1047;16;1963;59;0
1048;70;1974;48;0
1049;1;1942;80;1
1050;27;1971;51;0
1051;73;1971;51;0
1052;56;1964;58;1
1053;56;1958;64;0
1054;63;1924;98;1
1055;4;1919;103;1
1056;1;1963;59;1
1057;52;1939;83;1
1058;9;1975;47;0
1059;26;1960;62;1
1060;26;1957;64;0
1062;16;1975;47;1
1063;16;1976;46;0
1064;1;1951;71;0
1065;2;1957;65;1
1066;1;1940;82;1
1067;1;1952;70;1
1068;13;1926;96;0
1069;54;1938;84;0
1070;54;1938;84;1
1071;43;1925;97;1
1072;60;1966;56;0
1073;34;1924;98;1
1074;34;1928;94;0
1075;65;1934;88;0
1076;53;1979;43;0
1077;46;1920;102;1
1078;24;1978;43;0
1079;3;1961;61;1
1080;54;1950;72;0
1081;71;1970;51;1
1082;9;1967;55;1
1083;48;1937;85;1
1084;48;1944;78;0
1085;60;1932;89;0
1086;74;1973;49;1
1087;74;1978;44;0
1088;47;1969;53;0
1089;1;1939;83;1
1090;35;1939;83;0
1091;59;1940;82;0
1092;41;1962;60;0
1093;62;1976;46;0
1094;30;1960;62;0
1095;30;1954;68;1
1096;1;1926;96;0
1097;1;1930;92;1
1098;60;1948;74;0
1099;65;1979;43;0
1100;59;1951;71;1
1101;74;1946;76;1
1102;72;1935;87;1
1103;1;1951;71;1
1104;1;1955;67;0
1105;56;1942;80;1
1106;56;1940;82;0
1107;60;1961;61;1
1108;62;1955;66;0
1109;58;1931;91;0
1110;10;1928;94;0
1111;61;1979;43;1
1112;13;1930;92;0
1113;11;1976;46;1
1114;59;1980;42;1
1115;36;1920;102;0
1116;69;1973;49;0
1117;20;1976;46;0
1118;20;1969;53;1
1119;54;1980;42;0
1120;41;1973;49;0
1121;59;1939;83;1
1122;20;1921;101;1
1123;20;1922;100;0
1124;21;1928;94;1
1125;9;1934;88;0
1126;9;1935;87;1
1127;23;1974;48;1
1128;7;1930;92;1
1129;43;1931;91;1
1130;70;1940;82;0
1131;55;1947;75;0
1132;55;1948;74;1
1133;37;1958;64;0
1134;37;1959;63;1
1135;8;1952;70;1
1136;9;1976;46;0
1137;1;1977;45;0
1138;70;1970;52;0
1139;70;1973;49;1
1140;18;1946;76;1
1141;21;1941;81;0
1142;59;1946;76;0
1143;59;1946;76;1
1145;58;1968;54;0
1146;54;1965;57;1
1147;3;1930;92;1
1148;41;1941;81;1
1149;14;1976;46;0
1150;74;1945;77;0
1151;59;1973;49;1
1152;74;1981;41;1
1153;70;1980;42;0
1154;72;1924;98;1
1155;72;1922;100;0
1156;1;1933;89;0
1157;4;1958;63;0
1158;1;1954;68;0
1159;64;1944;78;1
1160;64;1938;84;0
1161;7;1973;49;1
1162;26;1975;47;0
1163;20;1964;58;1
1164;15;1959;63;0
1165;15;1942;80;0
1166;74;1959;63;1
1167;74;1954;68;0
1168;19;1978;44;1
1169;18;1941;81;0
1170;12;1977;45;1
1171;46;1974;48;0
1172;54;1923;99;0
1173;54;1922;100;1
1174;29;1970;52;0
1175;1;1925;97;1
1176;1;1918;104;0
1177;77;1939;83;0
1178;1;1971;51;0
1179;1;1930;92;0
1180;21;1944;78;1
1181;1;1939;83;1
1182;66;1946;76;0
1183;54;1942;80;1
1186;2;1947;75;0
1187;32;1961;61;0
1188;32;1968;54;1
1189;74;1932;90;0
1190;15;1976;46;0
1191;15;1977;45;1
1192;10;1925;97;0
1193;19;1926;96;1
1194;17;1939;83;0
1195;39;1939;83;0
1196;22;1943;79;1
1197;6;1966;56;0
1198;72;1975;47;0
1199;64;1976;46;0
1200;47;1931;91;0
1201;54;1945;77;1
1202;47;1980;42;0
1204;77;1974;48;0
1206;50;1957;65;1
1207;28;1939;83;0
1208;70;1975;47;0
1209;36;1957;65;0
1210;6;1961;61;1
1211;1;1978;44;1
1212;13;1927;95;0
1213;1;1966;56;1
1214;61;1940;82;1
1215;45;1944;78;1
1216;65;1945;77;0
1217;59;1937;85;1
1218;74;1980;42;1
1219;1;1944;78;1
1220;40;1953;68;0
1221;14;1973;49;0
1222;7;1939;83;0
1223;14;1955;67;0
1224;56;1938;84;1
1225;42;1946;76;1
1226;33;1951;71;0
1227;33;1955;67;1
1228;21;1949;73;0
1229;19;1971;51;1
1231;20;1965;57;0
1232;20;1959;63;1
1233;68;1942;80;1
1234;23;1975;47;1
1235;23;1979;43;0
1236;26;1967;55;0
1237;57;1923;99;1
1238;74;1935;87;1
1239;11;1976;46;0
1240;32;1976;46;0
1241;73;1942;79;0
1242;73;1944;78;0
1243;11;1974;48;0
1244;1;1964;58;1
1245;64;1979;43;1
1246;70;1962;60;1
1247;70;1969;53;0
1248;19;1971;51;1
1250;43;1952;70;0
1251;1;1959;63;1
1252;1;1953;69;0
1253;14;1967;55;0
1254;3;1939;83;0
1255;1;1966;56;0
1256;46;1955;67;0
1257;35;1928;94;0
1258;35;1924;98;1
1259;18;1966;56;1
1260;57;1945;77;0
1261;57;1951;71;1
1262;35;1952;70;1
1263;35;1959;63;0
1264;61;1976;46;0
1265;57;1958;63;0
1266;71;1952;70;0
1267;29;1954;68;0
1268;29;1949;73;1
1269;1;1948;73;0
1270;13;1930;92;1
1271;47;1935;87;1
1272;8;1944;78;1
1273;6;1978;44;1
1274;44;1976;46;1
1275;1;1951;71;0
1276;68;1942;80;0
1277;70;1931;91;1
1278;72;1978;44;1
1279;16;1956;66;1
1280;34;1952;70;1
1281;34;1949;72;0
1282;52;1936;86;1
1283;66;1939;83;0
1284;66;1943;79;1
1285;62;1939;83;1
1286;52;1950;72;0
1287;65;1944;78;0
1288;73;1972;50;1
1289;59;1946;76;1
1290;35;1976;46;1
1291;1;1964;58;0
1292;14;1977;45;1
1293;1;1927;95;1
1294;1;1930;92;0
1295;74;1944;78;0
1296;55;1959;63;0
1297;64;1918;104;0
1298;64;1921;101;1
1299;2;1920;102;0
1300;45;1979;43;1
1303;42;1940;82;0
1304;37;1936;86;1
1305;55;1945;77;0
1306;32;1922;100;0
1307;74;1953;69;1
1308;69;1954;68;1
1309;1;1975;47;1
1310;41;1977;45;0
1311;54;1956;65;0
1312;35;1935;87;0
1313;54;1970;52;1
1314;54;1975;47;0
1315;34;1923;99;1
1316;67;1946;76;0
1317;67;1945;77;1
1318;47;1931;91;1
1321;35;1977;45;0
1322;4;1945;77;0
1323;70;1944;78;1
1324;66;1956;66;0
1325;39;1945;77;1
1326;55;1956;66;0
1327;20;1963;58;0
1328;42;1937;85;0
1329;26;1918;104;1
1330;66;1968;54;1
1331;54;1963;59;1
1332;5;1957;65;0
1333;48;1949;73;1
1334;8;1978;44;1
1335;1;1961;61;0
1336;1;1962;60;1
1337;56;1979;43;0
1338;56;1983;39;1
1339;22;1959;63;1
1340;68;1939;83;0
1341;69;1962;60;0
1343;1;1939;83;0
1344;1;1935;87;1
1345;32;1968;54;1
1346;13;1954;68;1
1347;13;1970;52;1
1348;13;1975;47;0
1349;26;1968;54;0
1350;1;1959;63;1
1351;1;1951;71;0
1352;54;1971;51;0
1353;27;1959;63;1
1354;64;1921;101;1
1355;35;1976;46;0
1356;1;1932;90;1
1359;1;1951;71;0
1360;1;1946;76;1
1361;1;1922;100;0
1362;1;1929;93;1
1363;6;1979;42;0
1364;1;1933;88;1
1365;1;1938;84;0
1366;12;1980;42;0
1367;60;1965;57;0
1368;60;1957;64;1
1369;41;1978;44;1
1370;34;1965;57;0
1371;49;1948;74;0
1372;28;1976;45;0
1373;74;1975;47;0
1375;69;1977;45;1
1376;18;1958;64;1
1377;18;1951;71;0
1378;74;1941;81;0
1379;74;1937;85;1
1380;44;1953;69;0
1382;18;1979;43;0
1383;29;1982;40;1
1384;40;1953;69;0
1385;22;1953;69;1
1386;22;1956;66;0
1387;1;1977;45;0
1388;5;1962;60;0
1389;43;1927;95;0
1390;59;1979;43;0
1391;41;1965;57;1
1392;50;1932;90;1
1393;50;1934;88;0
1394;49;1942;80;0
1395;49;1941;81;1
1396;39;1946;76;0
1397;66;1921;100;0
1401;35;1981;41;1
1402;44;1936;86;1
1403;44;1944;78;0
1404;11;1968;53;0
1406;29;1948;74;0
1407;29;1941;81;1
1408;49;1969;53;1
1409;25;1951;71;1
1410;18;1944;78;1
1411;18;1939;83;0
1412;6;1979;43;1
1413;11;1969;53;0
1414;70;1974;48;0
1416;19;1927;95;1
1417;27;1966;56;0
1418;41;1974;48;0
1419;74;1918;104;0
1420;74;1916;106;1
1421;20;1956;66;0
1422;69;1976;46;0
1423;69;1982;40;1
1424;8;1952;70;1
1425;12;1968;54;1
1426;12;1964;58;0
1427;14;1965;56;0
1428;12;1920;102;1
1429;12;1927;95;0
1430;64;1982;40;0
1431;55;1930;92;0
1432;16;1961;61;0
1433;72;1959;63;0
1434;72;1967;55;1
1435;52;1953;69;1
1438;29;1963;59;0
1439;29;1974;48;1
1440;1;1978;44;1
1441;42;1931;91;0
1442;42;1933;89;1
1443;29;1935;87;1
1444;29;1942;80;0
1445;68;1941;81;1
1446;70;1954;68;1
1447;70;1952;70;0
1448;50;1957;65;0
1449;41;1949;73;1
1450;61;1969;53;0
1452;72;1940;82;0
1453;29;1966;56;0
1454;73;1925;97;1
1455;73;1927;95;0
1456;70;1928;94;1
1457;70;1934;88;0
1458;67;1938;84;1
1459;4;1976;46;1
1460;23;1933;89;0
1461;28;1969;52;1
1462;49;1941;81;1
1463;70;1936;86;0
1464;36;1928;94;0
1465;36;1931;91;1
1466;39;1953;69;1
1467;65;1924;98;1
1468;77;1940;82;0
1469;54;1966;56;0
1470;1;1942;80;1
1471;1;1938;84;0
1472;1;1967;55;0
1473;1;1931;91;0
1474;45;1971;50;0
1475;19;1932;90;1
1476;70;1970;52;1
1478;4;1969;53;1
1479;1;1956;66;1
1480;69;1943;79;1
1481;62;1933;89;0
1482;46;1950;72;0
1483;1;1951;71;0
1484;1;1952;70;1
1485;7;1978;44;1
1486;7;1974;48;0
1487;48;1976;46;0
1488;31;1961;61;1
1489;6;1928;94;1
1490;42;1928;94;1
1491;19;1982;40;1
1492;9;1968;54;0
1493;1;1922;99;1
1494;1;1915;107;0
1495;1;1931;91;0
1496;1;1942;80;0
1497;53;1948;74;0
1498;53;1941;81;1
1499;74;1951;71;0
1500;1;1981;40;1
1501;68;1946;76;1
1502;68;1973;49;1
1503;58;1922;100;1
1504;58;1918;104;0
1505;65;1971;51;0
1506;22;1931;91;1
1507;22;1929;93;0
1508;67;1954;68;0
1509;62;1942;80;0
1510;34;1948;74;0
1511;13;1962;60;0
1512;5;1942;80;0
1513;74;1959;63;1
1514;68;1957;65;1
1516;38;1946;76;0
1517;66;1956;66;1
1518;3;1960;62;0
1519;3;1959;63;1
1520;72;1956;66;1
1521;5;1979;43;1
1522;52;1968;54;0
1523;29;1931;91;0
1524;30;1962;60;0
1525;1;1943;79;1
1526;1;1935;87;0
1527;49;1934;87;1
1528;57;1964;58;1
1529;43;1972;50;0
1530;74;1945;77;0
1531;52;1960;62;0
1532;52;1962;60;1
1533;55;1960;61;1
1534;17;1952;69;0
1535;40;1936;86;1
1536;37;1967;55;0
1537;54;1979;42;1
1539;32;1923;99;1
1540;36;1937;85;1
1541;36;1933;89;0
1542;31;1919;103;1
1543;31;1927;95;0
1546;28;1930;92;1
1547;28;1927;94;0
1548;70;1923;99;1
1549;70;1928;94;0
1550;8;1946;76;0
1554;55;1944;77;1
1555;30;1950;72;1
1556;66;1950;72;1
1557;35;1959;62;0
1558;11;1927;95;0
1559;72;1940;82;1
1561;1;1923;99;0
1562;1;1919;103;1
1563;3;1978;44;1
1564;40;1947;75;0
1565;71;1960;62;1
1566;15;1966;56;0
1567;50;1930;92;1
1568;50;1927;95;0
1569;54;1956;66;0
1570;54;1958;64;1
1571;7;1967;55;0
1572;1;1963;58;0
1574;18;1979;43;1
1575;55;1923;99;0
1576;55;1919;103;1
1577;23;1944;78;1
1578;40;1971;51;0
1579;27;1963;59;1
1580;1;1968;54;0
1581;56;1963;59;0
1582;54;1934;88;1
1583;1;1972;50;0
1584;1;1962;60;0
1585;60;1935;87;1
1586;60;1934;88;0
1587;23;1928;94;1
1588;45;1950;72;1
1589;48;1951;71;0
1590;13;1940;82;0
1591;42;1953;69;0
1592;56;1928;94;1
1593;56;1925;97;0
1594;56;1939;83;1
1595;56;1954;67;0
1596;58;1978;44;0
1597;60;1956;66;1
1598;67;1925;97;1
1599;43;1964;58;1
1600;43;1965;57;0
1601;42;1969;53;0
1602;42;1968;53;1
1603;26;1968;54;1
1604;26;1969;53;0
1605;52;1980;42;0
1606;65;1982;40;1
1607;8;1941;81;0
1608;53;1941;81;1
1609;53;1944;78;0
1610;68;1942;80;0
1611;59;1963;59;0
1612;59;1959;63;1
1613;50;1961;61;1
1614;21;1938;84;1
1615;74;1952;70;0
1616;54;1938;84;1
1617;5;1950;72;0
1618;17;1979;42;0
1619;74;1942;80;0
1620;74;1936;86;1
1621;76;1952;70;0
1622;52;1950;72;1
1623;36;1963;59;1
1624;9;1965;57;1
1625;9;1973;49;0
1628;12;1957;65;0
1629;28;1966;56;1
1630;28;1964;58;0
1631;74;1976;46;1
1632;8;1943;79;0
1633;55;1972;50;0
1634;55;1969;53;1
1635;75;1930;92;0
1636;75;1932;90;1
1637;21;1943;79;1
1638;40;1954;68;0
1639;1;1959;63;0
1640;51;1953;69;0
1641;31;1923;99;0
1642;1;1959;63;0
1643;39;1976;46;0
1644;56;1976;46;1
1645;39;1961;61;0
1646;8;1966;56;1
1647;71;1978;44;0
1648;46;1952;70;1
1649;46;1950;72;0
1650;1;1953;69;1
1651;11;1966;56;0
1653;42;1944;78;1
1654;60;1963;59;1
1655;74;1972;50;1
1656;22;1968;54;0
1657;32;1935;87;1
1658;52;1929;93;0
1659;1;1937;85;0
1660;1;1982;39;0
1661;47;1953;69;0
1662;53;1967;55;1
1663;19;1957;65;1
1664;64;1918;104;0
1665;64;1912;110;1
1666;1;1941;81;1
1667;1;1940;82;0
1668;20;1949;73;0
1669;47;1952;70;1
1670;53;1961;61;1
1671;57;1931;91;0
1672;57;1928;94;1
1673;48;1972;50;1
1674;11;1920;102;0
1675;74;1940;82;1
1676;53;1953;69;1
1677;53;1946;76;0
1679;67;1942;80;0
1680;29;1975;47;0
1681;34;1940;82;1
1682;69;1956;66;1
1683;15;1951;70;0
1684;15;1946;76;1
1685;61;1944;78;0
1686;1;1947;75;0
1687;1;1947;75;1
1688;32;1923;99;1
1689;1;1936;86;1
1690;46;1947;75;0
1691;21;1978;44;0
1692;62;1972;50;1
1693;45;1980;42;0
1694;45;1979;42;1
1696;1;1923;99;0
1697;55;1964;58;0
1698;55;1967;55;1
1699;17;1955;67;1
1700;7;1949;73;1
1701;7;1945;77;0
1702;53;1973;49;0
1703;50;1918;104;1
1704;50;1914;108;0
1705;19;1946;76;0
1706;19;1944;78;1
1707;10;1951;71;1
1709;74;1952;69;0
1710;54;1944;78;1
1711;64;1962;60;0
1712;64;1964;58;1
1713;65;1935;87;1
1714;58;1945;77;1
1717;73;1979;43;0
1718;75;1938;84;1
1719;35;1970;52;1
1720;33;1934;88;0
1721;33;1934;88;1
1722;68;1933;89;1
1723;71;1981;41;0
1724;68;1934;88;0
1725;76;1959;63;0
1726;76;1952;70;1
1727;32;1951;71;1
1728;32;1946;76;0
1729;76;1947;75;1
1730;40;1932;90;1
1731;17;1968;54;0
1733;57;1974;48;0
1734;26;1975;47;1
1735;26;1976;46;0
1736;41;1979;43;0
1737;27;1955;67;1
1738;27;1963;59;0
1741;70;1932;90;1
1742;1;1954;68;1
1743;3;1959;63;1
1744;50;1969;52;0
1745;23;1959;63;0
1746;11;1959;63;0
1747;11;1956;66;1
1748;64;1976;45;1
1749;50;1928;94;0
1750;23;1964;57;1
1751;54;1959;63;1
1752;70;1978;44;1
1753;60;1979;43;0
1754;57;1979;43;1
1755;65;1965;57;0
1756;1;1936;86;1
1757;1;1937;85;0
1758;35;1947;75;1
1759;63;1923;99;0
1760;77;1923;99;1
1761;45;1948;74;1
1762;61;1956;65;1
1763;46;1967;55;1
1764;66;1971;51;1
1765;9;1975;47;1
1768;29;1951;71;1
1769;12;1949;73;1
1770;12;1951;71;0
1771;54;1927;95;0
1772;73;1979;43;0
1774;32;1971;51;0
1775;73;1943;79;1
1776;30;1954;68;0
1777;69;1963;59;0
1778;69;1968;54;1
1779;37;1935;87;1
1780;54;1954;68;0
1781;67;1924;98;1
1782;19;1948;73;1
1783;1;1946;76;0
1784;2;1980;42;0
1785;39;1975;47;1
1786;63;1934;88;0
1787;63;1931;91;1
1788;1;1950;72;1
1789;61;1933;89;0
1790;1;1953;69;1
1791;5;1966;56;0
1792;54;1975;47;1
1793;41;1945;77;0
1794;54;1940;82;0
1795;38;1960;62;0
1796;10;1938;84;1
1797;10;1941;81;0
1798;70;1933;89;1
1799;36;1959;63;1
1800;63;1943;79;0
1801;66;1970;52;1
1802;66;1964;58;0
1803;25;1946;76;0
1806;5;1952;70;1
1807;47;1935;87;1
1808;47;1933;89;0
1809;24;1931;91;1
1810;41;1919;103;1
1811;1;1939;83;1
1812;36;1947;75;0
1813;36;1949;73;1
1814;57;1940;82;1
1815;16;1977;45;0
1816;62;1951;71;1
1817;47;1953;69;0
1818;47;1956;66;1
1819;43;1979;43;0
1820;50;1928;94;0
1821;1;1941;81;1
1822;71;1922;100;0
1823;1;1978;44;0
1824;69;1960;62;1
1825;51;1974;48;0
1826;13;1937;85;1
1827;13;1941;81;0
1828;69;1962;60;1
1829;51;1942;80;0
1830;33;1952;70;1
1831;51;1976;46;1
1832;1;1966;56;0
1833;30;1966;56;1
1834;7;1927;95;1
1835;7;1928;94;0
1836;36;1944;78;0
1837;67;1957;65;1
1838;67;1959;63;0
1839;5;1936;85;0
1840;5;1935;87;1
1841;67;1953;69;0
1842;9;1943;79;1
1843;48;1939;83;0
1844;74;1922;100;0
1845;74;1918;104;1
1846;48;1980;41;1
1847;52;1979;43;0
1848;6;1924;98;0
1849;57;1922;100;0
1850;52;1942;80;0
1851;31;1975;47;0
1852;50;1962;60;1
1853;1;1965;57;1
1854;70;1932;90;0
1856;54;1968;54;0
1857;54;1964;58;1
1860;1;1964;58;0
1861;29;1957;65;1
1862;50;1977;45;0
1863;54;1952;70;1
1864;22;1948;74;1
1865;22;1949;73;0
1866;64;1942;80;0
1867;1;1944;78;0
1868;60;1980;42;1
1869;1;1933;89;0
1870;1;1935;87;1
1871;1;1980;42;0
1872;52;1963;59;0
1873;52;1968;54;1
1874;1;1946;76;1
1875;15;1976;46;1
1876;1;1951;71;1
1877;47;1957;65;0
1878;47;1963;59;1
1879;21;1944;78;0
1880;1;1974;48;1
1881;72;1934;88;1
1882;72;1932;90;0
1883;18;1961;61;0
1884;59;1976;46;0
1885;47;1970;52;0
1886;34;1920;102;1
1887;54;1926;96;1
1888;66;1918;104;0
1889;32;1957;65;0
1890;14;1955;67;0
1891;62;1959;63;0
1892;66;1928;94;1
1893;66;1934;88;0
1894;1;1947;75;0
1895;47;1965;57;0
1896;48;1982;40;1
1897;36;1969;53;0
1898;73;1961;61;1
1899;10;1941;81;1
1900;23;1965;57;1
1901;23;1962;60;0
1903;1;1939;83;0
1904;66;1941;81;1
1905;72;1949;73;0
1906;63;1922;100;1
1907;75;1928;94;0
1908;33;1920;102;1
1909;35;1944;78;0
1910;67;1946;76;1
1911;48;1938;84;0
1912;57;1972;50;1
1913;69;1968;54;1
1914;39;1942;80;0
1915;39;1939;83;1
1916;28;1926;96;1
1917;69;1969;53;0
1919;30;1949;73;1
1920;42;1975;47;1
1921;1;1946;76;0
1922;1;1949;73;1
1923;1;1958;64;0
1924;67;1938;84;1
1925;37;1938;84;1
1926;37;1935;87;0
1927;77;1952;70;1
1928;77;1952;70;0
1929;65;1955;67;0
1930;38;1934;88;0
1931;16;1942;80;0
1932;15;1940;82;0
1934;70;1933;89;0
1935;68;1929;93;0
1936;15;1955;67;0
1937;15;1960;62;1
1938;57;1939;83;0
1939;1;1925;97;1
1940;1;1923;99;0
1941;10;1921;101;0
1942;10;1915;107;1
1943;39;1926;96;1
1944;31;1957;65;0
1945;54;1954;68;1
1946;72;1935;87;1
1947;23;1981;41;1
1948;71;1939;83;0
1949;71;1942;80;1
1950;26;1929;93;1
1951;41;1971;51;1
1952;52;1971;51;0
1953;52;1965;57;1
1954;69;1952;70;1
1955;66;1971;51;0
1956;1;1925;97;0
1957;63;1972;50;1
1958;63;1977;45;0
1959;1;1920;101;1
1960;22;1946;76;1
1961;31;1920;102;0
1962;6;1950;72;1
1963;38;1945;77;1
1964;17;1931;91;1
1965;75;1939;83;1
1966;19;1948;74;0
1967;1;1963;59;0
1968;1;1960;62;1
1969;53;1926;96;0
1970;1;1947;75;0
1971;3;1969;53;0
1972;1;1946;76;0
1973;60;1931;91;0
1974;10;1918;104;1
1975;10;1915;107;0
1976;72;1918;104;1
1977;10;1935;87;0
1978;18;1952;70;0
1979;51;1926;96;0
1980;77;1959;63;1
1981;19;1970;52;0
1982;53;1977;45;1
1983;53;1982;40;0
1984;1;1926;96;1
1985;6;1937;85;1
1986;6;1942;80;0
1988;13;1952;70;1
1989;50;1939;83;0
1990;50;1943;79;1
1991;64;1918;104;1
1993;1;1975;47;1
1994;1;1967;55;0
1995;50;1941;81;0
1996;1;1937;85;1
1997;1;1977;45;0
1998;40;1978;43;0
1999;74;1982;40;0
2000;39;1942;80;0
2001;34;1977;45;0
2002;70;1918;104;0
2003;70;1921;101;1
2004;1;1974;48;0
2005;30;1979;43;1
2006;41;1962;60;0
2007;41;1958;64;1
2008;47;1940;82;1
2009;12;1936;86;1
2010;37;1952;70;1
2011;46;1925;97;0
2012;46;1923;99;1
2013;1;1940;82;0
2015;1;1968;54;0
2016;55;1934;88;1
2017;55;1931;91;0
2018;56;1945;77;0
2019;73;1932;90;1
2020;73;1925;96;0
2021;67;1919;103;1
2022;56;1939;83;1
2023;56;1931;91;0
2024;62;1934;88;1
2025;39;1941;80;1
2026;39;1934;88;0
2027;12;1930;92;1
2028;12;1924;98;0
2029;5;1923;99;0
2030;5;1980;42;0
2031;54;1926;96;1
2032;1;1943;79;1
2033;1;1937;85;0
2034;13;1926;96;1
2035;13;1928;94;0
2037;69;1948;74;0
2038;1;1980;42;0
2039;68;1969;53;0
2040;59;1944;78;1
2041;68;1956;66;1
2042;49;1982;40;1
2043;77;1954;68;0
2044;32;1961;61;0
2045;28;1956;66;1
2046;28;1952;70;0
2047;11;1943;79;0
2048;23;1928;94;0
2049;70;1927;95;1
2050;70;1932;90;0
2051;74;1918;104;0
2052;74;1914;108;1
2053;16;1918;104;1
2054;48;1948;74;1
2055;56;1976;46;0
2056;1;1978;43;1
2057;6;1976;46;0
2058;76;1971;51;1
2059;43;1972;50;1
2060;43;1971;51;0
2061;63;1953;69;1
2062;63;1954;68;0
2063;68;1950;72;0
2064;53;1926;96;1
2065;64;1978;44;1
2066;1;1972;50;1
2067;56;1979;43;1
2068;72;1930;92;0
2069;70;1923;99;0
2070;70;1972;50;0
2071;1;1973;48;1
2072;75;1944;78;0
2073;22;1956;66;1
2074;24;1961;61;0
2075;74;1922;100;1
2076;63;1957;65;0
2077;44;1930;92;0
2078;10;1978;44;0
2079;72;1925;97;0
2080;60;1963;58;1
2081;46;1972;50;0
2082;67;1933;89;1
2083;71;1943;79;1
2084;1;1929;93;0
2085;1;1928;94;1
2086;35;1954;68;0
2087;68;1977;45;1
2088;32;1948;74;0
2089;70;1967;55;0
2090;70;1970;52;1
2091;48;1928;94;0
2092;72;1945;77;1
2093;48;1970;52;1
2094;48;1975;47;0
2095;9;1974;48;1
2096;74;1974;48;0
2097;53;1936;86;1
2098;53;1939;83;0
2099;1;1918;104;1
2100;33;1931;91;0
2101;33;1935;87;1
2102;51;1941;81;1
2103;18;1944;78;0
2104;37;1948;74;1
2105;42;1947;75;0
2106;74;1921;101;0
2107;74;1923;99;1
2108;77;1945;77;0
2109;15;1950;72;0
2110;3;1967;55;0
2111;57;1924;98;0
2112;21;1927;95;1
2113;68;1937;85;1
2114;51;1918;104;1
2115;51;1914;108;0
2116;76;1930;92;1
2117;53;1945;77;1
2118;1;1970;52;1
2119;30;1960;62;0
2121;64;1979;43;1
2122;1;1970;52;0
2123;53;1982;40;1
2124;68;1949;73;0
2125;71;1975;47;1
2126;52;1975;47;0
2128;38;1955;67;0
2129;75;1962;60;1
2130;21;1945;77;0
2131;39;1975;47;0
2132;39;1969;53;1
2133;53;1921;101;0
2134;53;1917;105;1
2135;24;1940;82;0
2136;28;1940;82;0
2137;73;1962;60;0
2138;68;1980;41;1
2139;18;1932;90;0
2140;18;1926;96;1
2141;28;1951;71;1
2142;21;1941;80;0
2143;21;1948;74;1
2144;15;1960;62;0
2145;39;1968;53;0
2146;65;1973;49;1
2147;69;1963;59;0
2148;31;1953;69;0
2149;33;1923;99;0
2150;61;1941;81;1
2151;61;1945;76;0
2152;17;1929;93;0
2153;36;1949;73;0
2154;60;1957;65;0
2155;15;1958;64;1
2156;33;1966;55;0
2157;11;1945;77;1
2158;10;1981;41;1
2159;74;1930;92;0
2160;70;1945;77;1
2161;1;1920;102;0
2162;1;1913;109;1
2163;52;1918;104;1
2164;47;1941;81;1
2165;47;1945;77;0
2166;30;1947;75;0
2167;1;1981;40;1
2168;46;1963;59;0
2169;46;1971;51;1
2170;70;1942;80;1
2171;1;1958;64;1
2172;7;1929;93;0
2173;56;1951;70;0
2174;74;1952;70;0
2175;53;1942;80;0
2176;18;1946;76;1
2177;24;1942;80;0
2178;46;1939;83;1
2179;9;1939;83;0
2180;51;1972;50;0
2181;46;1968;54;1
2182;75;1929;93;0
2183;75;1931;91;1
2184;24;1970;52;1
2185;20;1957;65;0
2186;48;1942;80;0
2187;40;1933;89;1
2188;40;1925;97;0
2189;21;1962;60;0
2190;28;1974;48;1
2191;28;1979;43;0
2192;1;1956;66;0
2193;1;1952;70;1
2194;50;1961;61;0
2195;68;1942;80;0
2196;31;1955;67;0
2197;47;1962;60;0
2198;17;1920;102;0
2199;17;1911;111;1
2200;66;1953;69;1
2201;44;1929;93;1
2202;44;1928;94;0
2203;10;1939;83;1
2204;54;1946;76;0
2205;55;1952;70;1
2206;10;1964;58;0
2207;70;1961;61;0
2208;70;1959;63;1
2209;30;1927;95;0
2210;30;1933;89;1
2211;3;1920;102;0
2212;52;1972;50;1
2213;3;1968;54;1
2214;5;1946;76;1
2215;10;1925;97;1
2216;1;1972;50;0
2217;1;1974;48;1
2218;43;1968;54;1
2219;43;1964;58;0
2220;20;1952;70;0
2221;20;1945;77;1
2222;1;1934;88;0
2223;70;1943;79;0
2224;54;1932;90;1
2225;4;1960;62;0
2226;74;1964;58;0
2227;42;1975;47;1
2228;43;1940;82;0
2229;68;1944;78;1
2230;5;1969;53;1
2231;21;1971;51;0
2232;36;1967;55;1
2233;36;1964;57;0
2235;14;1940;82;0
2236;44;1978;44;0
2237;47;1958;64;1
2238;47;1954;68;0
2239;6;1976;46;0
2240;47;1932;90;0
2241;47;1926;95;1
2242;1;1976;46;0
2243;1;1980;42;1
2246;55;1953;69;0
2247;35;1978;44;0
2248;7;1975;47;1
2249;32;1945;77;0
2250;34;1938;84;0
2251;26;1971;51;0
2252;37;1965;57;1
2253;37;1957;65;0
2254;72;1927;95;0
2255;50;1923;99;0
2256;70;1974;48;1
2257;62;1979;43;0
2258;62;1979;43;1
2259;19;1950;72;0
2260;62;1962;60;0
2261;62;1956;66;1
2263;1;1934;88;1
2264;4;1943;79;1
2265;52;1977;45;1
2266;16;1939;83;1
2267;1;1966;56;0
2268;10;1938;83;1
2269;48;1963;59;0
2270;61;1960;62;0
2271;61;1964;58;1
2274;9;1964;58;1
2275;9;1965;57;0
2276;44;1932;90;0
2277;1;1979;43;1
2278;76;1921;101;1
2279;52;1953;69;1
2280;10;1974;48;0
2281;76;1978;44;0
2282;60;1973;49;1
2283;1;1961;61;1
2286;54;1966;56;0
2287;47;1979;43;1
2288;32;1957;65;0
2289;32;1954;68;1
2290;31;1954;68;0
2291;6;1957;65;1
2292;59;1921;101;1
2293;1;1969;53;1
2294;32;1952;69;0
2295;22;1939;83;0
2296;22;1942;80;1
2297;48;1965;57;1
2298;48;1969;53;0
2299;6;1940;82;0
2300;35;1961;61;0
2301;35;1960;61;1
2302;74;1957;65;1
2303;61;1939;83;0
2304;61;1939;83;1
2305;70;1949;73;0
2306;70;1943;79;1
2307;26;1923;99;1
2308;27;1974;48;0
2309;15;1976;46;0
2310;40;1939;83;1
2311;40;1935;87;0
2312;11;1975;47;0
2313;70;1980;42;1
2314;34;1959;62;0
2315;34;1963;59;1
2316;1;1970;52;1
2317;1;1976;46;1
2318;20;1923;99;0
2319;40;1970;52;0
2320;60;1951;71;1
2321;68;1968;54;0
2322;15;1928;94;1
2323;48;1942;80;0
2324;27;1978;44;1
2325;2;1955;67;0
2326;72;1945;77;0
2327;73;1919;103;1
2328;24;1968;54;1
2329;18;1973;49;1
2330;40;1948;74;0
2331;42;1957;65;0
2332;60;1949;72;0
2333;60;1949;73;1
2335;66;1934;88;0
2336;12;1922;100;1
2337;12;1917;105;0
2338;58;1957;65;0
2339;58;1956;66;1
2340;42;1953;69;1
2341;42;1947;75;0
2342;70;1948;73;1
2343;1;1959;63;1
2344;3;1924;98;0
2345;33;1942;80;1
2346;33;1947;75;0
2347;35;1943;78;0
2348;35;1933;89;1
2349;46;1968;54;0
2350;46;1967;55;1
2351;38;1965;57;1
2352;70;1977;45;0
2353;4;1929;93;0
2354;1;1967;54;1
2355;6;1948;74;0
2356;52;1930;92;1
2357;52;1937;85;0
2358;74;1946;76;0
2359;74;1953;69;1
2361;9;1968;54;1
2362;9;1974;48;0
2363;43;1947;75;1
2364;56;1971;51;0
2365;46;1953;69;0
2366;35;1930;92;1
2367;35;1931;91;0
2368;64;1943;78;0
2369;64;1940;81;1
2370;41;1956;66;0
2371;70;1956;66;0
2372;23;1971;51;0
2373;15;1954;68;1
2374;9;1968;54;1
2375;72;1965;57;0
2376;72;1964;58;1
2377;49;1950;72;1
2378;63;1953;69;0
2379;33;1964;58;0
2380;40;1927;95;1
2381;40;1931;91;0
2382;62;1927;95;0
2383;31;1947;75;0
2384;31;1946;75;1
2385;13;1933;89;1
2386;13;1934;88;0
2387;77;1945;77;0
2388;42;1971;51;1
2389;25;1924;98;1
2390;57;1938;84;1
2391;1;1942;80;1
2392;26;1955;67;1
2393;16;1976;46;0
2394;5;1962;60;1
2395;8;1953;69;1
2396;41;1949;73;0
2397;46;1918;104;1
2398;71;1955;67;0
2399;42;1943;79;0
2400;19;1959;63;1
2401;26;1948;74;0
2402;41;1948;74;1
2403;1;1963;59;0
2404;27;1977;45;0
2405;27;1975;47;1
2406;49;1956;66;0
2407;51;1975;47;1
2408;6;1940;82;0
2409;54;1964;58;1
2410;73;1973;49;0
2411;73;1968;54;1
2412;20;1980;42;1
2413;46;1961;61;1
2414;54;1950;72;0
2415;54;1957;65;1
2416;72;1954;67;0
2417;48;1938;84;0
2418;1;1953;68;0
2419;1;1954;68;0
2420;48;1972;50;0
2421;48;1970;52;1
2422;68;1976;46;0
2423;42;1957;65;1
2424;54;1920;102;1
2425;6;1977;45;0
2426;74;1927;95;1
2427;74;1934;88;0
2428;1;1946;76;0
2429;70;1973;49;1
2430;5;1937;85;1
2431;75;1966;56;1
2432;27;1924;98;0
2433;32;1964;58;1
2434;42;1945;77;0
2435;16;1943;79;0
2436;25;1934;88;0
2437;45;1936;85;1
2438;52;1946;76;0
2439;52;1944;78;1
2440;17;1935;87;1
2441;1;1928;94;1
2442;1;1927;95;0
2443;75;1949;73;1
2444;4;1934;88;1
2445;54;1969;53;1
2447;68;1972;50;1
2448;68;1971;51;0
2449;1;1967;54;1
2450;54;1975;47;0
2451;42;1939;83;1
2452;64;1952;70;0
2453;13;1924;98;1
2454;69;1940;82;0
2455;72;1919;103;1
2456;72;1923;99;0
2457;68;1940;82;1
2458;68;1932;90;0
2459;20;1974;48;0
2460;19;1963;59;0
2461;64;1967;55;1
2462;19;1934;88;1
2463;7;1944;77;1
2464;30;1945;77;1
2465;51;1973;49;1
2467;36;1946;76;0
2468;71;1965;57;1
2469;54;1957;65;0
2470;53;1943;79;1
2471;53;1942;80;0
2472;70;1976;46;0
2473;20;1976;46;0
2474;42;1957;65;1
2475;44;1982;40;0
2476;75;1957;65;0
2477;75;1952;70;1
2478;48;1940;82;0
2479;31;1959;63;0
2480;46;1976;45;0
2481;6;1948;74;1
2482;34;1925;97;1
2483;34;1929;92;0
2484;68;1969;52;1
2485;20;1933;89;1
2486;76;1961;61;0
2487;67;1967;55;0
2488;9;1980;42;0
2489;64;1975;47;0
2490;61;1961;61;0
2491;5;1939;83;0
2492;5;1943;79;1
2493;1;1962;60;1
2494;37;1971;51;1
2495;58;1939;83;0
2496;1;1972;50;1
2497;34;1962;60;0
2498;37;1980;42;1
2499;13;1944;78;1
2500;24;1946;76;0
2501;70;1940;82;0
2502;1;1935;87;0
2503;54;1977;45;0
2504;61;1950;72;1
2505;25;1960;62;0
2506;76;1976;46;1
2507;37;1952;70;0
2508;72;1965;57;0
2509;72;1971;51;1
2510;72;1959;63;0
2511;35;1975;47;0
2512;35;1974;48;1
2513;41;1941;81;1
2514;59;1957;65;1
2515;12;1958;64;1
2516;33;1942;80;0
2517;18;1924;98;1
2518;18;1921;101;0
2519;29;1970;52;0
2520;62;1944;78;1
2521;55;1947;75;0
2522;74;1937;85;1
2523;74;1937;85;0
2524;36;1959;63;1
2525;36;1952;70;0
2526;1;1964;58;1
2527;44;1947;75;0
2528;25;1977;45;1
2529;70;1939;83;1
2530;8;1950;72;1
2531;5;1954;68;0
2532;29;1937;85;1
2533;40;1929;93;0
2534;1;1943;79;1
2535;1;1945;77;1
2536;64;1961;61;1
2537;73;1957;65;1
2538;56;1980;42;1
2539;32;1972;50;0
2540;46;1981;41;1
2542;3;1944;77;1
2543;3;1952;70;0
2545;9;1953;69;0
2546;41;1961;61;0
2547;48;1953;69;0
2548;48;1953;69;1
2549;70;1923;99;0
2550;1;1976;46;0
2551;70;1939;83;0
2552;74;1964;58;0
2553;34;1976;46;1
2554;64;1941;81;1
2555;42;1963;59;1
2556;44;1951;71;0
2557;7;1957;65;1
2558;30;1959;63;1
2559;8;1965;57;0
2560;70;1974;48;0
2561;48;1945;77;1
2562;42;1952;70;1
2563;74;1971;51;1
2565;64;1946;76;1
2566;29;1963;59;0
2567;64;1943;79;1
2568;64;1938;84;0
2569;69;1948;74;1
2570;69;1947;75;0
2571;43;1979;43;0
2572;1;1953;69;1
2573;1;1965;57;0
2574;29;1932;90;0
2576;46;1979;43;0
2577;70;1918;104;1
2578;76;1954;68;1
2579;11;1935;87;0
2580;11;1935;87;1
2581;52;1953;69;0
2582;51;1938;84;1
2583;75;1937;85;1
2584;4;1944;77;0
2585;75;1971;51;0
2586;8;1966;56;1
2587;8;1973;49;0
2588;33;1958;64;1
2589;21;1963;59;1
2590;42;1964;58;0
2591;42;1960;62;1
2592;1;1980;42;0
2593;1;1977;45;1
2594;55;1963;59;1
2596;31;1961;61;1
2597;28;1969;53;0
2598;28;1965;57;1
2599;1;1946;76;1
2600;7;1923;99;0
2601;37;1961;61;1
2602;37;1966;56;0
2603;38;1972;50;0
2604;22;1926;96;1
2605;22;1925;97;0
2606;31;1943;79;1
2607;63;1943;79;1
2608;58;1943;79;0
2609;1;1977;45;1
2610;1;1980;42;0
2611;77;1938;84;1
2612;38;1975;47;1
2613;1;1977;45;1
2614;72;1946;76;1
2615;64;1945;77;0
2616;50;1970;52;1
2617;50;1962;60;0
2618;17;1942;80;1
2619;63;1969;53;0
2620;63;1968;54;1
2621;51;1956;66;1
2622;71;1973;49;1
2623;16;1965;57;0
2625;57;1972;50;1
2626;1;1940;82;1
2628;1;1931;91;0
2629;1;1931;91;1
2630;64;1937;85;0
2631;18;1970;52;1
2632;18;1963;59;0
2633;1;1967;55;0
2635;67;1966;55;0
2636;28;1918;104;1
2637;64;1935;87;1
2638;1;1942;80;1
2639;45;1950;72;0
2640;45;1951;71;1
2642;22;1973;49;1
2643;54;1946;76;0
2644;6;1964;58;0
2645;67;1920;102;1
2646;63;1937;85;0
2647;9;1940;82;1
2648;9;1934;88;0
2650;75;1975;47;1
2651;75;1969;53;0
2652;41;1949;73;0
2653;1;1950;72;1
2654;59;1939;83;0
2655;44;1963;59;1
2656;54;1955;67;1
2657;73;1948;74;1
2658;11;1933;89;1
2659;46;1941;81;1
2661;1;1961;61;0
2662;1;1978;44;1
2663;8;1976;46;1
2666;47;1935;87;0
2667;9;1972;50;1
2668;9;1975;47;0
2669;51;1927;95;1
2670;45;1936;86;1
2671;35;1972;50;0
2672;7;1940;82;0
2673;65;1959;63;1
2674;65;1952;70;0
2675;31;1924;98;1
2676;61;1961;61;1
2677;33;1922;100;1
2678;33;1918;104;0
2679;1;1938;84;1
2680;1;1945;77;0
2681;45;1971;51;0
2682;45;1975;47;1
2683;48;1929;93;0
2684;74;1953;69;0
2685;73;1969;53;0
2686;19;1951;71;0
2687;19;1949;73;1
2688;60;1967;55;0
2689;16;1923;99;1
2690;58;1971;50;0
2691;47;1964;58;1
2692;44;1925;97;1
2693;46;1976;46;0
2694;15;1927;95;0
2695;15;1929;93;1
2696;2;1947;75;1
2697;2;1948;74;0
2698;31;1970;52;0
2699;31;1977;45;1
2700;34;1945;77;1
2701;1;1952;70;1
2702;7;1919;103;1
2703;2;1973;49;0
2704;1;1949;73;0
2705;43;1924;98;1
2706;3;1967;55;1
2707;45;1969;53;1
2708;73;1958;64;1
2709;26;1946;76;1
2712;25;1956;66;1
2713;36;1962;60;1
2714;6;1970;52;0
2715;7;1957;65;1
2716;25;1969;53;0
2717;46;1930;92;1
2718;46;1932;89;0
2719;29;1964;58;0
2720;1;1949;73;0
2721;24;1950;72;0
2724;35;1975;47;1
2726;1;1973;49;0
2727;1;1968;54;1
2728;74;1922;100;1
2729;1;1966;56;1
2730;52;1947;75;1
2731;38;1927;95;1
2732;57;1953;69;0
2733;3;1927;95;0
2734;3;1934;88;1
2735;64;1928;94;1
2736;1;1958;64;0
2738;1;1951;71;1
2739;13;1950;72;1
2740;36;1967;55;0
2741;41;1930;92;0
2742;65;1948;74;0
2743;50;1939;83;0
2744;50;1943;79;1
2745;54;1939;83;0
2746;1;1971;51;1
2747;6;1936;86;1
2748;6;1936;86;0
2749;14;1921;101;0
2750;14;1913;109;1
2751;68;1957;65;0
2752;48;1971;51;1
2754;66;1978;44;0
2755;1;1970;52;0
2756;31;1919;103;0
2758;1;1946;76;1
2759;2;1974;48;1
2760;68;1975;46;0
2761;1;1977;45;0
2762;29;1953;69;0
2765;36;1981;41;0
2766;70;1959;63;1
2767;70;1954;68;0
2768;1;1964;58;1
2769;69;1937;85;1
2770;1;1954;68;1
2771;37;1920;102;1
2772;37;1923;99;0
2773;49;1919;103;0
2774;49;1921;101;1
2775;41;1978;44;0
2776;31;1934;88;0
2777;46;1970;52;0
2778;57;1964;58;1
2779;29;1948;74;1
2780;29;1947;75;0
2781;46;1960;62;0
2782;31;1940;82;1
2783;1;1940;82;1
2784;36;1958;64;0
2785;22;1962;60;1
2786;24;1951;71;1
2787;41;1976;46;0
2788;49;1951;71;0
2789;1;1951;70;0
2790;16;1975;47;1
2791;60;1921;101;1
2794;18;1965;57;1
2795;18;1968;54;0
2796;15;1974;48;1
2797;28;1950;72;1
2798;65;1931;91;1
2799;4;1961;61;0
2800;2;1949;73;1
2801;75;1919;103;1
2802;1;1966;56;0
2803;68;1931;91;1
2804;68;1936;86;0
2805;73;1964;58;1
2806;58;1955;67;0
2808;8;1974;48;0
2809;33;1979;43;1
2810;72;1971;51;1
2811;1;1946;76;0
2812;55;1970;52;0
2813;70;1941;81;1
2814;19;1973;49;0
2815;35;1930;92;1
2816;35;1938;84;0
2817;1;1977;45;0
2818;54;1963;59;1
2819;8;1980;42;1
2820;77;1966;55;1
2821;45;1980;42;0
2822;50;1958;64;1
2823;70;1946;75;0
2824;39;1941;81;1
2825;65;1958;64;1
2826;59;1935;87;1
2827;63;1923;99;1
2828;14;1949;73;0
2829;33;1939;82;0
2830;51;1974;48;1
2831;68;1980;42;0
2832;13;1927;95;1
2833;13;1923;99;0
2834;52;1949;73;1
2835;27;1966;56;1
2836;38;1919;103;0
2837;38;1927;95;1
2838;65;1965;57;1
2839;72;1928;94;0
2840;72;1934;88;1
2841;18;1973;49;0
2842;74;1958;64;1
2843;70;1966;56;0
2844;51;1962;60;1
2845;7;1952;70;1
2846;1;1969;53;0
2847;34;1942;80;0
2848;34;1939;83;1
2849;19;1928;94;1
2850;7;1970;52;1
2851;54;1939;83;1
2852;26;1942;80;0
2853;28;1956;66;0
2854;16;1949;73;1
2855;16;1957;65;0
2856;47;1923;99;1
2857;33;1927;95;1
2858;42;1926;96;0
2859;68;1928;94;0
2860;28;1958;64;1
2862;49;1964;58;0
2863;49;1968;54;1
2864;51;1952;70;0
2865;15;1948;74;1
2866;15;1949;73;0
2867;1;1960;62;0
2868;14;1933;89;1
2869;1;1975;47;1
2870;29;1959;63;1
2871;71;1967;55;0
2872;77;1933;89;0
2873;16;1975;47;0
2874;34;1972;50;1
2875;46;1936;86;1
2876;1;1977;45;1
2877;59;1932;90;1
2878;68;1947;75;1
2879;40;1977;45;1
2880;60;1952;69;1
2881;12;1967;55;0
2882;70;1931;91;1
2883;30;1953;69;1
2884;40;1958;64;0
2885;1;1965;57;0
2886;1;1958;64;1
2887;2;1961;61;0
2888;1;1978;44;0
2889;25;1943;79;1
2890;62;1951;71;1
2891;62;1957;65;0
2892;3;1941;81;0
2893;2;1927;95;0
2894;70;1948;74;0
2895;70;1977;45;0
2896;1;1975;47;0
2897;40;1925;97;1
2898;40;1920;102;0
2899;16;1918;104;1
2900;18;1923;99;1
2901;25;1939;83;0
2902;8;1959;63;0
2903;8;1959;63;1
2904;64;1946;76;0
2905;64;1951;71;1
2906;5;1934;88;1
2907;5;1932;90;0
2908;1;1971;51;1
2909;26;1936;86;1
2910;76;1936;86;1
2911;45;1932;90;1
2912;45;1925;97;0
2913;44;1962;59;1
2915;33;1954;68;0
2916;1;1972;50;1
2917;16;1940;82;1
2918;5;1967;55;1
2919;5;1970;52;0
2920;44;1962;60;0
2921;64;1976;45;0
2922;43;1940;82;1
2923;35;1977;45;0
2924;18;1941;81;0
2925;18;1947;75;1
2926;27;1934;88;1
2927;27;1929;92;0
2928;38;1932;90;1
2929;1;1958;64;1
2930;41;1941;81;1
2932;1;1940;82;0
2933;72;1942;80;1
2934;72;1948;74;0
2935;61;1944;78;0
2936;3;1945;77;0
2937;74;1949;73;1
2938;8;1921;101;0
2939;8;1918;104;1
2940;1;1965;57;1
2941;38;1951;71;1
2942;67;1966;56;0
2943;1;1980;42;0
2944;71;1943;79;0
2945;74;1921;101;1
2946;74;1926;96;0
2947;19;1957;65;0
2948;47;1978;44;1
2949;14;1943;79;1
2950;46;1944;78;1
2951;76;1950;72;0
2952;52;1978;44;0
2953;3;1936;86;1
2954;38;1959;63;0
2955;38;1952;70;1
2956;23;1939;83;1
2957;23;1978;44;1
2958;48;1975;47;1
2959;54;1957;65;1
2960;1;1928;93;1
2961;1;1933;88;0
2962;1;1938;84;1
2963;1;1939;83;0
2964;8;1978;44;1
2965;30;1918;104;0
2966;65;1955;67;1
2967;53;1961;61;0
2968;40;1962;60;1
2969;55;1923;99;1
2970;55;1922;100;0
2971;1;1977;45;0
2972;1;1976;46;1
2974;56;1951;71;0
2975;33;1943;79;0
2976;57;1922;100;0
2977;39;1963;59;1
2978;33;1948;74;0
2979;4;1961;60;0
2980;11;1974;48;1
2981;16;1949;73;0
2982;6;1973;49;0
2983;6;1967;55;1
2984;60;1963;59;0
2985;60;1960;62;1
2986;14;1952;70;1
2987;14;1946;76;0
2988;33;1961;61;1
2989;17;1949;73;0
2990;32;1938;84;0
2991;32;1941;81;1
2992;11;1966;56;1
2994;18;1963;59;1
2995;35;1941;81;0
2996;1;1965;57;1
2997;1;1941;81;0
2998;1;1961;61;1
2999;74;1979;43;0
3000;41;1928;94;0
3001;1;1958;64;1
3002;42;1955;67;0
3003;69;1973;49;0
3004;69;1971;51;1
3005;43;1931;91;1
3006;22;1973;49;0
3007;76;1964;58;1
3008;73;1919;103;1
3009;62;1957;65;0
3010;62;1960;62;1
3011;74;1955;67;1
3012;70;1955;67;0
3013;51;1950;72;0
3014;51;1953;69;1
3015;73;1952;70;1
3016;40;1977;45;1
3017;2;1941;81;1
3018;61;1978;44;1
3019;30;1969;53;1
3020;32;1942;80;0
3021;1;1961;61;1
3022;1;1954;68;0
3023;16;1959;63;1
3024;60;1929;93;1
3025;60;1932;89;0
3026;22;1947;75;1
3027;62;1959;63;1
3028;34;1932;90;0
3029;43;1970;52;1
3030;68;1976;46;0
3031;40;1965;57;0
3032;40;1959;63;1
3035;27;1964;58;1
3036;16;1941;81;0
3037;64;1942;80;1
3038;6;1946;76;0
3039;55;1969;53;0
3041;4;1927;95;0
3042;18;1968;54;0
3043;63;1951;71;0
3044;36;1945;77;1
3045;10;1950;72;0
3046;1;1925;97;0
3047;45;1975;47;1
3048;16;1923;99;0
3049;6;1967;55;1
3050;6;1967;55;0
3051;65;1928;94;1
3054;74;1958;64;1
3055;51;1931;91;1
3056;38;1959;63;0
3057;38;1962;60;1
3058;49;1943;79;0
3059;61;1977;45;1
3060;61;1960;62;1
3061;61;1965;57;0
3062;41;1930;92;0
3063;27;1971;51;1
3064;42;1930;92;1
3065;24;1921;101;0
3066;54;1982;40;0
3067;57;1952;70;0
3068;57;1954;68;1
3069;21;1943;79;1
3070;46;1920;102;1
3071;38;1967;55;0
3072;1;1936;86;1
3073;1;1937;85;0
3074;1;1958;64;1
3075;74;1941;81;1
3076;57;1962;60;0
3077;50;1934;88;0
3078;50;1932;90;1
3079;67;1943;79;1
3080;5;1951;71;0
3081;5;1945;77;1
3082;52;1979;43;0
3083;41;1971;51;1
3084;23;1951;71;0
3085;62;1946;76;0
3086;62;1948;74;1
3087;46;1959;63;0
3088;40;1950;72;1
3089;46;1974;48;1
3090;32;1968;54;1
3091;15;1966;56;0
3092;59;1967;55;0
3093;35;1966;56;1
3094;48;1950;72;1
3095;36;1953;69;1
3096;74;1982;40;1
3097;48;1948;74;1
3098;17;1938;84;1
3099;17;1965;57;1
3100;2;1931;91;1
3101;1;1941;81;1
3102;61;1979;43;0
3103;64;1973;49;0
3104;4;1982;40;0
3105;68;1947;75;1
3106;72;1928;94;0
3107;30;1960;62;1
3108;30;1962;60;0
3109;7;1932;90;0
3110;54;1931;91;1
3111;54;1924;98;0
3112;24;1939;83;1
3113;60;1971;51;0
3114;60;1971;51;1
3115;72;1961;61;1
3116;28;1951;71;1
3117;62;1941;81;0
3118;62;1940;82;1
3119;50;1936;86;0
3120;75;1964;58;1
3121;57;1956;66;0
3122;57;1959;63;1
3123;1;1979;43;1
3124;5;1958;64;0
3125;10;1922;100;0
3126;47;1938;84;1
3127;1;1920;102;0
3128;69;1944;78;0
3129;5;1946;76;0
3130;19;1955;67;0
3131;1;1935;87;0
3132;1;1975;47;0
3133;31;1973;49;0
3134;1;1938;84;1
3135;48;1969;53;1
3136;1;1963;58;1
3137;70;1947;75;1
3138;70;1943;79;0
3139;46;1956;66;0
3140;46;1959;63;1
3141;9;1925;97;0
3142;68;1919;103;1
3143;21;1944;78;0
3144;1;1919;103;1
3145;1;1921;101;0
3146;1;1948;74;1
3147;19;1964;58;0
3148;3;1942;80;1
3149;3;1935;87;0
3150;54;1932;90;0
3151;1;1951;71;0
3152;1;1936;86;1
3153;26;1924;98;1
3154;26;1926;96;0
3155;44;1973;49;0
3156;68;1954;68;0
3157;1;1942;80;0
3158;1;1940;82;0
3159;24;1930;92;1
3160;20;1951;71;1
3161;66;1980;42;1
3162;55;1960;62;1
3163;1;1964;58;0
3164;1;1962;60;1
3165;3;1976;46;0
3166;31;1955;67;1
3167;48;1943;79;0
3170;76;1921;101;1
3171;76;1924;98;0
3172;64;1951;70;1
3173;66;1946;76;0
3174;66;1952;70;1
3175;64;1950;72;0
3176;1;1937;85;1
3177;24;1938;84;1
3178;25;1969;53;0
3179;45;1948;74;0
3180;45;1944;78;1
3181;27;1943;79;1
3182;18;1925;97;0
3183;70;1980;42;1
3184;5;1959;63;0
3185;17;1972;50;0
3186;1;1955;67;0
3187;7;1952;70;1
3188;68;1976;46;0
3190;1;1920;102;0
3191;56;1975;47;0
3192;6;1939;83;1
3193;28;1950;72;0
3194;51;1975;47;0
3195;2;1971;51;0
3196;72;1978;44;0
3197;1;1958;64;1
3198;1;1953;69;0
3199;1;1957;64;0
3200;1;1954;68;1
3201;66;1953;69;0
3202;56;1922;100;1
3203;1;1959;63;0
3204;1;1956;66;1
3205;1;1921;101;0
3206;1;1921;101;1
3207;55;1925;97;0
3208;27;1947;75;1
3209;27;1939;83;0
3210;14;1963;59;1
3211;17;1967;55;0
3213;1;1941;81;1
3214;71;1922;100;1
3215;64;1936;86;0
3216;58;1959;63;1
3217;61;1977;45;1
3218;49;1965;56;1
3219;49;1959;63;0
3220;23;1957;65;1
3221;23;1953;69;0
3222;21;1977;45;1
3225;13;1957;65;1
3226;1;1951;71;1
3227;59;1950;72;0
3228;34;1957;65;1
3229;50;1979;43;1
3230;1;1982;40;0
3231;21;1961;61;1
3232;5;1976;46;1
3233;1;1980;42;1
3234;67;1919;103;0
3235;46;1950;72;0
3236;28;1960;62;0
3239;7;1981;41;0
3240;67;1937;85;0
3241;26;1934;88;1
3242;26;1937;85;0
3243;71;1920;102;0
3244;72;1933;89;1
3245;70;1952;70;1
3246;66;1931;91;1
3247;69;1958;64;0
3248;28;1929;93;0
3249;17;1959;63;1
3250;17;1962;60;0
3251;52;1962;59;0
3252;52;1961;61;1
3253;70;1946;76;1
3254;1;1930;92;1
3255;8;1970;52;0
3256;49;1976;46;1
3257;73;1978;44;0
3258;74;1960;62;0
3259;71;1950;72;1
3260;74;1942;80;0
3261;74;1950;72;1
3262;61;1941;81;0
3264;63;1950;72;0
3265;47;1963;59;0
3266;47;1960;62;1
3267;61;1951;71;1
3268;1;1956;66;0
3269;2;1974;48;1
3270;12;1940;82;1
3271;58;1942;80;0
3272;9;1920;102;0
3273;9;1918;104;1
3274;26;1929;93;1
3275;26;1924;98;0
3276;52;1980;42;1
3277;42;1966;56;1
3278;42;1962;60;0
3279;66;1954;68;0
3280;66;1958;64;1
3281;74;1950;71;1
3282;29;1981;41;1
3283;10;1933;89;1
3284;2;1936;86;1
3285;2;1943;79;0
3286;74;1972;50;0
3287;74;1978;44;1
3288;69;1926;96;1
3289;75;1977;45;0
3290;11;1969;53;0
3291;52;1947;75;1
3292;18;1940;82;1
3293;1;1953;69;0
3294;52;1957;65;1
3295;40;1966;56;0
3296;23;1969;53;1
3297;1;1968;54;1
3298;5;1942;80;0
3299;76;1961;61;0
3300;53;1950;72;1
3302;52;1964;58;0
3303;52;1965;57;1
3304;69;1939;83;1
3305;41;1971;51;0
3306;27;1948;74;1
3307;14;1979;43;0
3308;15;1948;74;1
3309;15;1942;80;0
3310;23;1954;68;1
3311;51;1954;68;1
3312;70;1971;51;0
3313;60;1946;76;0
3314;24;1931;91;0
3315;24;1934;88;1
3316;1;1947;74;0
3317;1;1950;72;1
3319;1;1979;43;0
3320;1;1972;50;1
3321;13;1969;53;0
3322;31;1948;74;1
3323;74;1981;41;0
3324;26;1971;51;0
3325;26;1963;59;1
3326;57;1952;69;0
3327;20;1937;85;0
3328;24;1966;56;1
3329;54;1961;61;1
3330;54;1955;67;0
3331;70;1970;52;0
3332;46;1969;53;0
3333;10;1949;73;0
3334;1;1967;55;1
3335;11;1967;55;1
3336;64;1951;71;0
3337;53;1952;70;1
3338;69;1942;80;0
3339;31;1976;46;0
3340;54;1976;46;1
3341;54;1968;53;0
3342;73;1973;49;1
3344;42;1961;61;1
3345;37;1941;81;0
3346;37;1941;81;1
3347;11;1936;86;1
3348;38;1978;44;0
3349;42;1963;58;1
3350;30;1950;72;1
3351;30;1942;80;0
3352;23;1919;103;1
3353;23;1919;103;0
3354;62;1943;79;0
3355;38;1953;69;1
3356;73;1974;48;1
3357;63;1954;68;0
3358;16;1975;47;1
3359;1;1945;77;1
3360;43;1976;46;0
3361;40;1930;92;0
3365;1;1966;56;0
3366;54;1959;63;0
3367;54;1952;70;1
3368;14;1952;70;0
3369;1;1952;70;1
3370;25;1919;103;1
3371;25;1919;103;0
3372;1;1970;52;1
3373;5;1952;70;1
3374;5;1960;62;0
3375;74;1954;68;1
3376;11;1945;77;0
3377;11;1938;84;1
3378;5;1957;65;1
3379;5;1949;73;0
3380;74;1978;44;0
3381;70;1965;57;0
3382;54;1954;68;1
3383;54;1956;66;0
3384;41;1942;80;0
3385;11;1924;98;0
3386;49;1940;82;0
3387;58;1943;79;1
3388;53;1965;57;0
3389;39;1967;55;0
3390;53;1972;50;0
3391;42;1971;51;1
3392;1;1975;47;0
3393;73;1954;68;0
3394;66;1980;42;0
3395;4;1962;59;1
3396;18;1977;45;0
3397;24;1974;48;0
3398;24;1969;53;1
3399;72;1932;90;1
3402;74;1952;70;0
3403;74;1957;65;1
3404;56;1940;82;0
3405;40;1949;72;1
3406;40;1947;75;0
3407;35;1973;49;0
3408;35;1973;48;1
3409;36;1919;103;1
3410;54;1965;57;1
3412;57;1975;47;1
3413;57;1969;53;0
3414;11;1947;75;0
3415;54;1973;49;0
3416;35;1978;44;1
3417;35;1985;37;0
3418;70;1963;59;0
3420;66;1979;43;1
3421;20;1947;75;1
3422;1;1951;71;0
3423;12;1971;51;0
3424;64;1918;104;1
3425;70;1970;52;1
3426;73;1978;44;1
3427;42;1980;42;1
3428;42;1987;35;0
3429;46;1941;81;1
3430;3;1951;71;1
3431;70;1979;43;0
3432;15;1973;49;1
3433;71;1962;60;1
3434;71;1956;66;0
3435;4;1945;77;0
3436;30;1958;64;1
3437;30;1959;63;0
3438;43;1942;80;1
3439;62;1967;55;1
3440;1;1938;84;0
3441;75;1958;64;1
3443;1;1934;88;0
3444;57;1977;45;1
3445;17;1979;43;0
3446;70;1957;65;1
3447;54;1949;73;0
3448;1;1954;67;1
3449;27;1928;94;1
3450;25;1976;46;1
3451;19;1974;48;1
3452;19;1975;47;0
3453;56;1950;72;1
3454;11;1949;73;0
3455;11;1957;65;1
3456;54;1945;77;0
3457;75;1923;99;0
3458;33;1953;69;1
3459;14;1964;58;0
3460;14;1965;57;1
3461;54;1958;64;1
3462;54;1965;57;0
3463;1;1979;43;0
3464;43;1953;69;1
3465;30;1942;80;1
3466;1;1936;86;0
3467;1;1939;83;1
3468;68;1933;88;0
3469;1;1975;47;0
3470;52;1937;85;0
3471;1;1952;70;0
3472;70;1946;76;0
3473;70;1948;74;1
3474;32;1954;68;0
3475;19;1957;65;1
3476;60;1968;54;0
3477;37;1965;57;1
3478;1;1926;96;1
3479;1;1933;89;0
3480;15;1951;71;0
3481;15;1957;65;1
3482;71;1941;81;0
3483;70;1940;82;1
3484;44;1972;50;1
3485;77;1922;100;1
3486;77;1962;60;1
3487;1;1959;63;1
3488;1;1955;67;1
3489;76;1966;56;1
3490;19;1920;102;1
3491;19;1922;100;0
3492;8;1970;51;0
3493;69;1965;57;0
3494;42;1969;53;1
3495;64;1941;81;0
3496;64;1949;73;1
3497;39;1970;52;0
3498;77;1938;84;1
3499;19;1969;53;1
3500;29;1960;62;1
3501;51;1964;58;1
3502;54;1952;70;1
3503;54;1953;69;0
3504;40;1952;70;1
3505;20;1977;45;1
3506;1;1961;61;0
3507;32;1946;76;0
3508;38;1970;52;1
3509;38;1965;57;0
3510;13;1939;83;1
3511;74;1963;59;1
3512;49;1946;76;1
3513;70;1922;100;1
3514;70;1918;104;0
3515;61;1975;47;0
3516;58;1971;51;0
3517;68;1953;69;0
3518;33;1955;67;0
3519;74;1949;72;1
3520;8;1928;94;0
3521;4;1964;58;1
3522;57;1963;59;1
3523;6;1964;58;1
3524;68;1945;77;0
3525;15;1974;48;1
3526;15;1977;45;0
3527;77;1978;44;1
3528;73;1970;52;0
3529;54;1973;49;1
3530;16;1971;51;0
3531;43;1920;102;1
3532;56;1935;87;1
3533;1;1963;59;0
3534;50;1971;51;0
3535;37;1973;49;1
3536;55;1922;100;1
3537;51;1946;76;1
3538;1;1944;78;0
3539;36;1920;102;1
3540;51;1936;86;1
3541;51;1934;88;0
3542;10;1939;83;1
3543;10;1941;81;0
3544;1;1961;61;0
3545;68;1966;56;1
3546;3;1971;51;1
3547;1;1924;98;0
3548;1;1975;47;1
3549;5;1937;85;0
3550;54;1969;53;0
3552;44;1940;82;1
3554;22;1965;56;0
3555;22;1968;54;1
3556;6;1927;95;1
3557;6;1928;94;0
3558;54;1928;94;0
3559;57;1939;83;0
3560;57;1944;78;1
3562;1;1931;91;1
3563;1;1926;96;0
3564;62;1948;74;1
3565;44;1962;60;1
3566;65;1932;90;0
3567;1;1948;74;1
3568;1;1941;81;1
3569;67;1933;89;1
3570;15;1945;77;0
3571;25;1970;52;1
3572;48;1928;94;0
3573;8;1972;50;0
3574;19;1946;76;0
3575;9;1937;85;0
3576;1;1939;83;0
3577;31;1942;80;0
3578;72;1927;95;1
3579;72;1930;92;0
3580;6;1929;93;0
3581;33;1967;54;1
3582;38;1955;67;1
3583;15;1942;80;0
3584;15;1941;81;1
3585;29;1968;54;0
3586;60;1943;79;1
3587;60;1939;83;0
3588;76;1953;69;0
3589;73;1961;61;0
3590;23;1976;46;0
3591;74;1930;92;1
3592;74;1925;97;0
3594;13;1961;61;0
3595;28;1965;57;1
3596;74;1975;47;1
3597;10;1933;89;0
3598;66;1923;99;1
3599;66;1931;91;0
3600;46;1943;79;0
3601;19;1938;84;1
3602;19;1940;82;0
3603;42;1954;68;1
3605;71;1934;88;1
3606;63;1958;64;1
3607;18;1946;76;0
3608;66;1947;75;1
3609;66;1955;67;0
3610;36;1919;103;1
3611;30;1972;50;0
3612;19;1962;60;0
3613;19;1969;53;1
3614;43;1971;51;0
3615;1;1974;48;1
3616;77;1964;58;0
3617;51;1954;68;0
3618;54;1953;69;1
3619;40;1955;67;1
3620;21;1937;85;1
3621;66;1939;83;1
3622;66;1938;84;0
3623;28;1965;57;0
3624;1;1982;40;0
3627;18;1981;41;0
3628;11;1927;95;0
3629;42;1947;75;1
3630;64;1923;99;0
3631;64;1921;101;1
3632;15;1943;79;0
3633;72;1933;89;1
3634;1;1923;99;1
3635;1;1921;101;0
3636;46;1978;44;1
3637;64;1959;63;1
3638;49;1943;79;0
3639;73;1928;94;1
3640;75;1978;44;1
3641;75;1979;43;0
3642;19;1961;61;1
3643;26;1980;42;1
3644;75;1951;71;1
3645;34;1975;47;1
3646;33;1943;79;0
3647;33;1948;74;1
3648;3;1980;42;1
3649;10;1959;63;0
3650;64;1918;104;1
3651;35;1918;104;1
3652;1;1920;102;1
3653;1;1917;105;0
3654;25;1924;98;0
3655;59;1968;54;1
3656;62;1925;97;0
3657;62;1921;101;1
3658;58;1924;98;1
3659;42;1930;92;0
3660;65;1974;48;1
3661;51;1932;90;1
3662;27;1931;91;1
3663;69;1947;75;0
3664;69;1951;71;1
3667;70;1971;51;1
3668;70;1972;49;0
3669;10;1962;60;1
3670;44;1980;42;0
3671;10;1943;79;1
3672;10;1948;74;0
3673;1;1951;71;0
3674;17;1980;42;0
3675;70;1952;70;1
3676;10;1965;57;0
3677;10;1960;62;1
3678;1;1934;88;0
3679;72;1931;91;1
3680;72;1923;99;0
3681;1;1921;101;1
3682;1;1924;98;0
3683;74;1977;45;0
3684;16;1961;60;0
3685;74;1974;48;1
3686;61;1962;60;0
3687;49;1972;50;1
3688;49;1975;47;0
3689;9;1979;43;0
3690;44;1960;62;1
3691;18;1965;57;1
3693;15;1922;100;1
3694;15;1920;102;0
3695;55;1934;88;1
3696;55;1939;83;0
3697;9;1954;68;0
3698;44;1971;51;1
3699;1;1968;54;1
3700;1;1976;46;0
3701;73;1954;68;0
3702;76;1952;70;1
3703;17;1931;91;1
3704;69;1962;60;1
3705;1;1965;57;0
3707;74;1941;81;1
3708;46;1958;64;0
3709;46;1955;67;1
3710;59;1928;94;1
3711;25;1968;54;1
3712;56;1969;53;0
3713;41;1944;78;0
3714;8;1953;69;0
3716;74;1953;69;1
3717;71;1925;97;1
3718;71;1929;93;0
3719;54;1930;92;1
3720;54;1936;86;0
3721;64;1954;67;0
3722;1;1956;66;0
3723;18;1968;54;1
3724;57;1925;97;0
3727;33;1970;52;1
3728;66;1936;86;1
3729;66;1941;81;0
3730;59;1945;77;0
3732;66;1946;76;1
3733;1;1946;76;0
3734;15;1943;79;1
3735;18;1938;84;1
3736;18;1932;90;0
3737;12;1948;74;1
3738;1;1978;44;0
3739;3;1956;66;0
3740;46;1929;93;1
3741;16;1936;86;1
3742;56;1961;61;0
3743;56;1958;64;1
3745;2;1971;51;0
3746;66;1975;47;1
3747;1;1964;58;1
3748;59;1930;92;0
3749;65;1943;79;0
3750;1;1938;84;1
3751;33;1966;56;1
3752;33;1961;61;0
3753;1;1959;63;0
3754;1;1947;75;0
3755;37;1951;71;0
3756;12;1971;51;0
3757;5;1922;100;1
3758;53;1963;59;0
3759;53;1961;61;1
3760;18;1955;67;1
3761;48;1975;47;1
3762;60;1959;63;0
3763;38;1977;45;0
3764;38;1978;44;1
3765;45;1956;66;0
3766;1;1980;42;0
3767;14;1936;86;1
3768;14;1944;78;0
3769;54;1957;65;1
3770;35;1925;97;0
3771;48;1942;80;1
3772;48;1936;86;0
3773;33;1964;58;0
3774;1;1922;100;1
3775;46;1928;94;1
3776;74;1978;44;1
3777;74;1975;47;0
3779;6;1949;73;1
3780;37;1977;45;1
3781;17;1975;47;0
3782;1;1980;42;1
3783;1;1968;54;0
3784;1;1974;48;1
3785;66;1920;102;0
3786;13;1920;102;1
3787;21;1978;44;0
3788;56;1955;67;0
3789;66;1964;58;1
3790;48;1936;86;1
3791;72;1939;83;1
3792;74;1972;50;1
3793;39;1951;71;0
3794;37;1976;46;0
3795;12;1982;40;1
3796;3;1953;69;1
3797;3;1951;71;0
3798;1;1954;68;0
3799;2;1929;93;1
3800;38;1954;68;0
3801;38;1948;74;1
3802;67;1925;97;1
3803;1;1930;92;1
3804;1;1933;89;0
3805;68;1942;79;1
3806;54;1967;55;0
3807;33;1947;75;0
3808;57;1943;79;1
3811;6;1952;70;1
3812;1;1967;55;1
3813;2;1978;44;0
3814;1;1945;77;1
3815;28;1969;53;0
3816;1;1966;56;1
3817;77;1937;85;0
3818;71;1942;80;1
3819;71;1936;86;0
3821;22;1939;83;1
3822;48;1953;69;1
3823;63;1956;66;1
3824;41;1971;51;1
3825;41;1965;57;0
3826;33;1921;101;1
3827;33;1923;99;0
3829;59;1972;50;1
3830;18;1968;54;0
3831;11;1918;104;1
3832;11;1925;97;0
3833;19;1935;87;1
3834;1;1976;46;0
3835;50;1931;91;0
3836;77;1948;74;1
3837;39;1921;101;0
3838;65;1929;93;1
3839;65;1937;85;0
3840;50;1933;89;0
3841;26;1919;103;1
3842;74;1976;46;1
3843;4;1942;80;0
3844;71;1963;58;0
3845;1;1959;63;1
3846;27;1980;42;0
3847;6;1959;63;0
3848;45;1938;84;0
3849;1;1932;90;0
3850;45;1957;65;0
3851;45;1961;61;1
3852;10;1952;70;0
3853;59;1980;42;0
3854;24;1959;63;1
3855;29;1939;83;1
3856;1;1944;78;0
3857;72;1952;70;0
3858;18;1948;74;0
3859;18;1941;81;1
3860;74;1938;84;1
3861;11;1951;71;0
3862;40;1947;75;0
3863;1;1939;83;0
3864;1;1931;91;1
3865;75;1977;45;1
3866;75;1977;45;0
3868;66;1962;60;1
3869;17;1946;76;0
3870;4;1971;51;0
3871;4;1979;43;1
3872;8;1930;92;1
3873;23;1960;61;0
3874;61;1942;80;0
3875;1;1930;92;0
3876;1;1923;99;1
3877;38;1956;66;0
3880;29;1961;61;0
3881;45;1947;75;0
3882;45;1942;80;1
3883;18;1965;57;1
3884;72;1963;59;1
3885;70;1940;82;0
3886;8;1965;57;0
3887;67;1920;102;1
3888;67;1916;106;0
3890;3;1958;64;1
3891;75;1958;63;1
3892;1;1979;43;1
3893;1;1969;52;1
3894;29;1941;81;1
3895;29;1945;77;0
3896;5;1923;99;1
3897;16;1951;71;0
3898;57;1948;74;0
3899;55;1919;103;0
3900;55;1943;79;1
3901;55;1951;71;0
3902;65;1949;72;0
3903;1;1948;74;0
3904;29;1939;83;0
3905;29;1935;87;1
3906;64;1936;85;1
3907;1;1954;68;0
3908;73;1929;93;1
3909;73;1923;99;0
3910;37;1919;103;0
3911;31;1952;70;0
3912;1;1945;77;0
3913;8;1951;71;1
3914;52;1920;102;0
3915;20;1977;45;1
3916;47;1970;52;0
3917;47;1967;54;1
3918;5;1974;48;1
3919;35;1942;80;1
3920;44;1925;97;0
3921;28;1958;64;0
3922;1;1928;94;0
3923;1;1935;87;1
3924;56;1971;51;1
3925;45;1936;86;0
3926;54;1972;50;1
3927;61;1948;74;0
3928;77;1928;94;0
3929;74;1957;65;1
3930;1;1921;101;1
3931;1;1921;101;0
3932;59;1939;83;1
3933;59;1946;76;0
3934;12;1968;54;1
3935;71;1939;83;1
3936;36;1962;60;0
3937;36;1963;59;1
3938;27;1980;42;1
3939;40;1953;69;1
3942;53;1952;70;1
3943;1;1945;77;1
3944;8;1936;86;1
3945;8;1931;91;0
3946;1;1975;47;1
3947;23;1967;55;1
3948;44;1979;43;0
3949;44;1974;48;1
3950;38;1924;98;1
3951;38;1920;102;0
3952;52;1965;56;0
3953;14;1925;97;0
3954;64;1957;65;1
3955;64;1960;62;0
3956;21;1975;47;0
3957;21;1971;51;1
3958;37;1946;76;0
3959;30;1970;52;0
3960;8;1964;58;1
3961;53;1943;79;0
3962;74;1952;70;1
3963;76;1974;48;1
3964;74;1942;80;1
3965;1;1963;59;1
3966;1;1969;53;0
3967;18;1960;62;0
3968;18;1955;67;1
3969;4;1951;71;0
3970;46;1980;42;0
3971;1;1966;56;1
3972;1;1930;92;1
3973;1;1982;40;0
3974;68;1938;84;1
3975;1;1954;68;0
3976;43;1967;55;1
3977;8;1975;47;1
3978;18;1970;51;1
3979;54;1928;94;0
3980;1;1953;69;1
3981;19;1979;43;1
3982;45;1919;103;0
3983;1;1926;96;0
3984;1;1964;58;0
3985;75;1979;43;0
3987;67;1960;62;1
3988;53;1974;48;0
3989;53;1980;42;1
3990;29;1973;49;1
3991;11;1967;55;1
3992;71;1948;74;0
3993;14;1980;42;0
3994;21;1965;57;0
3995;1;1948;74;0
3996;36;1947;75;0
3997;13;1927;95;0
3998;59;1950;72;0
3999;30;1976;46;0
4000;40;1957;65;1
4001;69;1956;66;1
4002;25;1920;102;0
4003;8;1949;73;1
4004;30;1957;65;0
4006;25;1978;44;0
4007;23;1948;74;1
4008;23;1951;71;0
4009;4;1966;56;1
4010;4;1948;74;0
4011;62;1957;64;0
4012;56;1956;66;0
4013;1;1951;71;0
4014;17;1980;42;1
4015;65;1972;49;0
4016;13;1971;51;0
4017;13;1964;58;1
4018;3;1980;42;0
4019;11;1945;77;1
4020;45;1953;69;0
4021;45;1948;74;1
4022;1;1926;96;1
4023;1;1925;97;0
4024;3;1964;58;1
4025;3;1971;51;0
4026;76;1945;77;0
4027;16;1965;57;0
4028;16;1970;52;1
4029;17;1967;55;1
4030;44;1976;46;0
4031;67;1975;47;1
4032;35;1964;58;0
4033;51;1925;97;1
4034;58;1937;85;1
4035;58;1930;92;0
4036;25;1976;46;0
4037;1;1966;56;0
4040;59;1961;61;0
4041;59;1954;68;1
4042;1;1939;83;1
4043;70;1953;69;0
4044;44;1930;92;0
4046;1;1944;77;0
4047;1;1937;85;1
4048;4;1923;99;1
4049;4;1945;77;1
4050;47;1948;73;1
4051;74;1949;73;1
4052;74;1950;72;0
4053;70;1929;93;0
4054;72;1959;63;0
4055;74;1953;69;0
4056;63;1952;70;0
4057;70;1922;100;0
4059;54;1924;98;1
4060;44;1954;68;0
4061;8;1978;43;1
4062;71;1950;72;1
4063;61;1966;56;0
4064;61;1972;50;1
4065;73;1942;80;1
4066;30;1936;86;0
4067;21;1959;63;0
4068;11;1924;98;1
4069;68;1959;63;1
4070;68;1959;63;0
4071;45;1942;80;0
4072;45;1941;81;1
4073;24;1955;67;1
4074;24;1958;64;0
4075;8;1944;78;0
4076;49;1969;53;1
4077;68;1955;67;0
4078;23;1951;71;1
4079;27;1955;67;1
4080;21;1943;79;0
4081;9;1978;44;1
4082;58;1961;61;0
4083;74;1968;54;0
4084;55;1957;65;1
4085;55;1952;70;0
4086;63;1941;80;0
4087;64;1946;76;0
4088;68;1948;73;0
4089;68;1947;75;1
4090;23;1971;51;1
4091;29;1982;40;0
4092;14;1933;89;0
4093;1;1946;76;1
4094;2;1979;42;1
4095;25;1974;48;1
4096;25;1980;42;0
4098;13;1938;84;1
4099;12;1945;77;0
4100;74;1955;67;1
4101;1;1970;52;0
4102;4;1969;53;0
4103;4;1965;57;1
4104;23;1919;103;1
4105;16;1980;42;0
4106;1;1936;86;1
4107;49;1954;68;1
4108;43;1926;96;0
4109;63;1953;69;1
4112;38;1974;48;1
4113;76;1947;75;0
4114;63;1964;58;1
4115;33;1943;79;1
4116;36;1936;86;1
4117;53;1918;104;0
4118;28;1978;44;1
4119;62;1962;60;0
4120;62;1961;61;1
4121;23;1923;99;1
4122;39;1969;53;1
4123;39;1966;56;0
4124;19;1963;59;0
4125;31;1922;100;0
4126;74;1975;47;1
4127;74;1970;52;0
4129;75;1952;70;0
4131;48;1976;46;1
4132;42;1962;60;1
4133;42;1965;57;0
4134;1;1954;68;0
4136;31;1959;63;1
4137;21;1949;73;1
4138;11;1968;54;0
4139;74;1969;53;1
4140;70;1963;59;1
4141;9;1970;52;1
4142;36;1960;62;1
4143;27;1955;67;1
4144;27;1955;67;0
4145;73;1922;100;0
4146;9;1955;67;0
4147;64;1972;49;1
4148;64;1968;54;0
4149;1;1979;43;1
4150;1;1977;45;0
4151;73;1926;96;0
4152;73;1927;95;1
4153;32;1956;66;1
4154;32;1953;69;0
4155;1;1923;99;1
4156;5;1962;60;0
4157;1;1972;50;1
4158;35;1920;102;0
4159;35;1913;109;1
4160;16;1969;53;0
4161;22;1972;50;0
4163;4;1951;71;1
4164;45;1924;98;0
4165;53;1955;67;1
4166;1;1947;75;1
4167;6;1949;73;0
4169;58;1980;42;0
4170;58;1983;39;1
4171;1;1980;42;1
4172;1;1945;77;0
4173;52;1978;44;0
4174;63;1927;95;1
4175;13;1965;57;0
4176;32;1922;100;1
4177;34;1935;86;1
4178;32;1926;96;1
4179;54;1920;102;1
4180;63;1932;90;1
4181;76;1964;58;0
4182;16;1941;81;1
4183;16;1940;82;0
4184;8;1975;47;0
4185;51;1964;58;0
4186;38;1978;44;1
4187;25;1967;55;0
4188;1;1976;46;1
4189;64;1941;81;1
4190;17;1942;80;1
4191;32;1957;65;0
4192;72;1931;91;1
4193;8;1937;85;0
4194;63;1940;82;0
4195;63;1945;77;1
4196;55;1951;71;0
4198;23;1954;68;0
4199;23;1961;60;1
4201;3;1977;45;1
4202;3;1970;52;0
4203;1;1967;55;0
4204;1;1960;62;1
4205;30;1935;87;1
4206;22;1942;80;1
4207;70;1938;84;1
4209;70;1933;89;0
4210;40;1979;43;1
4211;22;1973;49;0
4212;53;1945;77;1
4213;64;1925;97;0
4214;64;1921;101;1
4215;49;1952;70;0
4217;9;1951;71;0
4218;48;1939;83;0
4219;51;1944;78;0
4220;33;1963;59;1
4221;63;1941;81;0
4222;60;1928;94;1
4223;54;1970;52;1
4224;42;1977;45;0
4225;76;1977;45;1
4226;31;1957;65;1
4227;51;1963;58;0
4229;36;1961;61;1
4230;74;1961;61;0
4231;1;1959;63;0
4232;70;1971;51;1
4233;46;1938;84;1
4234;70;1972;50;0
4235;9;1975;47;0
4236;42;1962;60;0
4237;16;1923;99;0
4238;41;1971;51;0
4239;70;1920;102;1
4240;46;1960;62;0
4241;20;1950;72;0
4242;20;1954;68;1
4243;7;1958;64;1
4244;68;1922;100;0
4245;68;1919;103;1
4246;36;1980;42;0
4247;26;1975;47;0
4248;9;1975;47;0
4249;52;1977;45;1
4250;72;1961;61;0
4251;44;1960;62;1
4252;44;1953;69;0
4253;16;1936;86;0
4254;65;1972;50;1
4255;66;1925;97;0
4256;70;1957;65;1
4257;1;1968;54;0
4258;44;1966;56;0
4259;10;1949;73;0
4260;12;1967;55;1
4261;34;1924;98;0
4262;59;1925;97;0
4263;73;1972;50;0
4264;74;1971;51;0
4265;59;1978;44;1
4266;1;1974;48;0
4267;24;1936;86;0
4268;24;1928;94;1
4269;45;1955;67;0
4270;58;1972;50;0
4271;58;1964;58;1
4272;42;1978;44;0
4273;18;1976;46;0
4274;70;1937;85;0
4275;49;1957;65;0
4276;74;1973;49;0
4277;74;1979;43;1
4278;33;1949;73;1
4279;51;1949;73;1
4280;55;1944;78;0
4281;54;1931;91;1
4282;3;1932;90;1
4283;27;1924;98;1
4284;68;1946;76;1
4285;68;1945;76;0
4286;6;1965;57;0
4287;62;1953;69;0
4288;70;1946;76;0
4289;66;1981;41;1
4290;32;1947;75;1
4291;58;1951;71;0
4292;72;1952;70;1
4293;4;1959;62;0
4294;4;1956;66;1
4295;18;1960;62;1
4296;57;1925;97;1
4297;57;1928;94;0
4298;33;1920;102;1
4299;50;1977;45;0
4300;1;1977;45;0
4301;14;1956;66;0
4302;30;1944;78;0
4303;21;1978;44;0
4304;5;1945;77;0
4305;40;1939;83;0
4306;40;1940;82;1
4307;1;1977;45;1
4308;44;1970;52;0
4309;39;1979;43;0
4310;65;1925;97;0
4311;59;1981;41;1
4312;72;1979;43;0
4313;53;1968;54;0
4314;58;1925;97;0
4315;74;1959;63;0
4316;1;1943;79;0
4317;53;1978;44;0
4318;43;1942;80;0
4319;43;1946;76;1
4320;66;1958;64;0
4321;19;1973;49;0
4322;19;1970;52;1
4323;40;1924;98;1
4324;40;1918;104;0
4325;55;1947;75;1
4326;1;1930;92;1
4327;1;1937;85;0
4328;59;1976;46;0
4329;64;1947;75;0
4330;33;1921;101;1
4331;5;1959;63;1
4332;57;1936;86;1
4333;1;1958;64;1
4334;1;1954;68;0
4335;54;1924;97;0
4336;19;1969;53;0
4337;48;1966;56;1
4338;30;1944;78;1
4339;59;1977;45;0
4340;1;1949;73;0
4341;76;1964;58;1
4342;63;1918;104;0
4343;27;1929;93;0
4344;54;1925;97;1
4345;18;1974;48;0
4346;3;1973;49;0
4347;54;1926;96;0
4348;3;1978;44;0
4349;1;1959;63;0
4350;1;1966;56;1
4352;72;1971;51;1
4353;28;1979;43;0
4354;28;1986;36;1
4355;1;1938;83;0
4358;70;1942;80;1
4359;64;1950;72;1
4360;19;1965;57;0
4361;46;1955;67;1
4362;50;1943;79;1
4363;50;1951;71;0
4364;22;1977;45;1
4365;10;1961;61;1
4367;14;1982;40;1
4368;32;1977;45;0
4369;53;1965;57;1
4370;59;1939;83;1
4371;32;1968;53;1
4372;3;1933;89;1
4373;51;1951;70;1
4376;70;1954;68;1
4377;48;1978;44;1
4380;1;1931;91;1
4381;56;1959;63;1
4382;18;1980;42;1
4383;21;1963;59;1
4384;10;1973;49;0
4385;21;1972;50;0
4386;53;1945;76;0
4387;52;1946;76;1
4388;4;1936;86;0
4389;10;1926;96;0
4390;7;1972;50;0
4393;1;1941;81;0
4394;64;1975;46;0
4395;36;1958;64;0
4396;63;1974;48;0
4397;63;1973;49;1
4398;77;1958;64;1
4399;61;1967;55;0
4400;54;1959;63;0
4401;8;1968;54;1
4402;23;1929;93;1
4403;36;1938;84;0
4404;31;1951;71;0
4405;47;1959;63;0
4406;1;1954;68;1
4407;70;1975;47;1
4408;62;1923;99;1
4409;62;1928;94;0
4410;24;1976;46;0
4411;54;1950;72;1
4412;54;1952;70;0
4413;74;1977;45;1
4414;50;1933;89;1
4415;4;1977;45;1
4416;67;1970;51;1
4417;1;1976;46;1
4418;28;1970;52;1
4420;55;1957;65;1
4421;1;1944;78;0
4422;76;1943;79;0
4423;27;1918;104;1
4424;21;1933;89;1
4425;21;1936;86;0
4426;26;1969;53;0
4427;30;1940;82;1
4428;38;1954;68;1
4429;64;1945;77;1
4430;64;1938;84;0
4431;58;1930;92;1
4432;1;1964;58;0
4433;1;1968;54;1
4434;64;1964;58;1
4435;64;1965;57;0
4436;27;1920;102;1
4437;70;1961;61;0
4438;70;1957;65;1
4439;70;1975;47;1
4440;33;1948;73;1
4441;33;1943;79;0
4442;23;1921;101;0
4444;77;1969;53;1
4445;77;1964;58;0
4446;71;1950;72;0
4447;71;1957;65;1
4448;72;1942;80;0
4449;8;1949;73;1
4450;67;1949;73;0
4451;50;1927;95;0
4452;70;1924;98;0
4453;61;1976;46;0
4454;61;1976;46;1
4455;70;1976;46;1
4456;30;1936;86;1
4457;1;1943;79;1
4458;22;1950;71;0
4459;1;1962;60;0
4460;1;1957;65;1
4461;54;1957;65;0
4462;1;1977;45;1
4463;76;1923;99;1
4464;53;1964;58;1
4465;74;1937;85;1
4466;75;1922;100;0
4467;20;1944;78;0
4468;20;1944;78;1
4469;8;1973;49;0
4471;64;1975;47;0
4472;74;1965;57;1
4473;1;1944;77;1
4474;3;1964;58;0
4476;3;1927;95;1
4477;74;1957;65;1
4478;74;1952;70;0
4479;2;1958;64;0
4480;74;1963;59;1
4481;1;1975;47;1
4482;56;1979;43;1
4483;63;1966;56;0
4484;37;1955;67;1
4485;36;1919;103;1
4486;36;1914;108;0
4487;22;1974;48;1
4488;22;1971;51;0
4489;76;1948;74;1
4490;76;1956;66;0
4491;2;1977;45;0
4492;16;1965;57;0
4493;33;1947;75;1
4494;54;1952;70;1
4495;66;1979;43;1
4496;10;1971;51;1
4497;10;1964;58;0
4498;31;1931;90;1
4499;31;1929;93;0
4500;17;1924;98;1
4501;70;1947;75;0
4502;21;1932;90;1
4503;21;1928;94;0
4504;33;1965;57;0
4505;33;1966;56;1
4506;11;1954;68;0
4507;1;1970;52;1
4508;54;1921;101;1
4509;54;1920;102;0
4510;34;1938;83;0
4511;51;1945;77;0
4512;1;1963;59;1
4514;65;1940;81;1
4515;59;1920;102;0
4516;1;1961;61;0
4518;39;1952;70;0
4519;70;1951;71;0
4520;1;1957;65;0
4521;1;1943;79;1
4522;68;1950;72;0
4523;68;1952;70;1
4524;77;1957;65;1
4525;77;1964;58;0
4526;70;1970;52;0
4527;1;1963;59;0
4528;28;1922;100;1
4529;37;1976;46;1
4530;37;1984;38;0
4531;64;1964;58;0
4532;39;1953;69;1
4533;64;1980;42;1
4534;38;1954;67;1
4535;1;1931;91;0
4536;41;1947;75;1
4539;55;1942;80;1
4540;69;1936;86;1
4541;32;1971;51;0
4542;29;1954;68;1
4543;1;1941;81;1
4544;52;1955;67;0
4545;3;1936;86;0
4546;23;1951;71;0
4547;9;1943;78;0
4548;7;1958;64;1
4549;10;1920;102;0
4550;72;1942;80;0
4551;60;1924;98;1
4552;60;1919;103;0
4553;1;1945;77;0
4554;70;1937;85;1
4555;52;1960;62;1
4556;74;1970;52;1
4557;44;1932;90;0
4558;44;1928;94;1
4559;35;1958;64;0
4560;9;1963;59;1
4561;40;1968;54;0
4562;25;1965;57;1
4563;10;1971;51;0
4564;10;1975;47;1
4565;14;1948;74;1
4567;70;1937;85;1
4568;70;1982;40;1
4569;6;1971;51;0
4570;1;1939;83;0
4571;1;1967;55;1
4572;28;1936;86;0
4573;5;1955;67;0
4574;20;1966;56;0
4575;36;1964;58;0
4576;53;1958;64;1
4577;64;1949;73;0
4578;15;1976;45;1
4579;74;1939;83;0
4580;30;1944;78;0
4581;1;1956;66;0
4582;44;1918;104;1
4583;61;1941;81;0
4584;7;1949;73;0
4585;9;1948;74;0
4586;9;1951;71;1
4587;36;1978;44;0
4588;53;1976;46;0
4589;2;1976;46;0
4590;1;1936;86;1
4591;43;1933;89;1
4592;1;1955;67;0
4593;72;1932;90;1
4594;1;1940;82;1
4595;1;1940;82;0
4596;74;1973;49;0
4597;1;1952;70;0
4598;25;1941;81;0
4599;25;1947;75;1
4600;70;1967;55;1
4601;1;1935;87;1
4602;1;1934;88;0
4603;69;1946;76;0
4604;67;1968;54;1
4605;18;1980;42;0
4606;8;1937;85;1
4607;74;1976;46;0
4608;41;1945;77;1
4609;7;1976;45;0
4610;34;1966;56;0
4611;1;1953;69;0
4612;44;1960;62;0
4615;56;1951;71;1
4617;45;1977;44;1
4618;45;1972;50;0
4619;77;1941;81;0
4620;54;1940;82;0
4621;54;1946;76;1
4622;50;1972;50;0
4623;68;1967;55;1
4624;48;1966;56;0
4625;48;1967;55;1
4626;3;1947;75;0
4627;1;1942;80;1
4628;1;1938;84;0
4629;76;1923;99;1
4630;76;1915;107;0
4631;8;1933;89;0
4632;1;1928;94;1
4633;62;1980;42;0
4634;67;1940;82;0
4635;67;1936;86;1
4636;48;1977;45;1
4637;61;1969;53;1
4638;33;1968;54;0
4639;20;1980;42;1
4640;75;1956;66;0
4641;33;1958;64;1
4642;33;1960;62;0
4643;1;1969;53;0
4644;20;1931;91;1
4647;8;1978;44;1
4648;33;1964;58;1
4649;45;1928;94;0
4650;54;1965;57;0
4651;2;1979;43;1
4652;53;1962;60;1
4653;4;1946;75;0
4654;2;1950;72;0
4655;2;1947;75;1
4656;1;1942;80;1
4657;15;1941;81;1
4658;33;1935;87;1
4659;50;1959;63;0
4660;60;1975;47;0
4661;1;1944;78;0
4662;1;1927;95;0
4663;72;1942;80;1
4664;38;1921;101;1
4665;9;1926;96;0
4666;9;1928;94;1
4667;25;1941;81;1
4668;25;1938;84;0
4670;51;1968;54;0
4671;51;1972;50;1
4672;44;1949;73;1
4673;69;1952;70;1
4674;59;1978;43;0
4675;23;1975;47;1
4677;3;1921;101;0
4678;21;1968;54;1
4679;20;1948;74;1
4680;72;1979;43;0
4681;1;1949;73;0
4682;1;1953;69;1
4683;51;1956;66;1
4684;1;1953;69;0
4685;62;1964;58;1
4686;39;1944;78;1
4687;16;1947;74;0
4688;16;1940;82;1
4689;50;1963;59;1
4690;66;1962;60;0
4691;66;1964;58;1
4692;76;1955;67;0
4693;42;1943;79;1
4694;42;1943;79;0
4695;52;1925;97;1
4696;52;1933;89;0
4697;27;1957;65;0
4698;45;1963;59;1
4699;13;1963;59;0
4700;70;1937;85;0
4701;22;1941;81;1
4704;12;1955;67;0
4705;1;1955;67;1
4706;58;1943;79;0
4707;58;1940;82;1
4708;18;1950;72;1
4709;54;1978;44;1
4710;52;1961;61;0
4711;52;1955;67;1
4712;37;1960;62;0
4713;13;1918;104;0
4714;13;1911;111;1
4715;15;1976;46;0
4716;10;1933;89;0
4717;32;1944;78;1
4718;2;1932;90;1
4719;23;1937;85;1
4720;33;1946;76;0
4721;65;1956;66;0
4722;8;1972;50;1
4723;1;1941;81;0
4724;53;1973;49;0
4725;34;1945;77;1
4726;34;1952;70;0
4727;74;1970;52;0
4728;74;1970;52;1
4729;18;1945;77;1
4730;68;1920;102;1
4731;52;1973;49;0
4732;70;1918;104;1
4733;1;1955;67;1
4734;72;1925;97;1
4735;72;1922;100;0
4736;56;1943;79;0
4737;24;1981;41;0
4739;37;1960;62;0
4740;28;1977;45;1
4741;74;1929;93;0
4742;61;1949;73;0
4743;61;1956;66;1
4744;6;1929;93;1
4745;68;1948;74;0
4746;39;1941;81;0
4747;76;1922;100;0
4748;76;1928;94;1
4749;57;1948;74;0
4750;70;1962;60;1
4751;35;1973;49;1
4752;7;1939;83;1
4753;7;1934;88;0
4754;27;1939;82;0
4755;71;1954;68;0
4756;22;1950;72;0
4757;22;1945;77;1
4758;50;1973;49;0
4759;50;1980;42;1
4760;70;1935;87;1
4761;70;1934;88;0
4762;76;1971;51;0
4763;77;1944;78;0
4764;54;1979;43;1
4765;48;1935;87;1
4766;22;1967;55;1
4767;26;1918;104;0
4768;1;1960;62;0
4769;22;1923;99;0
4770;22;1924;98;1
4771;64;1961;61;0
4772;6;1950;72;0
4773;33;1952;70;0
4774;59;1951;71;1
4775;59;1948;74;0
4776;1;1974;47;1
4777;64;1929;93;0
4778;64;1922;100;1
4779;52;1978;44;1
4780;54;1972;50;0
4781;9;1966;56;0
4782;25;1966;55;1
4783;31;1978;44;0
4784;42;1920;102;0
4785;42;1921;101;1
4786;54;1938;84;1
4787;36;1962;60;1
4788;39;1980;42;0
4789;24;1940;82;0
4790;75;1946;76;1
4791;51;1936;86;1
4792;20;1957;65;0
4793;55;1946;76;0
4794;20;1945;77;0
4795;74;1925;97;0
4796;7;1928;94;1
4797;59;1940;82;0
4798;37;1962;60;0
4799;75;1946;76;0
4800;75;1953;69;1
4801;23;1978;44;1
4802;75;1971;51;1
4803;45;1945;77;1
4804;51;1930;92;0
4805;1;1935;87;0
4806;19;1944;78;0
4807;25;1948;73;1
4808;23;1981;41;0
4809;19;1930;92;1
4810;19;1935;87;0
4811;77;1971;51;0
4812;1;1925;97;1
4813;43;1968;54;1
4814;54;1962;60;1
4815;15;1970;52;1
4816;15;1974;48;0
4817;12;1969;53;1
4818;1;1932;90;1
4819;62;1964;58;1
4820;2;1969;53;0
4821;35;1939;83;0
4822;35;1945;77;1
4823;7;1982;40;1
4824;54;1940;82;1
4826;25;1977;44;0
4831;27;1958;64;1
4832;56;1957;65;0
4833;30;1971;51;0
4836;49;1952;69;1
4837;56;1967;55;0
4853;58;1939;83;1
4861;57;1977;45;0
4862;1;1943;79;0
4863;1;1974;48;0
4877;45;1957;65;1
4882;36;1978;43;1
4886;23;1979;42;1
4892;26;1969;53;1
4901;72;1950;72;0
4904;38;1961;61;0
4906;64;1976;46;0
4907;64;1974;48;1
4915;40;1963;59;1
4916;52;1939;83;1
4918;11;1968;54;1
4919;49;1951;71;0
4923;66;1962;60;1
4925;45;1951;71;1
4927;72;1955;67;0
4928;9;1976;46;1
4929;74;1943;79;1
4930;1;1981;41;1
4937;54;1960;62;0
4941;60;1979;43;0
4942;38;1959;63;1
4944;58;1982;40;1
4949;54;1982;40;1
4956;6;1946;76;1
4959;77;1979;43;1
4961;54;1982;40;1
4968;50;1938;84;1
4969;64;1968;54;0
4972;70;1977;45;0
4974;5;1962;60;0
4975;5;1961;61;1
4976;36;1981;41;1
4979;7;1937;85;1
4989;28;1935;87;1
4992;55;1972;50;0
4993;1;1973;49;0
4994;1;1978;44;1
5002;65;1977;45;0
5010;42;1950;72;0
5012;27;1972;50;0
5013;1;1980;42;1
5016;1;1946;76;0
5028;28;1976;46;1
5030;1;1980;42;1
5046;1;1937;85;1
5050;62;1951;71;1
5056;67;1957;65;0
5067;21;1975;47;0
5072;1;1981;41;0
5081;1;1961;61;0
5093;55;1949;73;0
5107;50;1947;75;0
5108;50;1944;78;1
5111;50;1959;62;1
5117;52;1975;47;1
5126;43;1965;57;1
5127;33;1975;47;0
5128;70;1963;58;1
5132;51;1967;55;1
5133;66;1959;63;0
5134;58;1967;55;0
5137;5;1979;43;1
5138;45;1974;48;0
5141;54;1953;69;0
5143;77;1973;49;1
5144;77;1966;56;0
5145;26;1950;72;0
5149;15;1962;59;1
5152;43;1975;47;0
5159;39;1964;58;1
5163;43;1957;65;0
5164;9;1971;51;1
5171;64;1956;66;0
5175;63;1949;73;0
5180;1;1943;78;1
5189;74;1961;61;0
5200;33;1960;62;0
5201;33;1954;68;1
5203;61;1945;77;0
5204;47;1963;59;1
5212;72;1946;76;0
5213;1;1980;42;1
5214;47;1976;46;1
5215;47;1973;49;0
5217;74;1940;82;0
5223;2;1977;45;0
5224;29;1949;73;1
5232;74;1948;74;0
5233;66;1967;55;1
5236;25;1978;44;1
5237;1;1977;45;1
5240;74;1940;82;1
5241;63;1978;44;1
5243;2;1970;52;1
5245;38;1942;80;0
5246;70;1982;40;1
5247;47;1943;79;1
5249;5;1971;51;0
5253;69;1946;76;0
5254;69;1948;74;1
5263;1;1962;60;0
5273;39;1959;63;1
5275;28;1950;72;1
5277;44;1968;54;0
5281;73;1941;80;1
5283;17;1982;40;1
5284;51;1971;51;0
5287;77;1971;51;1
5308;41;1974;48;0
5312;71;1947;75;1
5313;71;1947;75;0
5318;74;1968;54;1
5319;74;1964;58;0
5320;17;1951;71;0
5321;17;1950;72;1
5322;73;1956;66;0
5323;14;1976;46;0
5325;66;1970;52;0
5326;66;1967;55;1
5333;39;1967;55;0
5334;48;1935;86;1
5337;1;1961;61;1
5338;1;1966;56;0
5347;41;1949;73;1
5352;40;1976;46;0
5353;48;1967;55;0
5354;30;1967;55;0
5358;54;1942;80;1
5362;47;1939;83;1
5364;62;1964;58;1
5365;62;1971;51;0
5366;60;1971;51;0
5367;60;1979;43;1
5374;63;1947;75;1
5376;14;1970;52;1
5379;60;1978;44;1
5384;73;1935;87;1
5385;67;1974;48;1
5389;17;1968;54;1
5392;16;1955;67;0
5393;4;1955;67;1
5395;45;1962;60;1
5397;72;1969;53;0
5398;72;1967;55;1
5399;24;1972;49;0
5402;30;1968;54;0
5404;58;1976;46;0
5409;15;1948;74;1
5413;33;1946;76;1
5420;61;1935;87;1
5433;50;1975;47;1
5441;18;1957;65;1
5445;69;1952;70;1
5450;8;1940;82;1
5460;63;1961;61;1
5461;9;1968;54;0
5462;9;1963;59;1
5468;68;1944;78;0
5469;63;1979;43;0
5472;53;1956;66;1
5473;70;1968;54;0
5478;33;1945;77;1
5487;56;1947;75;0
5517;57;1964;58;1
5521;9;1973;49;0
5526;27;1947;75;1
5527;27;1941;81;0
5530;12;1953;69;1
5531;4;1979;43;1
5539;74;1935;87;1
5563;1;1976;46;1
5565;3;1966;55;0
5574;9;1970;52;0
5579;77;1951;71;1
5580;77;1952;70;0
5606;4;1980;42;1
5617;56;1958;64;0
5618;63;1953;69;0
5642;70;1957;65;0
5684;8;1955;67;0
5699;73;1950;72;1
5701;2;1959;63;0
5704;66;1975;47;0
5722;64;1959;63;0
5727;54;1953;69;1
5736;1;1953;69;1
5753;39;1948;74;1
5760;66;1948;74;1
5761;66;1941;81;0
5774;46;1960;62;0
5775;46;1955;67;1
5788;72;1962;60;1
5801;26;1979;42;0
5826;15;1968;54;1
5827;15;1975;47;0
5858;52;1952;70;1
5859;52;1945;77;0
5860;47;1964;58;1
5866;67;1978;44;0
5873;5;1979;43;0
5911;14;1935;87;1
5928;42;1970;52;0
5965;50;1951;71;1
5977;43;1979;43;1
5978;33;1944;78;0
6001;60;1937;85;1
6015;54;1973;49;1
6033;1;1966;56;1
6034;20;1939;83;1
6039;1;1958;64;0
6040;1;1963;59;1
6042;53;1963;59;1
6052;40;1949;73;1
6067;70;1950;72;0
6077;54;1980;42;0
6112;43;1958;63;0
6114;66;1940;82;0
6115;13;1953;68;0
6122;6;1968;54;0
6144;54;1956;65;0
6175;72;1964;58;1
6178;1;1940;82;0
6183;1;1963;59;1
6185;58;1948;74;0
6186;58;1952;70;1
6191;74;1952;69;1
6196;68;1943;79;1
6235;5;1940;82;1
6255;54;1946;76;0
6256;54;1941;81;1
6257;75;1942;80;0
6272;1;1942;80;1
6275;13;1956;65;1
6299;1;1936;86;1
6301;55;1949;73;0
6317;77;1957;65;0
6318;77;1950;72;1
6342;8;1954;68;1
6349;72;1972;50;1
6359;64;1976;46;1
6363;4;1973;49;0
6366;49;1966;56;1
6367;44;1970;52;1
6383;15;1970;52;1
6391;34;1952;70;1
6408;47;1956;66;1
6417;40;1950;72;1
6422;28;1960;62;1
6452;64;1942;80;1
6468;70;1944;78;1
6469;4;1953;69;1
6473;76;1940;82;0
6474;76;1934;88;1
6478;3;1951;71;1
6481;1;1958;63;0
6485;48;1962;60;0
6499;44;1963;59;1
6501;1;1970;52;1
6511;47;1953;69;1
6544;66;1974;48;1
6545;66;1978;44;0
6546;1;1963;59;0
6551;24;1948;74;0
6552;71;1955;67;1
6567;5;1978;44;0
6571;72;1971;51;0
6604;72;1948;74;1
6610;57;1954;68;1
6616;1;1953;69;1
6619;43;1943;78;0
6644;1;1959;63;0
6691;43;1942;80;1
6698;43;1952;70;0
6729;15;1957;64;1
6731;13;1943;79;1
6749;9;1943;79;0
6750;9;1946;76;1
6753;15;1962;60;1
6764;19;1944;78;1
6789;57;1979;43;1
6798;61;1948;74;0
6803;5;1980;41;0
6804;5;1981;41;1
6827;59;1969;53;1
6829;10;1963;58;0
6844;53;1971;51;0
6886;66;1942;80;0
6892;1;1951;71;0
6893;1;1944;78;1
6895;42;1971;51;1
6906;64;1949;73;1
6922;14;1939;83;0
6924;17;1967;55;1
6936;52;1959;63;0
6944;43;1970;52;1
6946;74;1970;52;0
6967;44;1953;68;1
6978;38;1965;57;1
6987;1;1968;54;1
7010;70;1967;55;1
7011;70;1961;61;0
7043;77;1940;82;1
7065;5;1971;51;0
7100;30;1961;61;0
7102;75;1967;55;0
7112;76;1961;61;1
7127;3;1957;65;1
7150;45;1963;59;0
7166;15;1964;58;1
7186;27;1944;78;0
7195;50;1962;60;1
7234;28;1965;57;1
7241;57;1957;65;0
7286;47;1970;52;0
7291;77;1940;82;0
7299;1;1938;84;1
7311;56;1949;73;1
7324;1;1963;59;0
7325;24;1975;47;1
7327;49;1959;63;1
7339;19;1974;48;0
7348;6;1977;45;0
7366;29;1973;49;0
7390;1;1937;85;1
7411;54;1963;59;0
7412;54;1955;67;1
7422;74;1958;64;1
7423;74;1964;58;0
7434;34;1942;80;0
7435;67;1957;65;0
7521;74;1960;62;0
7567;5;1937;85;1
7576;38;1962;60;1
7586;56;1973;49;0
7594;64;1949;73;0
7614;64;1977;45;1
7632;1;1948;74;1
7672;26;1953;69;1
7678;3;1962;60;1
7683;12;1946;76;1
7723;48;1966;56;0
7724;48;1968;54;1
7727;31;1958;64;0
7753;70;1978;44;0
7765;1;1958;64;0
7772;1;1976;45;0
7787;34;1951;71;1
7796;50;1975;47;0
7797;50;1970;52;1
7800;16;1957;65;0
7814;61;1976;46;0
7815;4;1946;76;0
7843;6;1966;56;1
7855;7;1964;58;0
7862;74;1965;57;1
7863;72;1959;63;1
7864;34;1935;87;1
7914;38;1966;56;0
7959;1;1978;44;0
7970;74;1967;55;1
7980;16;1976;46;1
8013;43;1942;80;1
8030;1;1967;55;1
8064;54;1966;56;0
8074;61;1958;64;1
8076;16;1950;72;0
8089;35;1965;57;1
8091;5;1971;51;1
8096;38;1979;43;0
8105;72;1963;59;1
8130;62;1976;46;0
8200;1;1944;78;0
8217;69;1978;44;1
8276;43;1979;43;0
8287;14;1936;86;1
8295;15;1951;71;0
8327;48;1945;77;0
8333;60;1966;56;1
8342;76;1979;43;1
8356;3;1969;53;1
8359;74;1979;43;1
8362;74;1975;47;0
8366;41;1960;62;0
8392;36;1966;56;0
8393;36;1966;56;1
8432;38;1968;54;0
8433;38;1961;61;1
8463;75;1947;75;1
8489;75;1952;69;0
8502;51;1943;79;1
8506;69;1979;42;0
8510;55;1947;75;1
8548;57;1945;77;0
8568;1;1971;51;0
8571;54;1935;87;1
8598;46;1957;64;0
8610;55;1948;74;0
8611;55;1948;74;1
8615;12;1939;83;0
8636;71;1941;81;0
8661;1;1954;68;0
8666;7;1971;51;0
8667;77;1967;55;0
8670;5;1943;79;0
8677;49;1955;67;1
8678;49;1962;60;0
8692;71;1953;69;0
8726;10;1953;69;1
8737;17;1948;74;0
8738;17;1948;74;1
8764;70;1940;82;0
8777;11;1953;69;0
9173;1;1945;77;1
9174;1;1940;82;0
9196;21;1939;83;0
9202;68;1962;60;1
9217;19;1940;82;0
9226;64;1939;82;0
9231;29;1972;50;0
9236;31;1956;66;0
9250;1;1963;59;1
9273;39;1955;67;0
9274;39;1958;64;1
9276;4;1946;76;1
9313;9;1960;62;0
9316;63;1958;64;0
9340;54;1967;55;1
9346;43;1972;49;1
9362;56;1973;49;0
9366;72;1975;47;1
9370;59;1975;46;1
9403;16;1974;48;1
9417;21;1949;73;1
9418;1;1950;72;1
9419;1;1950;72;0
9427;62;1970;52;0
9428;62;1965;57;1
9433;72;1945;77;0
9450;68;1943;79;0
9451;68;1942;80;1
9456;40;1941;81;0
9457;46;1978;44;1
9458;46;1973;49;0
9505;1;1958;64;1
9546;50;1955;67;0
9555;13;1947;75;0
9569;19;1950;72;0
9582;2;1942;80;0
9593;74;1968;54;0
9606;52;1949;73;1
9611;23;1958;64;1
9616;74;1962;60;1
9641;64;1945;77;1
9642;64;1937;85;0
9663;19;1945;77;1
9664;19;1944;78;0
9670;38;1948;74;1
9675;60;1970;52;0
9680;36;1977;45;1
9702;33;1951;71;0
9715;35;1977;45;0
9717;52;1952;70;0
9718;52;1959;63;1
9721;34;1954;68;1
9755;23;1951;71;0
9760;27;1969;53;1
9775;70;1960;62;1
9776;70;1961;61;0
9798;69;1950;72;0
9820;59;1968;54;0
9833;51;1964;58;1
9834;51;1960;62;0
9844;55;1945;77;1
9845;55;1943;79;0
9846;54;1967;55;0
9872;9;1967;55;0
9880;10;1970;51;0
9914;36;1942;80;1
9915;27;1967;55;1
9929;47;1967;55;0
9930;9;1972;50;1
9933;74;1941;81;1
9945;31;1968;54;0
9946;31;1960;62;1
9973;24;1945;77;0
9987;73;1950;72;0
9995;54;1958;64;1
9997;67;1962;60;1
10023;59;1973;49;0
10040;37;1968;54;0
10041;37;1968;54;1
10043;45;1965;57;1
10046;5;1946;76;0
10066;64;1963;59;0
10070;9;1974;48;1
10075;48;1964;58;1
10076;26;1969;52;0
10077;26;1973;49;1
10090;29;1980;42;0
10095;1;1976;46;0
10096;1;1978;44;1
10145;4;1965;57;0
10159;50;1938;84;1
10198;31;1976;46;1
10199;31;1979;43;0
10200;13;1980;42;0
10201;13;1985;37;1
10209;59;1975;47;1
10269;70;1940;82;0
10273;51;1958;64;0
10274;51;1956;66;1
10275;77;1970;52;0
10276;77;1976;46;1
10282;1;1979;43;1
10287;48;1962;60;0
10288;48;1959;63;1
10303;64;1962;60;1
10350;29;1961;61;0
10351;29;1958;64;1
10355;14;1976;46;0
10382;20;1965;57;0
10389;20;1943;79;0
10459;17;1964;58;0
10475;51;1948;74;0
10476;51;1950;72;1
10479;2;1955;67;0
10492;70;1937;85;1
10510;23;1945;77;0
10511;23;1950;72;1
10517;54;1980;42;0
10528;47;1952;70;0
10543;14;1945;77;0
10555;1;1935;87;1
10563;68;1949;73;1
10564;68;1954;68;0
10566;74;1942;80;0
10636;64;1971;51;1
10639;2;1954;68;1
10654;46;1962;60;0
10662;60;1949;73;0
10702;17;1938;84;1
10703;17;1943;79;0
10714;66;1946;76;0
10746;53;1971;51;1
10777;70;1980;42;0
10778;70;1976;46;1
10798;1;1980;42;0
10813;1;1979;43;0
10818;64;1972;50;1
10828;1;1957;65;0
10912;15;1963;59;1
10960;28;1942;80;1
10963;1;1944;78;1
10987;62;1961;61;0
10988;62;1964;58;1
10997;1;1972;50;0
10998;1;1967;54;1
11004;63;1947;75;1
11008;51;1969;53;0
11034;1;1972;50;1
11050;70;1957;65;0
11063;64;1955;67;0
11064;64;1953;69;1
11083;61;1953;69;1
11093;40;1959;63;1
11105;70;1957;65;0
11114;1;1952;70;1
11121;72;1971;51;0
11122;72;1979;43;1
11123;47;1948;74;1
11126;1;1965;57;0
11130;1;1961;61;0
11131;1;1957;65;1
11136;3;1944;78;0
11147;5;1972;50;0
11149;43;1965;57;1
11195;58;1953;69;1
11208;10;1957;65;0
11250;26;1946;76;0
11252;32;1965;57;0
11266;9;1938;84;1
11267;9;1936;86;0
11271;18;1937;85;1
11274;64;1969;53;1
11275;64;1963;59;0
11286;56;1940;82;0
11304;28;1960;62;0
11314;45;1936;86;1
11319;1;1942;80;0
11327;72;1947;75;1
11329;69;1961;61;0
11331;70;1944;78;0
11337;29;1969;53;1
11359;11;1972;50;1
11360;11;1972;50;0
11362;51;1966;56;0
11371;37;1941;81;0
11372;11;1961;61;1
11379;74;1952;70;1
11380;74;1951;71;0
11381;57;1979;43;0
11405;68;1964;58;0
11406;68;1970;52;1
11409;32;1980;42;0
11461;70;1974;48;1
11491;36;1958;64;0
11497;11;1959;63;0
11516;59;1938;84;1
11517;59;1940;82;0
11545;1;1966;56;0
11574;1;1944;78;0
11596;70;1940;82;0
11598;54;1977;45;0
11609;59;1957;65;1
11637;73;1951;71;1
11638;73;1954;68;0
11662;76;1972;50;1
11676;5;1943;79;0
11683;7;1980;42;1
11685;64;1965;57;0
11686;21;1948;74;0
11687;21;1945;77;1
11701;9;1949;73;1
11709;1;1961;61;1
11710;1;1967;55;0
11713;59;1951;71;0
11714;59;1945;77;1
11732;19;1957;65;0
11754;62;1966;56;1
11755;4;1945;77;0
11768;1;1971;51;0
11794;31;1970;52;0
11795;31;1977;45;1
11804;74;1944;78;1
11851;65;1970;52;1
11855;11;1957;65;1
11857;70;1952;70;1
11860;70;1925;97;0
11866;1;1937;85;1
11867;1;1934;88;0
11873;38;1963;59;0
11874;1;1969;53;1
11875;1;1967;55;0
11886;61;1941;81;0
11906;76;1944;78;1
11907;76;1945;77;0
11911;8;1939;83;1
11943;1;1961;61;1
11947;70;1964;58;1
11976;54;1939;83;0
11977;54;1944;78;1
11978;54;1971;51;1
11979;54;1977;44;0
12003;74;1976;46;1
12050;52;1943;79;1
12051;52;1936;86;0
12079;64;1972;50;0
12092;68;1977;45;1
12095;47;1939;83;1
12102;21;1968;54;0
12133;27;1964;58;0
12144;2;1980;42;1
12145;2;1982;40;0
12163;1;1954;68;1
12181;1;1961;61;1
12220;60;1971;51;0
12221;60;1971;51;1
12303;24;1974;48;0
12308;64;1978;44;1
12324;8;1978;44;1
12325;8;1964;58;1
12328;1;1944;78;0
12344;26;1940;82;0
12358;17;1943;79;1
12359;17;1935;87;0
12376;4;1959;63;1
12378;76;1946;76;0
12382;1;1955;67;1
12383;1;1963;59;0
12396;62;1970;52;0
12397;62;1973;49;1
12416;1;1973;49;1
12417;1;1974;48;0
12432;55;1965;57;1
12464;39;1959;62;1
12468;22;1969;53;1
12485;34;1965;57;0
12490;34;1980;42;1
12547;70;1963;59;0
12561;38;1966;56;1
12568;44;1956;66;0
12577;62;1950;72;0
12586;27;1947;75;1
12599;44;1956;66;1
12616;27;1965;57;0
12625;54;1958;64;1
12643;69;1962;60;0
12662;14;1953;69;1
12695;68;1979;43;1
12726;8;1945;77;0
12729;36;1968;54;1
12730;36;1964;58;0
12738;23;1960;62;0
12739;23;1958;64;1
12750;21;1940;82;0
12754;55;1960;62;1
12755;55;1959;63;0
12756;22;1949;73;0
12802;1;1969;53;1
12810;39;1964;58;1
12840;60;1939;83;1
12843;66;1953;69;1
12844;45;1946;76;1
12850;72;1955;67;1
12851;72;1957;65;0
12859;1;1976;46;0
12890;70;1958;64;0
12908;12;1941;81;1
12943;55;1970;52;1
12986;40;1973;49;0
12991;51;1947;75;1
13044;52;1976;46;1
13051;55;1965;57;1
13071;41;1956;66;1
13089;16;1979;43;0
13090;2;1980;42;0
13095;76;1950;72;1
13098;1;1978;43;0
13102;8;1949;73;1
13113;11;1976;46;1
13123;56;1978;44;0
13134;1;1962;60;0
13151;73;1958;63;1
13171;19;1950;72;0
13172;36;1938;84;1
13190;71;1956;66;1
13201;31;1937;85;1
13231;1;1959;63;1
13246;46;1942;80;0
13260;72;1977;45;0
13261;75;1944;78;1
13262;75;1938;84;0
13276;76;1977;45;1
13285;34;1935;86;1
13290;16;1941;81;1
13291;16;1940;82;0
13346;50;1956;66;1
13380;65;1942;80;1
13404;48;1966;56;1
13405;32;1958;64;1
13406;42;1978;44;0
13412;1;1954;68;1
13417;25;1951;71;0
13447;13;1970;52;0
13448;13;1968;54;1
13451;44;1955;67;0
13468;25;1960;62;1
13469;25;1955;67;0
13480;16;1953;69;1
13490;18;1969;53;0
13539;63;1978;44;1
13548;1;1976;46;1
13556;32;1958;64;1
13576;72;1974;48;1
13588;46;1974;48;1
13590;59;1977;45;1
13603;46;1941;81;1
13608;37;1963;59;0
13620;16;1970;52;1
13640;28;1955;67;0
13657;59;1963;59;0
13658;59;1957;65;1
13673;39;1971;51;1
13687;75;1959;63;1
13690;70;1963;59;1
13694;1;1976;46;0
13750;12;1980;42;0
13751;12;1979;43;1
13803;1;1947;75;1
13820;33;1948;74;0
13845;15;1973;49;1
13852;5;1972;50;1
13886;44;1954;68;0
13912;50;1975;47;1
13915;77;1974;48;1
13921;62;1970;51;0
13923;7;1979;43;0
13924;54;1952;70;0
13931;8;1942;80;1
13955;1;1945;77;0
13956;1;1943;79;1
13968;61;1968;54;1
13971;67;1962;60;0
13998;74;1953;69;0
